E19FE1260E7FEB3C1CF402C22383F8D00C1116B61A9620C5145D167A11391D1B
ED550B84239EF290DE0E1CEDDADF1E761E8CCD2715F43188E5DC0AB787310436
0357211FFF490C3216C63CA1DFC204211CEAF4CAE0E0F6AE05782E9D0E5AC527
03251D8C372ADF802C802817D0B40FDDE0FE0AD5F29B17840EF51BA0E666D774
1BCEF43EE25D2301D954275ECE4037060D6B32CD07D6DDBCF504077F91090D89
44E42187D9E62506EE022E54C63F208C1657EA46F2F9F7FCF4E92101BDAFB562
394E25A0309CE9E72ACC1E96C22D2685ED64FEC80916FC312C1CE880B82FD0A6
0B5EEEA6F8930AEC1304F10BE78B1BA0FACC2657357DEBF8E558FA2ED0B70D7E
33641057CB3119D8FCCB0310DEEB1022EF5D0F1A074507B5F13BC7CCCE9132DE
112F027AFF6E08252DD5F89BDB81070AD057E3880CC3E9C1F2330310A2DC2E39
D8D41D0307EFEDAAF5F4F806E0B2E75E23A1FA730505FCEDF1F527EAEDBDF812
F9702D83E658FDB0D2E73621F6D60AEC291D0200E2CAD0D40098EE6FD0CEF207
087D21163C7CDF770B8B216D063500FAEE01FB44E87AE4352AA11FD3EF9E10E0
0AE018B0C6C315B6D6070015E7A51592303DF52121CE0FCDEF60EF6DCC72E085
2D8B3BDED4652920FBE018392D25F465202FFD8CE8A0A9540A5EFD96FBB4D2E6
2A60280AF963021B04A00239F05A0B0DF7CC0389007EA77D2071066D19E5E6D4
0357FA4EEE2E11D7E59701CDF53BE1D0EADFF9C3409CCAB50285E281C4832521
0EB22524E6CB286EF295050CFF14FA97E58B27212CCDE9A208D2FA7F29803899
0BA21F5EF9ED02730DBEE6173EEC08EBCF2308A10282E6E64F850CA0E6DD343C
D5D711153265FC85E5AFF7EC0335F3A2211DAE3DDAED18C9E07EE17E093232BC
F78C28D0F99B09C0020524B7CDB2F96D2885BA7ACBE4FBFADD5DB545022AE31D
027724B13710EEB914FCEE8730F0FD46FE66EAF4EE2AFC60FC51CD1EF0C4FED0
F9341120E9442E70F34BE53BDD94154833ADCEF82A20255BCBB1F5BD3DA1D288
1F9C4010FAEB35EAE150E841F1D2ECC920D6D2FEEF47F0DBFB7EE87D2D75CB89
329E23C11E38029B0FBEF4E2ECBF2DD5F4E1B146D65C0E121E0DC46024A707A4
14AFEE6124262214E983F85A0B36F67DF0CCE06F07DCE52EE9E90452CAD10EFB
14A512C4F5543D782A7CDA670351EB91F5A2F3C4051CE8D90043DFAD3D290197
00691C130E681DFD1639DB9B13B30D6ECD58BA27EE6605F5331CF65AC0B04F02
CDD2FE4A051BE259001E0DD1FD430C5B0D430ABD0411FA6708E2F7971B2D09FA
07F916AE1028138102540E250191FCF1EAC3FE0DFDF4FE4BFFFBFCE10474EE69
041108CBF86C322EFC64FE3D044E0860F63B00E7FF54FEC2FFA5F35E07E6FBB1
FFBAFA0606741491FED5F86F0D61FBFA056404F40407FF63045E03D903580162
050BFBA302450FE1111DFDF902FBFF0DF722F68AF0AEFD18ECFDF61012431383
FB8EFDD5159EFFA81A21FB71FDC908FF052DE53BFA9503A2EC090DB5100DE88C
0706FDA30054D99714B815FC00FC0712EBD914BC01470596F8FE0FD70F2FF2F7
05D3FD7C0BBD09B4F30301A90E46009A0359FF61FD1F1BF51854F8A3083DFDC8
FAE9F96DED930188FA8802681C56F93BF441F55600B7FCA7188C09B81CDB01FE
F697FCFA071FFC50F7FEFB8B01C1011C01D20210EDB6FC4B08890249084DFB7F
FA12E1D80132F709055B12E60EA6F6CB0091F92DFD4AF96401C906B0F741EC1F
FF59F26104EBE46F01E0F6A5FFA2017F0E8B07F6028100F2020CFC24F5C2EEDE
0581E5C40070F67605D9F1D504B8114BFAC20212EF5902C7064C06A0F14FF234
F8DAF28B1008FE2AE69C09D8034CFF0A09FDEA4004F6FBDDF9DB0358F85BF515
15ABE7080AF3FD16F5910CADF51CFB38FC22E878FAA7FAA1F730FB82F3C00C6B
0A0BFC9A110DFE5FF33200E30202F5720DC5F90C1246048D0BF5F22EF551F5FD
E725F41527A3F6CD057CFD42F8361242F4E10B74FBE2FD94F1A100CF0314F5D7
0834F17E1B82F770F584F50FFF56101F1849F5760B420308FC80003BF740F268
0F0FFB8A19B8FBF7F9D3EFEB06A0F2EF0476F69000BC08DF00D1FDC902EA111C
FA90EC30023D0B19F34C16970F9DF9EC02D3138601DE0A190836FF2309960B6A
F515FAD5FCA3FF6900BF0E2A030DF6970C2BFEA8F6710025052605A9F1001B4D
050208060F3DF8FBFBAE2359065DFF2E1368083D04230071F3D4FC6F10BFF4BA
F4A4F471E698F4AB0916176005660181EDF8099AF8C508060B75FD0406EE0918
F811FF95F48BE66B119B0A1C08BA01E81F83107D01550CAC0BDE1411FF74FD9C
0A94F99CECAA0CF10AA90E0707C8079F0FDF0880F3A9027CFA2107AB0F5C06AA
ECDAF7E2E944F20F01350DC80D1B047A1A39009402CB0583FE0E01B4ED3D046A
0867F58F00140872FCC309240B0CFACD0AE60939FC0801A0030FF926DC232302
1772FD40FEA7213F00320513048BFE18FC7800F1F1220E15FB14FC5000BF1471
F9710C80EEF3F2BC02E2F15C105E0628E7CEE97005DD01FDFCB9F25C04D11F5E
FE92F85100CA14EE06CF045E0A8923BA0D2708E1F4B1FFCD043BF54EF01FEF1A
F2A7F6BA011712CDFA0BF76509380819FCE3080AF3C30CD5036B0935FBA10612
F53007000A99F25EF7C704CD0C08F6BD09F0F4E606F40478F205F671E728E97F
0DEDF98EFB3E0B43ED5EE90004270C88F54C0785F48207E80CDCE2EDE7F7F6AC
EE80F26FFF90F1160324FAFB021711590DF20B14ED20026D0439217F070B1A08
E54B047BF57C041B0ABDF5D2FAF904B7FCE3FFB4F569FC7EFC0EF50CF5750935
00660364F402FC57F99D0B8D0BC70949ECDA05DBF643131010D5FA43FF72FFEE
F514FC2405ABFB3A0535FA1A0B060872041BFFFCF288FB2B107C16C7FEA803EC
E8A7E686065C065BDA730342EC4FFF4A060EFFE00222FD01F81F029C139F01FE
FC99EE5FFBE1126CEEFCFD35F3DCE109129EF213F1FBE9ABF2FF14B406160B92
096BFBC303AC0086F7000D6DED6E098515BC0F8CF71FF70FE3F21C400941F04B
E269FBA1E9A2ECE1FF7B05B9F5F20E9C10F6F65B04020EF50D23087C200E0167
026FFC6700AEFB0404DF15F1054B07C50923EE07FDB3ED060462208A162EF3F8
042FF739F539C4EF01E5169FF1ED165DFC890A83F9E3FC30F6E319971437EA45
ECC6F9A6014602CBF59DFE90F62F0374FFBBFDD6F63709E319C404690CC9FFD2
17EFF1F8FED3F842F7F4110EFC8D0F9109B0F3A307AFEF7901570CD20D841422
182408C4F35DE8ACF079083202310A8E1BD1099602CAF940ED8D08E909F11011
0C280559F6DAEFBB00EBF974019F087107860B46FB980FCCFCD408EFFEF117E2
0F2C1E58FE41FD5603BF0CBBFD82EB7CF398FFBE08BCFE92F88E00F413730ECB
07151466FD250F4406ACFE9B13CE14610A390E6F01DEFD0DF13FEE73FDD4EF50
07C4F2120E8BF95210F2183AFF5511EE05B50EFBFBF40D55128EFF2606190D25
FFD4E9FD08730AEB13F81F1C004605780946F52DF374FCEBDF5D1213E3740292
FF4318BCED1AFE10FB7D1137EEDB0F92FE2D13F3F7E8FFFBF7A7F0F9FC0D0A8C
0AD9FCBF10A1F5B6082E0383F801F6190CBF05FF0364210A22CCF981059AFC5B
F73D043A03390CC2124D187611ECEF8108BE01D601020500191F083FF8830BC4
F1CA01EC0D7DFBA907F51BE2042911C2050D0AAA02E90697F85308530B3900DF
F303F9780E26F12303471542019BFAAE048501BE035500E50747064DE9591C0F
10DF12D320C1F033096F11FCFB82FC01139F1227F2F90D6BF09C0217E2151BE2
15CB027307D80AAE079A2A67F3F6FF950678025BECA4FDE8EDC5F5CDFC0E25BE
ED5AF6CF1B6DEBFA15E7162704F6FE8702D505F2E191004802AA028CEA0C038C
F41DF2B31CDD03C617910BADF03CF4E3107F133DF2C5E39ED4251774DA970B72
EE9002C01CDB170609EB1861ED67F514009A04CAE1460BEBE7410FD0E47D19AB
0A7EF83F07FB02C703001856F656F38E17930F87F2A30C3618740316EF79FA34
FC40F3EC0E9809CF12F91A1AF772FEE10C7205FCDF6D09B007400CA309CF207F
E5C8EEBA06BF0EE310700B8600C007A606060328DEF4037DFCB01169EDD20EE6
1EDBF4B7FF2911460973F856FF5E1052FDD60644F5E705D101840FB9FE410132
F79A06900175F4FB20270414FEFA0E53071A01D8FBE6FE04F91D15B0F3AC0E9C
FFDFF4D6F2F7F8870ED3FD44063C0400F85109F10F4603F7023614E003001EFD
084A0C9A071C0EADFD0818EE1127063007D0F405F4311883329C0EF3F939FA2E
FE46028B02B208431956FF2B1F030F83FFE50C85100412120E4B03970E67FDF3
0133FB8605F00FED0A82E8F9141C01141AE4F12110D0EED70B04D4270D4CFB7D
FA77FF130183001F00FEF87EFA6F0E74EC7EFF1BFE6004FE152B0DC30E2CF6BA
F4FFEFE40DCDF793FDA3F6E8F8321251EE0AF9212194070ACD08FF44F3880B50
1E0FF4FFEB6A10DB11BA007A094BE41BF686FE263744006FFE32E289028FEC2E
04D6014CF260F5A2F92BF512ED8FED030B0D0408122A03D811F7153AEF6BE558
03D90BC8ED19055CFFA2E93DFF0801C601DC01F0F490EC51037A02A3179B1BB0
F55D160E01BDEE5E059FFE0CF686013FFE6E05EA091DFF60F3D00E7E0A1D04DD
EB5200B2EAFE0494E527F853FF1900BC072C179E12BCF81C0684F530FF19FF1A
F784FBBBD6C70800F8B0F749FA89ED8307B91792FF48EAC407D7FC70E2BC0AA8
061D0778E62A0DB8E17CF7CAEB8C01281758165CF610F4C50B2DEF7C078DFE77
F0E4FA63E451F4D811C6F8A0F28BEB9E02A711801FA4EE79EFA902BA08B403C6
EE450B40F22907200708EF1CDCA2F01A116D0BBB0C34DCB8FFD0FADBFE00ED96
FDBD0670EABDE974041AEE5CEA281237FD090521085219C4EB12FDF2F99E0FFB
FA9CFF7819CD0F65FBF6FD2E0CAD15BDEC13032B0152FBF9FF0DFB84F6CDF63D
0AD2F7EF11E717B3EF89112E2AB604B0EBEAEA2FF95CF9AB00810119F96B1923
07AF044100C1053C012017A015341761EF1CF5490A3BF9FFFD7AFF67FEF8E6DF
E6E00A3426C91546084506381C2D14EDF7A3F53B038AFFC5F477F6980FAFF7E8
EBB7F8BF1F9604F0FA93274223B903E0FD6EDF0F0E720DBEFE8D04F6FBE1F85B
14AE0EBD1C9CE4E6FA8213E418A01FC6FDDEFCFD1247F169FBFB0D5A043F01FA
F567068218EC0D19FB4B01A82122225C0F6FF0F7F9310D850BC9047204A30020
0305FFA51AB0F8FAF9CF060319F21376037DE0A300BB087B161C084FFE37FE11
F52A11100F9AD9FFFC02FC1B07ED180DFB2EE754F70FFA46060F02A20B4AE64D
F7C6057E030EF29AFFF415C5F54504FF0948FB0E01F1F4FEFFDC0C2C0B89F136
0AD805B702A2EEAEFCE3FA13F0ED0295FD421694FF930330FD35048FF4F8E6CD
07E90EBE317F08CDF21B070F06C20BE413D107C0FAF60EDA001A090A06961513
048C0E7E018B038F14610283FD9DE6CB100F04470C2E03421D5015700D7CF71D
FD3E055DE66CF8D714F1FC8114B81DFCFAC71392ED7CF92904E4F1BF1561FF5A
0344FC8E027C281C0905016C0608025BF269F31EF3C204FEFF500476F0BD0349
0003FE9809DE066803F20149052F0835FF1D0D3CF8E1D81AFF81FEF1F13E1276
04E5F79A0CC8F08AF9C10B0CE8F60D6CF4A413E9070A12A5EFB4EE5FE373F6D3
0765FB510BE5194C12E5FEC30676FED011B203280689F473F4D4F0ADFA2EFCB1
FAAC154EF436F142FAF00103F634FCC70A5804500AB9FC5008FB003B01FAF3E8
128A02C1EFE7100AED7B048CF596FF8EF82A0FDEFCDA00C3058501AA0E6E2256
FD5309C3FC3E0D40F5B0FBEE040500E90FDF12210A2CFCABFE76082A0594FCCD
FC2C0F54E77EF086F5EDFCF8F960F8E413BE01E2039BFFCBEF4007A4099E08E7
180B06CFEF17FCF408D3F5E2F8640F7B12ED17EBFF1008AFFDF9F03201FF174F
0DA9F4F1F50AF02403F30B1EFFF6085A180F152617D706CAF4291F8217E20553
EFB5FE1A0648F8C0FD05F1F4FAAC084A047F03CB098810F7FCC6018006871B83
0DECF864E9B4FE93F6BB05DD0520ED9BFCE4084400CB132A18C6FFB70B1A0931
F862FE09FA560610F68B000413800CF10FE010D8FBE8FB8402BE16381A56114F
EF350D051804007403B8E8AC043E1343053AF5600E4AFAECF2840C640C6DDAE7
139823020A6CED000482FC09F2120C0C132703760FB00BCBF792F864FFCFF692
138709E5FEC3063902E4F2BE136E0ACF019CE3DAFFA3ED10FC13F3FD094F06CC
DFD2017CF7FF1461E040FD920614FF960625018004ACF089E9C10677FFAFEAB1
0B4CE3D810FD0900DC17FCBEEBEAF4AEEA440D3A02111EBAFAFBF41FFB700279
F847092707B80778F4B8E79DF764F191F42FF2B50A7F09B8F3BEDF37EDFAF59A
FBFF03ADFA83F3B7018111DA0531053A03E3063B0522FD1F2110021915230C3F
FDEBFB99EBFCF8F90B4EFFE3F2C90BE1E84708580EAA06C805C91FB2109DE7F6
FE34FEC50B88FB43157D0921F61AF391F1700D8B275A07DEFA9C114406CAEE47
FA3DFAF6F4520DA5FC0EFDD301BB0CD3FABD03E800330C590525047B0629FBDC
FD70EB0BF2D31F04EC16EBC5076BF8D5121D040810ADFF0C011D09F9062D0400
EBE3F77FFC05FD0FF7F4F8F6F43504F2FB720EDA07FF02DF0A6D034A06A105A6
F72F0E27031FFF9708A5F0E5F7FF0007F04204270AF71014001501C11C760470
F4290BF705A3065407B2F602109C09B3F8EFFFC5141D0652FAF9F9741ECDFA0A
FF2E005B000FEFE014A2F8E3FD4B1160057B148809BEFFE8FB2D0F181ACBF1D0
F3D9F43805DC0194F35A02AB036FFAB90E0C02ED0183190DE6A802F60FCFF3BE
04E1027A0DDDF7EAE7DEF6F20435FF7D0370FDD0154D06FA0C0AF972FB9EF9A5
F24005F313EDED13F62509A8FA6F0B6EECBC0853ED9504120ECDFC74F8FEE9D2
E62D17A600DAFF6AFE8E1164F527FBB6FE8D0D3AFF4C041B16A60F38F852EB90
05EEFFF0EE0ADF14071BF54111201757FC9F0E21EB7006F1FFE4F5C812410144
067EF5140289F8100C0B0ABBFC2DE5B2EE26DF33124DF6A1043920E7F3C9055D
E37311BF0B79FB05EF05F7960AE6F5D7FA62F449F5F0FD27EB981A8601D9E44E
FD22037C0475E574FB6BE03E0E2AFA3FEC5506A8F119227D020FDA5B16FFF700
2A940D2BF83C237C124001AF15F9F5D502F5F32510C8FBF8150FECF5E80F0201
EC00F2AB10A6E337F6D2FD3417270F94E68AEAEB01FEDBE0E401179DFA11FEF0
245EE8001AB20F5EF8C2EE82E3220403D120F783F722020FFA17EA27F70200A8
0CB9F1180BF71D1B0C950E6C1841EF37EABDF5EA07E502BAF609E62C01CE004E
EF1A0BADEB70E2DC05B208B30930EC02FD760075EE2F080BFDAFFE790107E671
FCCF21E40662E93C0F6D02E303AD10C40C57067AECD7FF39FD7EFBF1F7F2EFB6
FB9EFC8F0BCF05C20AF301C10F8403E5FC7CF418F7D70DC6026F033100D1050E
FAD90428024DFD13E2C1EFC80DD5F922FC6D02A3FCF1EB4EFA380B58F720F7CA
0532EBC5EF671C7BDEE60B05E6BDFFB0049F015EED820814017FD7DDF651F8D6
0DE6FB37EE830CFCFE260343FB6BF447F9B8FD5506590E49FAD007C600D3E9DC
EF50EBBBDF8A0F54F9A2F7F0EF730E4CF7DC073EF78EF9F5180017AB010600CA
03680740E84BFBB308F3F623EDE2F824FFE804230F270B7812AAFA1804D0FF50
07020013FB3719BB113F16260D9EF72F01CC06381758F68C02AB144908D40CB9
0804F1F9F2870E3FFC29114AF471ED4CFF76F4221DC31360F1AEF59704C81518
0A3CFD67049606B901C50DFCF8CCFF7BFD9A05810980F7E6023600E2F6260377
FB74105706380DD7FB2BFBC5FF82FB4301511520FE98003208C90A13F78CFF38
0927FEB1FFB70929FBD90CB804E30AABFA08074204680EE407B705FAF9DFFD1A
0C14034D128FF79705251835F89A1102F6AE071EFEA6F3640528FFC4FF75F428
F6AC017CEEA5F4220EF8312AE66C1DA107DFFB5317750B030DB1FDC3024F19FC
0E1EFB920B8C00C20F1015AF03720B16ECF5FAD71A19F5F4039BF58C0373EED2
04FA02BE03A6FB7903850FE80128FD72F36100B90ABC0F2EDFAE0FC300330409
F955FC5EFA5506C5FC6408A81090E977FFBCF0A9061A074E0600175408680563
0529081B0735FE4A0C57FE7A045C0546F355F4E10D52E391FEE207AF08F2FAE4
07D5F731FD4205CEF3F3FAC9FD450665F586103FF7D31DC4DF1B05DF07C2EF98
F7E0083A04E70363FC47FA200C0FF9120327FDDEE5C81973E24CF917FE20F02A
0217FDA40933EC25FDBC04B3025200770066065CF75214B5EBA9F459FA76F184
FF4F104FFAA2E04BF651F81B0EFBF631F72F0AF1F2E8146BDB46F2DC0EE8FE4F
FD270F9602B4FE30F5180AD90D77FEACFAF3ECB0F1DF1743DBC6F8D50EB4F1A4
02AAFCCE153BEBD8E5930D63F9F7F5C5F9DBEA85FB1A17C7EDACF0C51556F125
F875FDF4029EF077EB3C09F5053CFC3500500278F4910726DEC2FDA11B5103B3
FFBEFC5505B9E6D3E3F7FEA70964FB9EF656F4F1F7161BF7E2DE031C0C51FCEC
FC4EF500FE5500CEF2380FCA11A9FC97FDE6F6D4F5B315A8F281ED6015B0F91C
03670BEEFEA601B2F8AA0AE70363FDB900D8F99C06DC0FC1F86704540257F9B0
F8830D21F488F80C02741496F644FCFB0AF00F4B051A150EFE94FA8BFB5405D9
03C4164A01EF0760FC0D12CEF089FD6BFE3FF1D4088AFB38FF480485FEDAFCC8
0B90F18E030EEE4A01890B1C0AB1FE85F84216290379F31104D1EEF5F43AFFE3
FA03D850E775119DFD0EE980027BEE9C05171C30EE9B0E4902EA0825183A0465
F9CB0F29FC45F97AF911F3DAF921F84606830D36EC4C080C075B063504BFF7DE
0EFCE98A09A1F9EB037205300A1FFC97F63703F7117E13AF05AEFD67F9E5FD6A
F8CDF0C8F52A0439052EEBE8031B07BF01161AB802F20D0805610A3400FD0428
016F04F9FD51F931029E004EFC840596F89E14EA091916F6F9EBF1700FD80982
15C60D9CFA32FD930CEE14C10216EB3EF27209C105CA0B4F0598FC4BE7A81711
F25505B1038EF7AB1343000D0F0AF55A17CE01E5F755F7BA1123F87F12B30B80
1B3E0C47F965FD0D16C6068AFEA8FDF8E9EBFB6E0341F478FA1EF789F5170ECD
1C3203160025056E0C3AFB4F02E002FCEE7D114FFE45E80F1C5B0407E82D15EA
ECF516041A9ADA71138016DFF463F8391370FBBA23AC0F120FF7EFF510B11F27
22D0FF63EBF6FE78F62E123105AE005CE702FD6C0966F817FAB4F53905210CED
06020C75FE30EB930B3401F2043B01AFFFB112D0FCA20BF021F3EB57F7360BB1
FC04ED04FF83F42208EEFCDF0718F34A0353FA0D176EF388FCA1FF1D0CAC130E
054504F3096003FBFE69FDE90374F97DF678005A025708660A4BFA230663FD30
E33405EAF1B3FE9CEBCC081E0C321726168508D2FA891ED9EDCB00EC23FADCC3
E8040FE6E3EA0D8AE77DFE6BEA1F0C05FC5304B1FFB728BDEF0C0D271F9A07EE
F67A1C1CED981B11E9C00775FE201652F19C013C015408BDEFA4FFA9FF01F38F
E22BFD81F7790924E3C6029D03E400D5063FFB47FFA90D5DE985009C1D03FC27
F65BEAE5E31B2558EC5EFA190363F05400E7F0FBED430914F624E90D27F90554
F24F0D4FF7AD18DFFBA3F9E00C3BFB820214FBB4E1D80A55FBC9FFCC071FCDCE
F43F0343F54D0848FF9801911971F35BFF85FE59F1FC0928E23E0C1B1A99F5E1
FA9401D8F7D90AA8F7D0E2DC0B7AEC3D0066F2D4F18515D4F7600AFD231BF925
FEA80328EFAD0038EA88F7FE0BC0FD7E00AC0DDCF79406F1F46A02270553F33B
03B3FDD70420F78B09CF1548FDFE0769123B034806960C11FF5CF812FB96FF7F
1239F263FA770AF708AE0007FF88EDE4F84D0CFC10861676FE4B07A6DF7C1302
F8250456FE60EE630E5500180025FB4311140F70EF69D9FA05EFF82E08230589
07A1EDEA144106A5FBBF02F9FCCD03C9097B0F1C0714ED46FDB4049E0C13E438
11160264DF1416620A8705BEE6F9234B05AC010914D6FA151A5F156901AC1E08
023F12950C02FCF928460449EBC4124D025102E12962E20DF23B000CE5E4FBBD
1350E4A60C5E02EC067906AB023DFDB4F920FE5C03B7FEF3E285122CF9FBF2E6
F759DE4904511B0DFC450323FAE4ECB6FFA5FF4A13F6F8891167F6FE0D730923
069B0893070CFB27112307510035F8E6F972FE1B07CEE012F820FAA203B9FAA8
E87B1704E7FFDD7706C6F66F08E1055F1B8FEE4C07F80D4E06E60AAF0A3B0517
0EC90353E8EAFBF203C3D0581034F1E5E5E0029DFF22FAC5F832FFBCFCD20419
EC400EFEEFA3E9ABF7DEE56AFF46FC7B0B4D0130FDD7098B1203FFE9F9BF00B0
F3ADE4D3F408D7980423FD840AD5F7110890FF27019513FC0135FC0C009BFD9C
FF93F463FAB5E8B502B8F2B2FE5B0DD6F0AE03400223FECB0362FF120F920626
F56203D8F142EE36FAECF383FC3708AEED871B83177806170236031C030B04A0
F496F90A0057ECBF02BCF6050BA5FB1A06A1ED2A06AF0FA4FB3F0C34F801FBCA
E9DADAB3F0C2EB7FFA3901AB0B47F370FDF40834FB8F0F90FBC1069202490F6E
0ABB06D4F7A3F77EF1F415A40B94FBEBE89D05AAFE960871FB74F720F062FCF8
ECC3060B0EE1020BF68F02A9F26B2069067CF527079B254AF3EBFFB6212BF69E
1B4FEC43FBA30172F5ED18E5F0241DC0EE4AF0EA1D03FD0DF72FF17807DF1898
EFEC0C10F79F0E96F5000022F5FF11B912CF056B0C0AE455FAF000E305FE005D
E78EECFC0733033E0402110BFBFB02BA1A7BECB3FCC3F2FDE7DF01C907250E7A
301E0C3D28903BC0DD9EE8E71E0FD276C862F1CFEE9619ADF1281ED5E05010C8
E1211B0A021E01AD09FEF6CF1650EF13232A09ED09B9E14F0A1B09E4F72BFDD0
F6E9F00300ACF322013112FBFD890D020D29FA660B0B108619BE027903740549
204916A604D7030601350E2203981FD3E77906AEF7450687171BFAADEE0902DC
FC5109DAF76CF6AC20C20500E81F12981492118C0579F40103B9FFA0EBDF079D
089DFE35040B0889F42003200EBCF32C0338EB34F7E6F4BBF50E0E1311160AE6
E935F86D01A5F3A1FE3D1A1DFF56FCC90060E6460917E63DF45A0BB9012AF798
0345F1FE0148027B0D7FF214FCE8F50BFB340FECFD5AD82D0D6004F308F50C42
0A1F1208FB971A5709AD0590014FFE28FB3201D0F1BEF3CFF2560CAC0B61FFA1
0688F6F814D6FC18FEACF5590ADB0007FB350AF00CD0F6DC007D12F4F574F86D
F23F1198089DFE1FEC4EF2020A3404E509A71B9F096F03EEF1C4160BF80810FA
013CFF170271056DFEA61386F9F0F5BEFF551300FC37168F0683EC29F8F4EBFD
EF59F8120910FDC104FAF0A0F5BD0E8AF6320D5A0824EF9613B5E87FFA9BF69F
FACBF65AF6801090F763142308FC04C60C7605630867D791EB82FE60FA780E1F
07C103DA08F2DC34083706F8051D082BFF43EA8B00091A9EFDD7FF1A0ED8E0B4
F50DF8680C3EEFF6FF6B113EF9FFFE6E033205A8025717D10416F4A40346E4C4
1226F919089BF7F512A6FD2AF4920E15EA970B2507671FE900D6EFA710DFF035
0D4BEC0A0B0DEA91FEB3015FF5F90BCDEDB1F448F55B224DFE59029412D0F6D7
F1A3EDF6FDFCF0AFFB41078BD7C50769FD6BE0AB044B13A7043ADD41170AFE82
0CF5F43FF692F05C02B20EC5FC270426E847EB52F5E72362F92BEA5F11E6FD38
07D8F8B107EBF027066E1C36FB82EEA2FA46EB7BFA45FA27FE0207EFFABAF686
FA18E08D13B2EED5FA9E054305A5DFAF008CE317102D1A950530F7EE1224FD59
0D9AF5690DC701D7FC4902580000E20DEC9DEE09EF6401AAF666F350116CF37B
F5630721F8EDFDEB02741976F7A60932043C0B3AFA9BFF5F08A1F60716B00EB3
0438071101C10B4BF6680972FC2A14CFEF0403E817E4FC7DF739FC1417340364
EC760603FBE10123FA8E1303FB5D035CFDDEEF8EFDF3D7FBF7A00AA200DB0A72
0824E3F3E6A107A9FFC106F9068CE940FD0D1614088FF4AB0261050F015A1981
0D62F120105013C10808D3451B01E1AD081E15470C6E0710059302A3EC65ED21
F816F543F3E80AA0F10FEB1E119B04980188062904FDCE9BFD8B01E60D961A55
FDDAEB16FE5BFA3A0F28FCB007B60EA302F20654F24CF67B2B4606B6021B0569
13FFF61C0A7BFAB4112CEE91FB671EAF025F19440E86F0A6F6430B43ED6BEB8C
F9DAED64EF7CFD8F1043EFA5006B0E990B9418FF01C1E739056F0BC7FC551118
0AEDFC8807CA0244064302FA0207FA0B0863FA730689110F0B8B020AF3ABFCEE
F0F01AAA04BC164BEFD0FB490EF5044E1F74F6C1EA451FB701D7028B0B07FE6A
0740049702AF0FBB019601C4FEBF034A0162FB450C97F467FE5E08BD052C0093
1A3BFFC1012A1197F5C1F559F7670EB0F398117901B1003C0CE5016DE635FF48
D566FF070EA8E832FE001B77EA7D08053051FC9204D404DE0EE4F56A1372151E
1EB907D7F8AF0E8EF55F1070F9C20AA4E336ECA8132409A8F52EE902185FFD75
0AA80A02FD630438F7ACFBA5072AFF0F01E5085109E5F80F0BFBFF7C05B0FCB1
F9A7F6EE05BE1326F99BF83E0435FE57194BF8640A6EF007F8D6070B03B602F1
02DD11C90C0A075CF49EEFCBFCCAF2C8FDB6F3A40604EECAF25601501380EE6F
026DFCF7FFF40B93F4FFF9BBF8D1FC51F9090A4E12F7FF5D050501DAE7CF023A
132B0CFA11F5F39D083CF64E04B4F164F68A0A5BDB8FF19CEFB2FB9EE480EB20
F624EA97059DFEF9FAA11DBA0F3FEFD1162108EA0274EE90FEF6057116B50638
FE631664FA99F194FE9DFC39FB7212CC0D38DF89F8F5FCCF007506570AE70613
16071B0D14B805C7031BF9F9073126EBE54704F9E5520568EEB826A4FA09F1E0
E900FA4212D80CC11D1FF45DEEF119EE0CC7F1822500D2B5FDC50ACBFD31129F
F1BD11D9F0F6E99CFBF6F833FEC6F1670584FEE0E865126803D7EA8D0D3A13DE
0FF3F7BEFE94F742E8E1FF04190715AEEFFC03B9F7F4099BFBB3E58E0160F8FE
0086FA8DF18702DC150D1CC907CFF29504CBFB94F7F008C2FB59E8A0FD3B0DC2
0AA6FF3D07B01977F3D41175F4F30A0AFE26110BFE9A0CCFFA2201DBF560F75E
EF660FECFC511D6DF5D5F884F30609951473F031023A039FFC690EFA10640AAC
08D504CAFFCA04C0FB1C0BAF00E4079AFC3301C80BAAF979FC750135FDAAF59A
184AFC9902A509FCFE3DFF4808D3F332F1E6152BFAAAF9A80759001EE9EE08B3
DD29037AFA8816C7051F20A1009BE9673149F39C03C303010F34EF74FF7014F5
18F708AA037204400AF30F320EA9F9E2F088E02AE321ED540147F0230F55F635
0962FCFAFAAE0390F62C0C8E038806D6FD320798F94012DE1F251B64FCF50807
FBED0FCAF0DFFA3A15A405DF041E020814BAF4D00B61056F15F91BDA0C850AD8
07FF0C250CF70CB8F72E01A7028AFF0FFE89E5D106E10A3505800F9F13B9F1DD
1096F0F20034FC5E0F4E117CFCADEDBFFF13049101E0FEF603C2FF5DF739F837
ED42FB3E1C36DEF110D41C431115F29E05E80745E915EE76FC68F4BF032BE018
0809F0CA0582F986067405FC081F0B89F98EED30EB0BE51508A6F2F10D25064E
0FB11476EBDD13A4F0DAF14805AFEF58E0E30B2AF66D071B121812D7EEFB1F9F
00E81DD61DEF0A58196BE63A089BF19611570EFDFD77E8B2E82DFF9EEC8CE44A
DAC0F4AE0C2AFF82E9FAF36EEDC1E23E0CD20CF8195BE6F701C7FF5C1F32F2E1
FCFC14ADF4E6FC2C07C8F6F3069901B801BD01361704F5062B16FA4602B609F8
112412DF0E12E85F127201F1F0CE1930FAEBFAA2EE1BE624E6E80D9804C6EC35
02C7F319F2E5F6C112ECFC1FF9DB07B50D370391F74EC241F44004980CF60B00
0234FE26EE1AE7630382072CFD440D8B003CFDBEF8F213830911F80AE9131300
06E8F0330711FCCB064CFDE8109ADFEF01ED09330D6A193F05A6EFCFE5FBEE4D
F45D02E9F1030634EA5BF063FE7109C108540604F041E768F42E05ED0A65F4A3
FB0A0DC6EDEE101EFF8AF7B714CDF37DF3CA01BCFEBD0C6F09800E7B02BD095C
0287192E0D94FCCA0CF7E6E2162B050403EFFD0B069E0E1ADF2327A50312EA1A
F5150D9CF77B1653E9C5F62FEBD5109CF2E219DB176BEADEFCB5111D0996FEE3
01A106A502EC16C4EB6E135D098A0DFD0316FB6A15AD09461B2F00181169ECC1
FAB407BCFB5BF7FF02B51314FF3803A9066B0BA6F9E210E3F7C4EFDBF03B040A
F4CAF711099609B9E2FFE8B1F71E04A6FD500182EDF2E72C0B2A01E8F22BF7AB
01A3FCF0F6DC01CAFFEF0072F9F5180EFD9A1053FF1516DCE953FE811381FCB4
03CEF3F1FA4DF03A0C160C3405A2FBEEF783EB74F3B6F90A0698FB620BC3FF42
12500943FFA80243114E0782F892F3DCFED10EBBF5DE0269FE78F0A3057804C1
0549005AFF10F5D705AC07D0F3ACF9BF0C30199C03770CB9050A00BE098507F3
F41CFFAAF74E0CA00DEFFF5CF3ACF991005BF9C50346061FFA9BFD09FD6C014B
F42A04371FC2F57B0D6A0CC6FAED017DFA8F16C807AA0D361EA3FD3606CCFC05
0203E7E01063FF1C134DFBFEF9D0EFA7FEED03870D2C05C2FEEDFBFE12740654
0A4B07740D070588028E0C1A02E108170F5305E60DD0097BF09FFBC30255F54C
03B00D21137EDE3F04BBF9380681F9FCF5380150FF2B0320FBEAFBC1FD76FDC0
07C607061AB5F6DF103DF6B6F4C9F4E209AA0FCAFAECFF6C1324070E10BCF176
FE13FC34086DFD821628F8D70C0402B104AEFB240B8E0416F14BFAC2FB4BF9C7
F2E8F87BFC3C0D90F6ECFA8B0119F85BFC14DF81FA5006C1E633F0E0FC7CE4A9
F7CF0A3302C90006EF31FA7000F2FC98FABFF3F603BAFFEAFD2AFF21048AFD2E
F73CF5C400EAFA34FA29E63CFA88047208F1F3BF0265010EFEE4EFEF00F800D1
0A7100D1F5A409BEFD53FE36F9B4020D0374006CE68B1243FD7E075716500BF7
F4E5043A001C1020EF1BEB0C068508700103F511FA3B026B023B0B2B0391FB24
F161E7D4FDBB06AF0889F5F60BFAFA74ED95FD3E004BFF76FB60FD7E0CF5F88F
F8F6024E0F410CEB04A0F1C300E2030CFECF013BFEB4043DF6A3F3910D80FFCF
F892FCC2FAC2029905BBF54007E4FC78F391F362072903720550FD200716068F
F2A2EDCFFD5C0FB7FE24048BFF2DF79208B4F7CEF6D2FFC00B60FE13FC5A04F5
F0DFF093057D02770B34FCFC010EFAA6F3A70537FB5601D4F00CFA3DFF7006A4
F7A6FD3506F2033C09E8FFA0FD42FD2DF86E0016FCE2FF4506370AB1F60EFD31
F59F05D7F902FAC405F605B40A680212048804D603B2F5ED257903FA024DF296
EB94FFB80A4AFCF8F3772334FA00FBE2FA7D06CA1C5AFDB110A30824F8330A9E
FFD00AEB09E21406FF01054EFA8DFCDE0093F906FD60EC48F63CF804FCD4002C
FE3EF7C6091A0167079BFC54F839FD06F7A10742FD8C053E04C20E54F76204F3
FA4502D8FD7B026308F70CDA006EFB10F104F07FF5D6EA58FA6EF6B7FD6B096B
FC99074A036CFDAAFEA40229FB970056E9B4FB84FD28F3BF074DF607F590FBBB
F833129804E7F179031AFF5AFDBAF4FB0AD9F7AA05B9FD1AFE71FFB1FC980283
F4A9FE9107DFEA54FDE7FF3C08D0FBFFEEA1F59201A6070F0C37EA5B02A200DC
0966037D0402F8560CDE0088F9500062ECDFFCF2F6400B2BDB450060FD1CFA4E
F585FE88FCA2F8A7FB090797039CFC32F94DEA46FB3C083C006F12AB071B00B7
F7DF00B4F5D1F84F0A20F2A80F93F10A02540435E81F0835081EF7D3FE500CC4
026BFA10F78B00C008AF053EF2B6F66CEA06038607CC0047044807030171FCB2
FBF0E9FF020905FFF1910891008A025C01B7DC84064D13E20A43F6D1F9A10210
05C1F642FA200BA202E311320E1BF6460E480270FD89091B02D407130DC9031A
04C9FCEEF7CA089F0BF9F99801DD070EF543045B061005D008031772FA69FF5D
F609F65B00C2EAE908B40F8BF83000F70007057EF9B8FCB30D4DF9EB083700E7
0A5003B900DFF037F75AFE1703861B26F2D5FE060432012A1D20FC2003140003
065DF5E71548EAC9F5D3013E0064F7110C2113AC01F7F4320350029002D7005B
F61A07B9F65DEF3E0C740B91F93903B3F13EFF7C062BF670F479049908B10180
E244FF0A07E2F08A0DECE97E0EC1F81CE5AEF3E9054CF7A903F7FD1C09430781
00B0F1B1081DF281F0D22123F54FF0D3F90D0BB8E696FA251728F36D0108ECCA
F861FF5A084DE6F0FD5304CAF5360423FB9D07CAFC55F6E6F402ECECFAA10526
FEDAF45DFA18FF84112EF63700D0FC23F5C0F34107C3FACB092DEFD0094B03DA
F77011A8006CF6CB0CBE0399FD1808C2F1821144F6B60506084E14AAFFF3FE82
0A52FE82F97CF17E066EF766F7C6F17F05EF0149F611FBB9068DF47BF9D4FDCB
0AEE0C21E5ED0978E9F50E38FA01F8640367FC3A02A5EFB603E4EFBFF8E405BE
FF1BFFBCFF6DF74519A0FE46006CFBAAEC50FEB9FE8D02C2FEB9EE12FCBB0628
FEA9FFC603DCF7D7EFED05A91EE11682F39EF3520759F6EA00AE0633F92C003A
EDE5EE4C01FBE8D0E349061BFA51034EF015FFA4FC3EFD490375FEF7F8A503C2
F663FB71061208AD0047F696F6980A26F920FCDA0E1DF008F444F948FEA703A3
F9FBF4F2FE2E0A6B0507FD13EFA5FB42EEF5FBF3FC40FFD4FE69F6BDFC30FEF2
0035F7ADFEE9EF7103110730051FFFEF06F30518F9C2020001EA00451155107B
04F30158F6A0F3E80A69F14CFBF5FBD9026FF9BE01510F8D03FAF2DBFB8DFE1A
04A20560FF36EA5DEC68028C072EFBD4FBC8FE16FFC8080FF8F5E6F5FF420662
E047FADFFC35FBDEFDCD04CDF250FE70ED5D0E58F20D05B0FA9DF5B3FFCCF79B
FDD0FB60FA0CF976096C0099020D0A630B09F76EFE930F4D045F0926F062FB23
FA08F88D0320F7DB12CC05C2F20209E10E60FCC106DA095DFF4F01D3FA44F142
F94EF2CC1160F6180D5E00310B6C1D5CF645FFE40DC5F01D06A5F4E3F736FD9C
FAE4059AF9C6F19C0515F8B1FBE3021D04D804F409A70651FE14006AFF24F8AB
FAD5F916FA7201A009450720181FF873045AF251F8880D820055FBD1FE99FF0E
FE7D077FF026FE620F6F077DFD67FD54F70C02230261013D0552F90FFFF4F2C5
0509EF5604A9043E0161089400FB0B83E769FDC806D812CFF5A7018809CF0233
FBF6FF53F9E9F693EA14FD20F423F86513F7E554FE96FCE61602FA36F76703C9
FA2E05F6E59A069CEE420E77FC34F4D0F92F05721BB5EBD510A0F75503940F95
0507EDAAFEC7FD39FC52FDABF7DDFBF0F9580B210C60F062F2250479F05B05BC
FAEE0F5AE0380164E5F70240FD590B0D0754F44001E8F5BA082605AE013906BD
FFD4F79BEEEE05A9EED0042D00D6038506331A51DEABFEFDF8610F09FEE8FAB7
0332F4FFEE360EDEF165003EF4A60DA6FEB0F797FF42FF8BFD88F9F506A8FA96
027FF325F3301809FC92096D0032FAA6F32FF80BF734F8710100FE66FA4EFF94
08F40FC205F40EF709BE113D0081FDFBF7371A32FFDDFC74FCCEEAAB05150074
FC79FDB5FCE70A7FEBCF0FD501230312F4050FBC000BFD38FECF05FDFA5308B6
FECDF5B90C011381F712006607C00198100C035803C40A44FD11FBE6FE8F0707
0E85F732EE3C0957F6C5EB5902A4F57D058DFD970C100D9D0A10FD95107B03B8
FC020086056B051102B4FF7703C80502F6F0004E0316F6B1F4C2F36C0107043A
0A88E9CEFC90066EF988FC73F594F81D03AE00E9EF440624FBEA0948092FF9C2
04C008D70C06057003B00D18E6300885F2A7F941E7EA10960658EBC9031107C9
0005F60C07010AC701BDF5320909F740F087043A0A3B0856F4D1FB1DFF6FFB78
04ED134C0155125D0052FE66148402300483F2F906B3033E0701F431078FFC31
FAFF090CFD07FDC7FE4BF806078CFECCFB7B028706ED040708F1F081FE6AFE1B
0745F068F9A5F7D4FA52F9A906A800EFFA5EFF81F46F008DFDBF03C503E5FC23
1606FEB3FDC0FE660E84F4D803DD0432EF68F34FF86BF385052109B7F7C5FAEB
0B4FFDB903E307DFFE3AF13A035D028EF5F51307086303AB079608380117FC89
F9A102200408F3FE0E3FFC40FE0203E0F09D10600D43F9F5FD2906D3FC180296
0C4500140209FD4CFCF7FCB9FACA0F5EFCCDEEB006B108A0F6FB0421E5EDFBFB
14BDEA510CCD02E1002B1F7610C8037CF9EA07BCEC65FACE08ADFC6CF1E5FED3
106E06C6F9DBF863FB9BFCD00AAAFCCAF4BCF6290629FB78E45A0E91FCEA100B
00C309920AB3FA0D00C30213FAC9FDA7040FF0B40096F5E203FEFD60F5070006
01FFFE74F1C1E4900479EF54FDCDF38D02ECEE0904050616005E0171F136FCA0
0D4EF44000C1FF1804370035FED6FD88F92C0B4A057BF2D0FC2A0014FB01F7F0
0D290ED40BB6FE07064106D40A59F6DEF455F84B06B1E822F819FF7206E70054
FC37F54FFAD2F9BF1B8AFF24FB26017BEC0610BF00F6F4C5E709F947FD70FC3A
02120AE7F3B7031B094609BC0A88017AFD45046CFD75F251F4F30F3DFEEFFCDA
0A21FBEBFD06F3861579FE270F68FE61F258F4B0FD50F8CFFB11034AEEA1032D
04F20820FEFBE95A13FF0CFD07380050FD790E8DF720F8EB01560767F3ACFA85
099B077B025D010011FC02CB099AFFFDF295FB8303B4F330F946EBF607B2FE7A
04E9FD440032074F07FE027E047203A3F9D8022400E6F0680C95FC5DEACDF414
07E7F40BECBBE952016509400A9E0A8606A50776F7A10029FBA2F7AF0599F9D5
01CB01CEF33B010E2126032AFC3CFB750888F50BFE20F7DFEE42F0A60383FF81
F855FA950FDDFBCFFACB1191FCC6087CF76AE4DA0BE9F9DD0271146A01C200FD
1CF5FADF1209F1CD14DA064A0442EEA0E8A7FB4EFB18FC9606C103B1F8470BFE
0A32F63C062D00A80C1D0717F97C00480586029AFD770BD7E631EA12021105F9
F6E203D30930F2BC07D802E70545067B0226D68409F0F336FCF0002AFB440916
078DFDA7FA39F10B19A017E3EBE8F426FC6E0A9E00B3116030BAF95009A124C4
FBBDFE8812D6EE2AFF670386F812F8CC0607FC11FD0206A30510134403CFEE0E
0449FB6602D3ED8B0DAEF5E6ECB1027FFC3AED83FEC8FB15FA54F1F0F3C2FF0C
052202180247D8510F3E04BFF973FC37F5A413DA0673EDCDF4B5FB670ADC0A74
091D1067F96C02100D7C03430917FCE7F918FD3402430DFB06F60BAC031D05BF
F731043CFD740E9B1A2FFA260346FD35E9FDF602F1F60355F6BDE981F7800603
FA36EB3F051D1B020886FC0C074903A0019DFBCDE2ECFFBA0CC4EFB2EEBA010B
FA1D0CACFE9B0BA8F415FA68010EF68AF9B5FDD4FCA9FE200FFCFEE5F4DE001C
FA44032D0A35FFFE07ADF61C11C3F5D30DDBFF83082BEC1FFAB90364F6A9FEB8
EC8FF0C920E8F7FDFD8412E203810725F6E2FE9F12D6EA9A14B9F021F5A6F63B
08060396021CF4C0055AFDC906AD07691398FC48F9EEFFA6092BF9A1F896008B
054D0D4309E3FE81F7DBF3210AE0FD2505FAF609FD6FF75104B6F821F90205E1
FAC50D7C0F43FB90F2550F3305F3F01EFA0E0AD5EDFAE7B21787016CFB9EFFE1
F927022CFCD211F402B3F6AC0B9CFABCFE7CFCA3FD82039DEB140D70F677F7AA
0961024DFED9E836FA6FF78B08180558EF61F819F6B30ABA00100748FF0EF942
FD42FCB7F9EBE1D00640EBD6F974F897F424FBB00585FFD60FA9032BFDCDF4C9
FA1203E0FF1FF5690619003B005200B500B612BD059C05D805360AF7F3B6FD2C
0AA304CA01EFF29F07FFF120FBB2022911DBF05BF5080108F35DF099F1530350
05BDF758FF28F87AF5860BE6FFC8FBAFFBB303F3FB91EF51F03E0A02EA35FCCA
06D4F33702580169FAB11210092E072D090EFE15FBD6F32FFC080DC9EE340B0F
FBB802AD03CBFB2D0193F997045204D20A1D02150529FA8B061DFA5901DCF6A8
F187039400BD02000BF3F09800FEF878072EF898FCD8FAF70E81EFA4FEF20BD6
F1C1F6751100F6420723F5370307039A055C0065F79401C9F7090CEBE3E1F523
04DDEE8E017D08B6090FFAEAFAF6FD2502830D7CFCDEF93FFAE1FFA805A6057E
0336095BFCB5131904BC045DFC8D00AFEA00F9FB0F510B4E0911FE73FE66F1B3
FE50098E0176F8FE00E100DEFCF4FAC0ECB106EF06DD025AF37201BF031FFE47
0F61E89A1552FBCEFEE8FB55F646FFD00160FE2208680243F4DEE47EFDA4030B
0E60EACA07F60BD1F4F7F3DF1EF3F8B5F951044FE986F887F5ADE8A2094FF272
F9D30AB4126F06C400BCFB83F80EF9A3F1AD03610ACC044214EBF9790CF8FAC5
049DFF78FC51105D047004890FFB048F13A20998FFACFC3AF491FE0005C4FB32
0665EC1F0260F6A7F4F5F66CF06911D4E879F50DF0A7EC4BF23BF2E0F6140177
FB710C4F0A1AFBAF0BB00297FA76F92A0E3AF35C019002FB089701AFF647087E
FE060363F6B80ED4E835FD7EF9A20A810231F0A8054717B9FB0411380947F7D8
0FE3FB1DF935FC17FD1A0498F4FFFC33ED8A0B02073D4175D03B000F0A31F690
051404C10BAB1D1F0D4EFF9305DE06DBF7CB064A0B441B2CE800ECD802A4FB13
09BBFFE0FEB10E1C05DDF137FA93F621F6980932018CFE0707ADF5DBECD1FD7B
186DFC1CF69C047FDC79DA510151FCF0F7CB20DBF35C868FC407FF641040EAEA
032C0C53EC60EE11234EEE0F0CEF092D0840FDDAFFE606B8C87DF52305ADE6A8
041105B5FD972EC00F91FC2DFADF034FEDC50149050E19281DAB043A0BC0F40D
FED1E9B4F15B049C1333FC36172DFD62020C13D90DC91744D8C3F2A2021EF833
F0B9F9E601811EA8040C045C03D00C51FB3A032206B20BACEB3F0BC00719FC03
FB6F007E07C7FCC701910273FF4BFA9A084EE584FBB6F386EAC1F80005620438
FF59FD24100503E8FBE40EB40209FD4E006B14C1ED4211CC05F006A3F1000231
FFE1FEB8080FEE95FBE5FFD6081DF6F213E00890FF870D1BF95B0195FBF3040E
15ABF98107EBF9CBF75B0A21176E045DFFF4F17FF7C2142B126BFB03FE8D042C
0ED6FFEBE92A017704FC131411EEF66000C900340842FA30079D03210A7BF6BF
F51F10BB0B0BF3DB14220361FFFA0359ED74126CFB6A0462F1F30187FC0EFEB4
077CF121FC020A7B031A071CFCCEFECCF3CBFA1302670ADE10C70762FDEF01DD
06A4108200ADFDF904C01228117F015BF8EC08B2FE310AFF0361FC6203CA03FB
0435EC63F8E1FEB9F606FF6D07F803DB0523086C017E0E24E564081FFB5C046F
FBD0FF8C002907A70F95FD2EFB020241F579F9D2FFDBF84A0C000AE5032DFF28
F6D7EC4217580BC6E7A1F6A2FBD3FD33F8E7FC2CFFA8F2B6189A0E6AFBF80730
FBFDED3BF679002C03BB007FFD25072DF574FA0EFB6A05A30143F78C0441008A
FD99FC0CFD44085602B3071BF81E019BF6330912F65AFEADFE60028BEDB502E1
FB9908521215F11BEB7DF166E7FB039000E0F0B60B17F1D72F29E5E1F94513AA
00F3F6BA00190816FE64022800BCFBF40836FE6C1180FBD5F1F5E442FBB30849
052CE817FE261467F11307CFF82F01CEFDBE1383FD87FCD6FC1E014301B304C5
FA45F90BF6FA06BA14C704B603D10909EB96130DF63BF4661D6BF59DFAEF08BC
0268EAD604530C42F61B0605FA23FB0FEA91EF79F8D6F0130746054BFD9B0AB4
08450E4AED23FBB4F6E5FD2B039E078A01BCFA2608B5014A011FFC74F678ECAB
F94FF61B1A58FA8B0DA6F1D4F26D0169FA99FF632C71FC9EF957FB16090CFA19
0643EF49FAB4FBC70918041101EEFC04F0EEF9251E2B058A0961F6FAFDD1012B
00AEF68F0694056C0800FF4D0425F3D2F3F9E470F034F673FB6DF36CF478FC8F
002EFB5A17AB0FE6F36DFA2D0CD7FDD2F4B8FD25EEFDFBC8F510F87A10C3FDB0
0714F1BC04E40BE3F9930015FD0BF2190580F9F30649F5C2073EF969FFE80DEB
0542058EFFA8FFF1056B0AEFFB2508350063084702DFFE9FF621FFEDFDA7059C
ED7005F1FDDA03D1F7B60A7A058EFD6DF9EE04F7F421EB29F5A4ED370EB4F449
FD82F060F6C1FD8A00A8F772F3C202F00B46056A04F6074C113D0F8A011004C5
06740A2602B711150DD2FA3A08F504F906340F2203F3037B021709CCFFCFFF3D
01AA1068EC66F9C80CCEFAE903BBF19AECA007CE0D81F3ED157D0ECEFF60FCEC
F766F65103F1019619C1FB09FDB61244F674F0AC01D10D2805C8F274094805BF
F517F8090146E23211AEFCDAF43B0539013C0D64F4F2F926FBE4EC1809600463
06B80294F530F7830EABFDC3EBC410F6F17CF6CAEE49D8D21BDF0F52E7A90A6F
0C6DF6B3FB88098D0271F9DF0AD30A81F7EFFAC30273F71A05C20DCBE7B11566
02680D38FD9B05C9114E01EF0CA4FD2F003D094FFD990383F44301F5FEFF0004
00A40383062EF05405D6EF3CFC2F03C5F8BCFA6C025B05AA0CC9021DFD4FF3EA
00490DDCFDB8F92604F3EB25058708ABEB99F730FE350963FC600749FBEFFD93
F19DF32D20E2FC6AFE7CE2B5092426AF05B702CBF311FC8D14A80B870DAF0861
FE85061FFDDFFE8F01E104DEEF3F1B6B020CEA7EF4EBEE6C07C2FF0E0F9E07C3
F828099E0425117F02F4EEE7F63D04B50112F7EDED6B09C6F603FF50F355FABF
E60DF721D1E2F468EA35E51A0DC8F96D006713342081FA3A2116F806056E0D1C
FDAA0684E8CBFC94FF910D98F22F0C80E78204DE1EA2DF8700090CCA1119031E
087B02790560FBAD0A1FFB65050101740FB5029B0CFFFDF5FDFCF07408DE0314
EF4C0091FF46F6BDF229FD6517C505E2F94E1BA3FAD30E272007EBF6FCEA09DD
0D5805F1E290F7EEFC090F3904DC0299F0C5F3D6069DF89EF343EDFE102A02AF
FDCD03D3E4C40BE9FB44FF89F639FEDDFC560683FF1F0040EB39FABF05AA0348
0EDEFED7FED708ACF29AFC78FA0A01A9FCECFD16FE3300B0F62600890C5AFA3E
042FFEEAFD07F6860A020174FC5307D0EC94F561FE6F09BEFACAF75A0CF00393
008BEE5BEF3DED29FD0504AFF9770445EF3FFB6DEF860905FC2CF86A0C200224
FB67056F02BC0A1CFF23F8B90098021BF982EBC6032D0B14F61BE62DFA73F26F
1024EF2FF67D0C1907080B1211BFFAB403550357F8BAF916085FF72B05CC17D1
0045FFCC05F2F85BED450072FC66059BFD200712F81C0D3CFF2C0B3D04ADFBA6
00160C17F0B8FEAFF963036D0AD4F284F93DEFC5F9C70C690C070B7DF572FD3F
FCFBF52C02C7FA05FA79EF0CF6120CBDF72705B1F32A1218F407FEA7FEC9EDE8
07270E09FB3407380C03FAF0FDD803CEFEC70EE8FD270D5EFF55F1A5F3C6FEE1
FE60FA4D089CF10AF747F897FAF9FD3206DDE32A04BD0353FAF809CBF9550945
0265EFDFFE12FEC1E935FB880FED0536FAF60F560D4AF296EFAEF68DFA46109D
07D9EFCEE60DEFA8F0EA01B101920AA5FE3BFD6EF69DFC2901E70190001302F0
000BFA96F814F4A20DB30167FDD607A2F03804D4FBDEF79FFAB7088806210956
0766F68F0D73015DEEF0EF5FEFA8034F1145F3C6FA92FFFCF490FD6AF039F8FD
F6FCF3880845F9E6E0BBFA07EFF2078FE850035707BC05DF1B03F243FFB1FD55
FA120B000D59F47EEF54F2AD038D0C21FE94087202EE0140FFECFDA40107F867
F97B021CF50F1366E58F0686099F0384062AFC6A0699EFF6FF08F4BAF4C9026A
089CFA79FF58F717ECCAFC7FFCF101C4F4AEFCD402E5FB4AFFAA08E0054807E9
FDEE0BF9FC95F705F93F036202A2FC55FFB0E79EFCB001990DCEFD7700DF020A
F605F6E5FAF205DDECFDFDA60270FFD0FB44008BFE86F4BD14F9F9C3FB2B059D
FC2904F4FD8F0E51088D00DD0315038AFA2302CAFB39044104DEFF07006B04B8
FBA5FF7A08D80844F8C6FDCA0883FE06EBECF43CF92BF550D969FE1D072709CA
FACEF3D2FBC41149F607FC8EFE6C0DFDF4510814FEC6038C19BEF0EDFC4005A6
F426FD05032DEF95F90F06B600DF00590AC5FED0FDDBF93C0B4407F70399FF77
F876FB0800A4071AFC9408FA184003CA07D6EEAFFEE1FB77FB5CFC3B0C8803E5
018EF4630F3C0430F85B06F40BEB09220192F63DFE9307F20561F3E002680056
061A0E9000410BA9F6D5FD0C0A0302E30EDF03F2FD2DF72CFEAEFF7506A8059C
F7CBF76E06B2F2EEFB780364FD31FE49FF0E0841FA6C0A93F765EAEDFAEDFDED
F3B1FDE706EB061B0CFAFECDFEB00143E69E0BDD2943F584FE8A091202400C8B
00F811361A36065E0658037F0477FDDE004B010DFA1AFE8C040FF52BF68D048C
0212090703D8F846ED8703DA0253F136FD42FE290868012D0A2FF2BE036609FA
FA0F140408AFFAF3F1DCFAF6DF0C0AB4F88A01B31BBFF5F70B8A0AEA04AF00A5
0643FB630AD7F835F6200703FEA2F6480DC404130427FD62F5AC0111FACD0331
0711F5080433FE4501830026F2A2067A0CE5F5EC00D400CB0228F257FA70FEFF
FC3DF2B90A69FC0E020E0C530241098817060F8F0BA9F83AFB53042B03FA0985
FC71ECE507B3F636FF5507B6FD5D0303FE3901C100550591F12014D2F8FFFDFC
F63AF075F656013EFA57FF200752FD6AFCD5F127FCFA0161FBA9EAF000B30238
EA800729011A0FC8F88805100774F63B0285F6D10070025BFA3A0A3DFBA205B1
F901EA2DF034EE240C0807660221F9B6F3AAF9D9FC010B510D160A3CFEF9FA75
FD19FDB9EEF2F5E50B34EF6502CE0BB7FFC2F26B0198FA78FDBCF0FD07FAFC76
F6B403BF14BCEF72F215099307FDF944F19AFC80DAB4FC48F808F53FEE6FF20A
F9500269F65FF20610C7025A02130B0FF46DFD13EEACF6A2038B0063FD74FD17
F941026C03F30E81F66BE8E20C5100C5F80BFCBCFA58F88B0089FBC2F975029B
006E0A9C08CC036407740567F36D064F05F9FCA0F8B8FB1DFA4F11530BDB01E7
03330DEEFE59F7EBF50D0836F747026AFEE9F889FE5200C40573007201B9F0A7
08620014FE081189FFDDF502FF1605D000C100BB06490A53090BEE24FD32F9C1
060EF3FFF8B0F6A1F147007F004005C8FE730435F20E03E8ED1706E707B5F84C
097814E2FF75FC5BFFC103900218047FFDE00ADE0268006FF883FA4506C401B9
F83308C601F102AA094CFB4FF2BDF9E5F31DFC8B0BB70956FC4BF33712980DE3
060BFF2FEB2FF9F2EFE9F32706D80DD9EB9E1B2D247C12520877FFCF0FD2108A
FB68FC7104ECF7E6FBFEFFFDF65D04B00028FE0E0913FE98FC59042B073DFCD6
00060249EC4BEE11F8D9FC15064FFFD3FE66F13F065208FBF6070E830607FE2E
F6F704950A171181F25F0E44F6CD0B620C3A032804290D96E9D1FB17F115FE54
03C10D06F6AB0DB9F9B3072505F305960523068E0194F251FAF7FE87FD1E06EF
0823F4D4FBFEE942FF1DFCB90780FFCA10A6FF120630F9D90669081B0286F93B
FBF703920721EFDA10A40201013FFAD702D9FB3D1904FD200E2302A6F6FB04A4
072B0195F145DEF2EE74FDD6FD8B0112FFC209D90ABE00C304E8F520FB1105B7
083F01FA00C8CFDAF612E6D40FA9FB0EF525E743FF8FFF00F3470008F93908EE
0F18F0430117E208061CFBF7FB130685F47A0039F261F82AEBA004D3FC41099B
03E8FD5DFDE7E20B076D0462F33F030BF564FF12F31E033FF267FC8B05A4FAB2
0A74FACCF725EEA2FC7706EBFABCF5A60595E83305B504ACF28E0B8CFA55012C
04F0EA4DFE8DE05FEFFCFDBC00AEF7D508F2148AFEA403E502A6054A0D6201D8
0907FB8BFDB7EAF305F009CC08FC0A87F55CFC1FFD98FFFE1810F017027BFF4B
F8F3FAF708E50141F5B0038002DCFB69F258F7720580F342031E0D7406A50033
03340BE4F06A10A3E07CF9E40154FB00037B0A2C0FBC08AE0703F7BA04B40431
0B3F0194EEFF131DF44300E1FEF9FE53FB4F09A604EC032BF85CF29208EBFE48
03F3F996F6C71A94E9F608B405A305DFED31FF2CFE4404D10BF1F26DFFE7FF82
F7A80192098400DBDA1316D7F28DF963F4000CBBE6C6FF4DF334F8340970F922
FA5CF80706E80051E529FAAB0000F8D502E90DBBF742F6D7020401F6150B06CE
FED5F68107E612B7DCABFDB0F6D4FB281428FD2E06D2FB600345010C058001C5
FCA0E7CDFB5B21F9F69806421265EED6FEBBFF370ABB0E8AFECE0FB902CDFA34
F45C083BF77314F8DEE0FEE002E3FA21FD2104FDF75E054BFBF2F78F10FD0313
0B0503FDF30AF5781493FFD10726FC2DF97DF28FFEBBFADD0CBFFA48F87BFEAB
05D70EB7FA89F4BA0C67039801810EAFF6BB099300F0F4D4F77AFA630185033C
0401FFB2EA43E31F0F1FFE43FD7B02210B13E6750566F0880F52F91001E5FD48
07BAFDB5FA00E59014360951F530FF5A1257FE42040BF3E7F719053AFDC90219
FFF6FEBEF4A7024906C003D2FBA6FB84E59EFC1BEE11E6C81867F00FFBE8FA16
F82E002C0112EDE9F43D00B604E1FF93FDE9F91910CBFF6D10E9F46A0135F58F
FF2D030EFB05F30BFBBEF63D0CB4F5F9E7A6F6D8F54DFF69F69A030601D00092
094DF01706B7FF19F6F30A2AFE1E03B3FD4BF397FB14E96DEF45F8EFFB9DFD5F
0334EF3E077DF507094E02BEF7A2EF9FF4E7EB97FF47EB3E07C1F57301C606A5
FC6D129EFC98FA95F77D1011FA39FE2E0FF1FCC1F3D9FC2D089214D202330A67
F3D214EB05DB0702F15DFF5CFF290978FEF5EEB00947EDCE04C612D6FACEFB1C
0979F0FDF8890818F15B06D50385FEB2F94F0F29F81CF622FE53FAA303FBFA5A
061B0954FA71F237FAA406210426F536028F0FA402DEF417F356F30BF563F593
F05904C31A80066AEF141401F6E500A806D5E2330515F0F9E36EFFC2FEFAF03A
FA74F3E6032DFAE9E5CC1A680E93FE8B10110C21FAC8E855FDC1F561029C074F
FE1EEF4F06FA075D08080C5D0787FC29F65D0906FF88ED8F1773F2DC0B1F06A4
03AFF236FBB509A30A27016F0860F48FF1C5F32DF777E177F493FEAEF7BCF8F2
075E040D04120841F83A02A2FAF0F2370F88F63BFCF3ED9D062DFEFA0105F485
FD82EAEA01490B5904020647040302A709A0ECA4FCD00756FEAFFA8FFB39F7BC
0A9EFFEA08EFFEE311C30549027DFC4FF9490BA10253F332FFE008F1FED30027
03C00284FB640A8EF6BB03EA0194FA4B0432F460FE82FCCF04FEFBF6037E002C
01E50ED4FD5C06F60A4AFE3DFA2E0009E7E6FD1A023F0BBC139BFA37F5040181
09720635E93809090330052D05C9FCE811C91349026F0374F2D5F4091107FE31
FB90FC0102F1F3D9F1C2FFF70381FEC3058005BF01EF096EFFC5F471FB73FED7
0BD7FEAD02CCF415F27CFCE0E1FA03EC1444EE82FF0409CD01DB02EFFB10FC55
0924ED98FCBFFE8F05DBF78BF2B1F766F3D8F348FF54F86008BEFF680E970288
FE2CF7B40106F914EFB705C4EFA5F9970254FD6A01D0FB99FAB5037CFEF80398
EC00FC45F674E9CE0C18FD97FC17CF0E041C000AF0B3F7110489024FFC6BFDAF
FC7B0C91F4F20CF1E7D41293F44D0A780C6B0E8DFD5E09C6E0A311F016B7F188
06DF05A80695EDE4F1D61A1502310F3AF928155EF74FE34FFC0D08380317F9FC
01CC032500C9F847EA8D02CFF73D0AE1FDF205C2091600F1E9421EFA1A83FC13
FC73059FFB430ADE071E0458F2F7F87B0FD803841122EB13F6D6122EFF9F0BFF
F76E05CF13A70F2EFEB30516F333FF65FDC8106AFCD7D0D9F33EF32709450209
08CAFAA8FDE6128D09F9FF8B03180C7211FC1CF6FB74F89FF0C4045D0F2BF1D6
F7EEF84F039029270990FB70F6F6E89C05C021EB0A370102EC14FC32F19C1180
E7EAE4B61CD937F807ED02EB0A96EF6309621CD8F024082EE38F09E8FE380837
0038F7B9F7FEF65B03CB039DFBC505D9FC750C1EFC8E0490EC481016062E0968
FE17FB9106610BD805DCF586F382FEBE0D1C06C7F4B1FBBCF79D05BFF1B9FB96
FD9304110016F840F6E9FA5BF250E174F890ECE604C8F3FBFB82EFF7FE50EAAB
1115FE3003DF01EC034C06B3F16BF7080CDF092803EE077A00A3F421FD4AF03E
13DFF70DF569F516F8AB0CD90024070B034705ADF999FB51FE54FCF80319FA38
F98001AB0905ED57F76FEF87EE4E14D1F45E0587E4B2191F03ED12A00919F506
014B0D7704CA029F07B5007003D5FB9B036D0B13EFE6F71006DC0C680985EB5B
074AF09A05CE02650F6BF0DAF6CB043F0FC4FFF7F714F8C1F95A044AECC3F573
080CEEFD0414F7BDF8E7EAC0FC4F0A5A0C45079EF0121987040D0767EF6C0371
F330F26601BF0A67FD4C0CB4EC3806CD04920742F53CF5520CEAFB3D0DBAFF9C
FE5812E0FF76F96CFAC91B1FFB320994021708B3088C03850E5117CD0987F541
F6F2F535053EFFC2FDECFE47F91C035DF5EF02EF0D45F12EF930008E0948E8D1
FF740BC200C5FAA0003FF26DFC6BFD34FC90F3AB03E60EC2FB46FD980232FDF9
FCC3F70AFE24F0660A12074F05FAF978FFF4EE4B03CCE8AFFDF50081FEB40BEC
FD0F02E30ACAE71FFA2801620E7A0AF8E531ED183498FF51F5AB058E187EFB7B
03370C310AAE024CFAF9F33E0A4C054A124003AC098F2949F3A8EFB40159ED7F
FEF801EEFD9FF1D4F878225A0373FE67FD600C9D0E3909D6F5791063E9A406AF
03EA0BA60804FC14FB901DC8FB41FF09050E0FDB146005D2FE5B013E1A20F405
F5D0FED7000F0A9DF9D0F40C03DA039D0407F546033B07F8EBD4FA0D040EFB31
0930F6DBFC81F79AF653F13FF5CCFE0205F1F83301AB07B0F5DAFE0109EF0017
FD2FFA62FFACF88D03C0F8AD0D110BC60DBDF63D034FEE71FE65FFA70A0AFEF1
0080F99A0669000EFD41028E037A14DEFF02F3B0044E0D9F0296016505BEF3FC
052D0F770047FF150D01095DEA74EF810B9F115EF4D8FC66FF5202C9EFFEF58D
116A0A39FE7BFDC003CEEA0A0499F4E5FA9EFD16F276EF7005F402502112014F
029A0F570D96E79CF6FB0A5207CDFFF7FEE41F1401140DFC060F0529F6C0FAB4
0ECAFF77FADA0760FCA6F93C0971FD51EEA80367F614FBAD0708FB610264F534
EF51ECA0FB97F35BFF78F01FEF16FCD8EAA6E353F6DBF3350A7DFE5EF98602F6
0ACFF992FA5CFC3CFC38FD16FDF4F879004E008BFD590BCB049416BDFBF9EF55
FF90F784F27E00CBF91EF82D0BB404F5FF35038A008900BC06C5F8FEFEA3FD6F
064109AB0A0C04FEEF4E042105B0DBCDF38BF3C204200BB0F5CCF5690297F3EC
0822EEBF019FF68AF70327B407E2F468DCD90914F8E3F7AAF2340721FDA4F7CE
FFC9FDF001D7FD8BF9C0DAD0F8AC0C19EE790E05017BFF36F207EC490B23F06E
2514F625064002ED0755DDEF13F1132300850ECCFA09F8F713FB0733087A117B
0485FDB6FF98EB5CFC0BFD07F25A1029F89709E00A38FA5EFD88F37B00F3F3DB
06DCE6AAFF0E02D40006E25504E3F924F293080AFDFEF5CB04DDE0F7FA46FAD1
0E660DE10070F972F408FEFBF8FD013B0268F68400610954F8C705E20DEB0DDF
06F1FF77041509480970FD8BF6CB1110EC37F40AFEA1F06FFCDFFF970A2705C3
07CFFCBDF9800E7EF7E7E938F69FF9D1E582FCFEFC930254EDCDE6FD08D80D41
F7B1F1A0F7BBFD0EF99DDE8D0081F1ECEC2AF6EBFB67FB7F0865E4C2FFCFF9F9
FCBAF682EEA5FE9C064D0579FBF70D390093FF6A025E01BCF41A0502F3230625
02EAED4CF37C0680FBCAD208E532E7C1FD6D07100D71044AF3F9ECDE0270FF1F
FB25FCC0FA9C079F0D17F0350018E586EE29080101F103B9FDB0F2DCF7E3FCF3
FC93FDB0F2A408E70302F7390E97FA80F74902B4F8C7EFB60DE5009000B0F7A5
F7DAFB4AFCE7F1EAF7B100CA0DCB0953F3B8F53C1269F33AF8F5F1720B830C22
0689FC160829113608120BC4E63402C40DA6F4BEF56DFEF6E850F899116502CC
E779FD66F9840D22019708D5F96F02A9F6B3FEB3F90E00750B52FE1CF649F526
03DCF2A309A00CA0F3A2F42FF9590925072EFD8106E8F811E82D08D8FA961161
F4C40247F61D0749F0E8000D012F1CC30DB3F9D5FD8BE4FAE80A06D2059808C4
F943003C024AFE29FDF2EB76E75C1A0AF72002CC04030973EB4AF80DF7E0FA4F
F91C05580ADDE1F1F8EA02C202350304FE130F4F05BFD6B5EBACF4EF1362FC4E
FFF4FBD4E49AF0A2062E028CF6F5170711E1F851040BF23AF1F0F87800BBED5F
F433EDE007FF0665FE590B4A083EEDDC0B480BB7F8D61BA8F9E80511F68EF93F
042BFD7A0B4CE2A1FA58FE9F03CFF0A000F0F60D02B00281E5AA0A50117302B3
13DFFFFCF200F08AFFA2F570E85FEC471443FCE309BC1D3702B90A5707B7FA5E
F1C2FB7E026EFECC05ABFE63F49EF8C2EFF8FFA402CC1A52E9EF030AEA28F432
01950C7D00F3FCDFFE5D0F6407ED0A91075903CC098BEE3DFAB300730A0505BA
FEDEF206F8B306E302B90AA6077D2BD60B9C057EFE1FFA4BF7E40F68F7E5FCD5
F57E01A602B0E714F5E1EEDB04670D330375037A01640F0FF9EE01D4F82C0BA3
F716F8D8FEE2EEF1F68104D4F9C6D96A0E4610A5EA32BA93EE700A4FF9810098
F0570802FFA5FDC310DC0E0B015BEB92120EFB601A9410E505E416360D8B032B
0048067000ABFBC10E6DFD2204EFDFF2039D0CA5F62A287FF66FFD76F9E30260
FA4007330D7CEBABFB73F46FF2601040203A0B100049F89DF630165E01B20492
EB07F58AFAAAE6CFFD73FFD00DE8FDDD145C042311C013750ADF16A5FA660FDF
F5C6FE1D06F7FF4DFC38FA76F018F8C01D34FFF9FA9516BEF690FFC0FB58ECB1
0408EE6EFC0502D7F3D31069E8BA11B304510EBBEF71068B080C01A8FE81F561
01B3058306E804E2FA8C08A4050106E7FD4F029FF44CFF4918BC03DBF81A017F
FB4615040198031CEF0EF326F77EF9710BA00E58F1D6050B0A4B094C0323F59B
F485FC55FEF1F9BF125703B8021D0856F44B07C0039DEAE9F875FD3FEA41FCAE
ECABF96401740C46FB7B0A77EB4808BBFFADECBB0A5E077F06BD0257007DEAD8
06AE036FF60B10CAF7780432FE84EE890B03032EF69BFED7F958FE4C04B1F9B0
053707E0FD1806531794F5AC02AAEEE2FDAC1AA2F58102B6035C0453ED6FED4E
FFD0FC060059FE5A063D0564EC31F5800EE0F5060D77062C141EF66DDFCC130A
0D9FFFF80028F5F1FD2A01C307E10CB21746F789095300AF100EF218FF87F3EE
F92EFE6605A4F187FC090354F5A5F204EBA1037AFB70057D15EF02F4FCF505E7
080F0B9D063DF30CF01EFD33FA73E4E206E7F833063FF4BD08F0090B07BF056F
FF41F8EB0FCD09B9F7EEFD0C056CF310F831F4EE05B2FF950348E8E102E0003A
025BF46B0C79FDE303FE01E0FAD6FDD0FB51016AFD52FA9911BBF56DF9ABFAF3
F7B5FDD70D8C0AC3FA15FD2D0A4D024CFDC3F5D800ECFBDD06ABF091F85CEA6F
0399FF25FF450BC5FA08056FE7000689F35E036EEC2A04B80D0C02580511F6F5
01CCFF8A08E8084E0042F172EFD00F14F28DF22804C201E90223F313FB5504A7
0935023D07FC0396FDF60A52FF9D095DF99FEA55F81814F40858EFD1FFE9ED1B
00F1050FFFD602F1037CEE7108DC0745046DEF45022FF0430CDB02620352ECB2
FC17F2750029D47401681318EE54E9600BB6FF03E9C60049FABF0740F88EFCB0
F3C502EBFDB5E1A2DAA500F5F93309560B5109750D990B60061D08B0FCEEFE57
FCE2F9760186D6CEEF7F0A6A0AB9F781FAABFA9804B5EE47FBE1179CFE19F965
F92AF6FE0495DD8E0A2C1976FF780545FFE9FB73014AEF9504871792F5ABFF99
FCD10107FB9FF685106C14DAF4A3FE31023E1435E8B62055FA5F00F7FFC5F890
FDE6041801270313FFDEFABA13B00402FBEE075EF8D7FDD916CA036CF5AEFEFC
FA96F615F5CBD21609520D1BF308F756085D129AFB1BF7E4108C0E02EFDAF108
FAD70C48FB12E15BFB2F1394FF1CEE130689F900F7D909B9F91C0622F442E7AA
FA0AF244FB4ECD4CFB52F56A0943EBCD0ADF0177FD6AF560011E0BD2F40CF0C1
F941F81BFD70FD66E1BAF49FED520010F6E70457FDD509D5FDF809E801FD0E73
0859FA96002202BDFE260F9D05F910C2E902044907EFF1FB08B3FD1EF4F1F657
FC24F405F99EEFB4F0D2F794EFA5FC50055601B4FA51FCA5008A085CF974ED67
F2680771008400DDFE3AE6C4FFADF54DF98B094317B10B08E517FA69FF13F14E
FE2AF5470321F77BDD3C0AEBF6DAF3B8E0FFFCA20226E07BFCF3E2D6FB26F825
05C1FFC6FC3EEED9FA0DF9FCF269EB62DBE0FFD20132025CEE1F0AA3FFF6FEAD
FD5506DC019F04D403F3F26CFD880504E9C2EE81FC980C06073F0958FDB4FD9C
F5850E2AF868042FF8870F01014303C5EFBAE448021A07FDFE45F6C5F02BF546
074208B300E1FCA20BE8EC4EFC0DFE71E712ED62FB360B8AFCE5FD52FC72FC85
FF1CEB6B0440057300DCDB12FAD809C600B2110FF4C3FD1A02ADEE3E04CF04DC
0B41E8A613CB0BB6F606FA06F07604DBF8DAFBD3021FFB4DFD721324082CF810
085CFD1405C4092DF27701B80000FD02C808008106D6EFE3F6350951034C0467
07CFF1ED1749080904E3E30802EC0A2CDE89F0F11DF4FEEAF20AF32AE20B0450
06A1ECD80C8FF112E360E8FAF79AFD84DBD904911D25084BFCFFFD10FBDC0ECA
FCECF77207E5ECFAEEBA0A0DF4E30A25BDB4EED40A2BF902043800E9016F09EE
1137FB11FBA8033BFE48F582E7F60215D2E9EB820F19FDA5E8BBFB32F772F7EB
13DEF86C0A90F346FFE10C79FFB306D7D734E9010BB90A0FF1FC1366ED83F890
004FFB00FF5AF827FF061A83F35F097BD3E3CF6108B8ECBAEF91000C00310740
FB6EFA73F8960C2103FC044BF58907050AF3F9BD04860A8E1204F70DF718F607
01CBF1FB045B0D850783023C01BFC3FD055806A4E843108D085A20A90588070F
0663ECA311000B75F6570294FD81008D04DD05A7FB0C07F2FAD4E39713150FB5
050B00E2F94809A5F63B1177FB24166E0458073D12C80914FCCCF5DEF662F5BB
ECE4EE88FEBD00E008230CB2EBA7EBA302ECFCD6ED9408F90C43033C0DDBE742
02B5EE9EFB3A0286FF1A1F360F271B9615DB0249E8E8F82BF709EAB60381F682
FE0A1136057403BAEE6F1A93F299F8810FDCFD230366F4AC0EA5E0D1E61308D1
F2EDEED9064C0ED7F7FB0590F5A312B5003CF572066F0FB51B5CF8ED01C604D7
FD371001FB4B0C39F310FB59F8300B3F0E9DF32EFBC0F3C00DC2F610FEDF01F5
0510F84A01E4FCBA0EB9FCDDF3F5FEECEEEA0F31F642FCA5F0700D4B0A99F396
F760EEBC00D7090E1480080200A9009CF84A03D2FE5302CBE5B60840FCE10079
02ABF23DF6EAF68C0D8F07DC03950354F87FF9B004CCF574E25DF2C0FFC10DE1
FBF5FB03F7C404B20D31F036FC6B062107B3FFC9F4DEFB64F8F9FCEBFE40F0FA
FDB3E503FA83EDABE33BC73FFF961A5BF6BC05B7F0A7F75FE6E6F6C7EE640B7E
F54FF26F050A0A74ED8EE8910348014AF4C301BF05170E7AF3DCF28A04DD0031
F8AF009DFF14019AF8B4E467FFAFFBF5FD65E92304080C60ECEFF7B2146DEF29
F5BAF4B70206F5730C28D85FF2A3FC42FACEF19B1B7509CB095FF1A606B50EEA
F6D3FA24F47C0DFA038BE9BDEFE501EEE797F259FBC3FD9CF16EEDC7F9100099
FC8BE67700D7F8F613391B151639F75B2C89EC140011F1440D0B199C018B03BC
F5B6FF1AEDE70DCF10FFF4A6F480F0721857172A09D3FE84FD8C308FF4CDFE91
F486F217F84133AE09B6C587F6C70770393C0D4E0D8A115016B8E7CFEA0810CD
FE1E042EF2A6FD85F36ED9D80910FA2615E60B24F3C40A83F67520BC06900BE5
F1B1F5C6FAEFFA4605AF04BEF7DAEDB91ABE1934DD0B22CA13423E2C04A2FCF7
FEF3FDD9E2AC4B1FFE1CF6F806BC019D0E41F530FCD71421E851E96B02C90FEF
EFE6FE8F0875081AF7ED277401C309200D661F4CFCC9EEBFF34520D6F3E901C4
F489FB49F32A0FB2F591F0AEFF96FE31278B302BF75C0234051503AF1BF6F4DE
0255076EFEA1453DF868DC30EB83EED839A20C6600ACFB691D22E7EA02C4F4BB
FD5403A101BBFC67017AF4B7FAC1065AF29FF142F7F2FBEF041B0DFCF32B0D6A
0694F95C0342F03AFE09F057EF2FFC070FE0F8F604F90527F9670A22FBD9FBBE
0EA1F69C052D09EFF80CE6C1FF02F690F081E1AE0E36FF06F547F9EC0264F425
05D5FD88FDEAFC43FE05EFF6F5921045126A09F90FFE00D3001AF23BF6FFE7FD
F528FECC0453ED3C0715F10F044C18D5E928F8FDFFD5FE780838F3B1004AE3DE
0A7600C301D2E689091CFA76EEA11400057CF7A5F1531596038A0BC0FB940D0F
FCCD00150163E93DF9F2FFBC044FEEA4034B0457FAD4FEB6FF3C052900500269
F5C2FC51FCD0F5EAFD18FCCBEE72EEF2F491041AFFE009D3FA16EFC824F2EEC3
FB6B0C69F76AEABAFA1C02C2033EF193EFA1E57A00280C5E058A07FA020503FE
0BD80D5C03BF02CE068E07090B93FFE315AE05D3FCFA0D6C03D8FBFB0A0DED76
06FCF79FFAB5F79F152214A90547F076FDF5F59DF3710875F4CDFA97FBBFFED3
FDDCF720FF65FE070C0E0790005201E012CF157BF82AF6E504810F8A05D8F23D
F44DFB76F93A03E006CFF61F05600A74FBF40A97F57309440BF0063A01D6F9E0
09C102AF0F67ED241753008605CF09C8FA6DEB1210D2E1BB05CE0FCBF7E00B66
02190AB0FF09E29C23B51D40F8CD03A6FF940B40F4AFEE8E04D30F570F7A13BF
FB7BFFA7F71B0DC001DA04130710FD210E25053907A1F7BB118B0D89141902E3
07B0E624040BF1E5FD570E421316FA29028FF0F804F2EFD504C8FDC90C4B04D1
078F02ADFAD6F66F048B1960F610FE550B8AF08FF81F01F40925F6AA0A6CEB96
17EC001EFF740D0906B9070AFE480565F68CF3DF032DFD39E7F6F745F954051C
0E0DF536F284F841F64CF9C503F6096AF4CAFA1EF84E095E01E5F148F679F687
FDFFFA8BFF4CEEA1FD3519E8F7A0EF58F9CDFADAF8050CF2E910087BFE65F090
0CECE5ADFB7C017A060FEC0EFB06F9970718067D057CFE7F04C5FD2C185BF41F
1A68F2A903430440F97FDA35FC3005B9035F0F860E160DBEED7AF617D5C4F9A7
F68808EC07F2FF77EED5FF34060EFE7208E0F218F36EF887F0BDF5ED0C67F7B7
086CF3A9ECB705F10317007CF95BF0E2009C04B401E4F4F1FC2CEBC90F36F4C3
EC9B08D606BC0060EC2E00F5F435F3B5FF6E00B5FA72F8A2EDA305EBFF590838
013BF1410821FF810049115F059705EEFBBC025DF9EDFCABF902EE9905EAF7DC
111DF1C300A9EECAE9E1DD230752FECCFF6EFF04022D07A2F01DEFEF02D2FA4A
2F0E02BDFC5A0BB203C4F4D5070C0985E7C8F44FFEEFEDAAF516F4240460FE79
0CBA0C540452F345F043E750F7C00A730DC7009613CBFC45046B046DFB00FD58
FC1B08B403A3050FFF4DF1CAFC9BF86DE8B0F7C0F5E7F9D3F7BB11EAF5B60F86
D759F44DEED504830E0CE54202C2012BFFB20EC80658F364F731E9BD2A460E61
0D8E056EFFC000961E42F3E9FD2FF387FC541260EB89FDB0EC6D0FA20B74F962
04E102C10E1C006B0380FF82073A0A9017F3039700230335EC2408A9C085F464
F4F9098A01CB0A1000E20779064F000FF68A0C11F7D5E8B9EDE3F4950BFEEA5C
13B5FAE5FC5DE51F0B3CFA2CFB19FDFFF329FEB408BEF206EA62FBDAEF75F194
1DE3FFB9FFD3D01D09732585129CFEA309F51AA51634E3E6072A127011240632
1348F16205810ABDF545174CFDB5EDC50062FE20E90BFA501AE804270C9A0389
1024FDD80065DC89FFF31280F9ECF5A11527192B1BB1066C182FF6E7035A0194
0D4BEFF40D39EDC51A941FB1EA8E012B054B1CB7FB46FEBC0071FA2C19460266
10A3025CF830FB7401890D64F6CEFADD07E0FCCDF99709740881043201B3F2B1
0609FFC603D9F7E80F790130F99C0E14075F112CF2040C4216E5E8B901940A11
1B38FB790BFAF31B08B31B28FBCF14E10BCA11212B30F483041A0B1CDF9B002C
06280B1CFF89F8F507C92711E8570C521114F1CDF1100BE80E630E69F60AF54F
08D3097C08AADA20EBF5096603880987024900F006C611C9198FE28F0AD10165
FC80FD0FFB4BF645E18AFD94E6CCF18E0529F3F3FC351053EFAF0DFAFF520402
EDEC0EC201AEEB37EF4E053EF4BF161CEC900337055EF62507200ABFFCA90197
008708BA0212F00BF277F5B40CEBF9FD11A8FA7704BD093CFC9D0788FCD9075E
1827EE69FD2CEDE403F50491F090F75513BFEAC7081AF9A1FDAAFD7D06AFEF0C
0A15F86AF635CD21103A02AFFD5201C2FB2FF4F2F3B6E091F138FE941460F916
EE86FA74FDEAE00B15BFECAF04E4EC79FED9F16FFF7816CEF593EF54F6860A37
E3FA028D0957F02104E8F932F206F28EEC2CF231F670055C0108FE37058110A1
F265F54C010BCD1EFC36F4671025EF3FFA4006AEF29E081B03BB02B7F6FC0A5B
F790F63003C2F0550569FCCC05FCFC4BFC0703AFF28B17CFF78DFDB4FFB4F482
F64FF3F1FD7AFB00EF93F03701CC13600339F984FBDD0BF7C9AB04A7FF77F278
0F56F840F9EA0030EF3AE073F0612AFBF7D7095DFD16F1F4D6A6F42FF596F207
05AD03BCF2F8F5D9EBC4EF9CFB1F08C0EE7EFFA0F25B0A17C1140A371068FB0D
FDE000230DC0FD3B086CE4270AE7EFF9EE71FF280A04F828CF63F6881A1EF05D
F99EE623FF600215EE55D23EF260F3870215042CFA43F03EDC5DF981E5EDF42A
0919F941010BF7A6FD6DDCDDEB38F3ECFFCE0C04FB63F3F7E6850526024BF567
0D61FCBA030BFA75F799F3BFF29E0C3CF82906C0F8F40698C81B07CF1BE2E703
FF0BFACB0456FD5212D3F8A8FB3D01D4099B04290792EDD2E2EEF1D6101DFFFE
0A4CF6A4FEC407ABFDD7FEE5F8A0024B1356F8C7EE92FDB4C769FF58F845FBE0
FE37F4DDFF1B07FE05D9F20A06AB02EAED760AD407D4FEEBED82EACBF7AB0C1A
FAEA057E0D1BFB4203F9EB5E02B3064FFE3E03260104064FEC70FBE2F5600D46
01A8050008F5FD3C0EDB1505FBE7F671EB6AFB3D03BB020201D60416FD39F18B
08E4FC17042405B7FEA0E7E0F475F9B91241F8BBF603FF96F0380C3FFBBF09B0
F792000BFD33F3F1FBC7F284F16404F20A16EF6607E0F987F6D8F95CE96DF8A6
09FEEF3AFF42069F03A616ECEADBFBDC08AEF442FF2607B6F7E311C4FBB8E779
04F8F4A2F5A301AF04D9D7C90D05F94202D2E8D5FF0E07B60E47F74F0DC00306
F3D8088104080B75FDC7E8B90C21FD76FF0202B2FB20F5C0076F07B6F604EE0F
024FFA27FE68F576FE000A42EFAF0313F999FA53016E0279E48D0892F91AF348
0072F98AF62CFDAFFE22E38FEC4409BA0991040604F3F61E0410E60A0A13FD78
03781026FC280E0FF9F1F8ACF33B12FFF9EA01D8F88006450B2E10B402470873
FF8F04D8FF131034F3F0E23BEF1EF3680D760447010BFCA8FB4CE902FA79FA9C
043E0286FEC4059103C9F2FBF2FBFEEFF46D0E1A199D00BEF68DF0A906080198
FDAF1590FE3DECBF2216EA1A0D16E92BFF3D2728389D048BFC100125C59FFC5E
0AECF7A0013B02CE104A0F0A06FA032FF7C20D7608FB06E8FBB7FEACF61D1634
FE69F2D4FC71F599008B084D0D23FE4F03E209E3048300D0E3661280FA7B0951
FA550590FB65FB6FFDC71054F3CCFC69FBE2F11FF989F659EEB31253FC5EF764
09DEF009FA0BF0DCFCEA1092FF130490EC9DEEC40A25F7CEF7C5FB2A06F2F107
F77504E7FA28FD87F7083998EB610073F74F0D6C032A07B1F7FF0604EE370BBF
F725010406BD096D0F38150A02A50477F13C0556FD7F048DFA7DFA01F5420804
FF55FD7EF8CFF4D203A20FF3F89306E7EF5600ED02920698FE8FFF78FE11EE15
F92A012609C20E5FF79A197CE9FAFC78FCDFFCBBF67D0F13FB69F6B7E9BC0160
FBCBFDA90EEE0953E62BEA33EDE51578F0EF099C130F0294EC3DF205FD10FC90
026EE9CD01E50D63033D0171FD160BF503FEEF7DF97A0762FC79079CF3C2F375
FF7407E7F6A00F44FE8315CEEE07FA6AFD36F253086DF962F34EE73F151F08A4
101DF3CDFC2509B3FD98D95A09AD00A30F2706CCFC2BFD12FE2CF9ACE6F804E8
F8CA08DF0E5C0B8D08540A300EE5F27F0017EC48FDED061AF909FC14F28D0E42
FB72FC77FE19F6C6FB26044F0797F3C8F64AF0D6F702FBAE11ED0293F084F17D
0099FC1005AC000FF871FAE7F03AD6D705A9F820EF49135714A3F98305C1FA31
059D05ABFABEF04BFF3AF7D500691D8BFDA0060E06DDEB33FDA50A6F0266E7D5
EFCB0858071906110F90F9E609A31360F01CEB5AFBD20C360046F728053A0206
F9A0E7190693F1DAFD91EF29F7CE24801150022113D0EFD8059BF9F41C3E030E
071D03C7F75EED61F797098FFC3E0BD9FA5BF3930F07EDE30D2EFB6609C20719
0685F32B0887FC1FF6E105F0E69E176EFAF7E81EF81204EDF790ED20D6D7E6F4
F1B2FF0CF7D5FDC10E98FA55FEDC13CCEF72D628FE33021AFB3DF3A6100BF844
0AA60391F880FDDF1011FBE40312044AE3DBE34CFEB7EBC21462F5B6F8060725
046CFF0D09360222F702CD57F8FBEC9AD6790347F6150D660936FD88EAE0F9AD
FA58F511F8CD0FD8F631D2CE0B6AF6F0E25C0EEAFB2C098AF6D4E95E015FF72F
FEADF99001A50C44EC06F8B202601057DB2A09FAFA01F9EAFDA108A0FB3DFEAA
0F18E83F013F078DF74CCB87FF20F598E5B70FC2F9BD0533F502F1B82166F761
FF72E61EF705FE59F761DCC409B90703DFC20D190EE503D2EF69EA7DED9E0D13
0334FB1F00D0EDEC0D0BF3C70162F75CD57B0DE8FCC0F052EF9EFC2602C9FC96
0505F6FC0429F1AEFD0FF52BF3B20851E46ADD73F11105A40B67FD070768FAD2
038803D1FFBBFBEDFD67FFFC04D4F68ED758DE79052DFD78FE2DFB8902EDF49D
F8AAFE31FD19FB85015AF5A4FAF4F69DDFB4DA180478FE53FD450C1EF273F489
FCA60AA9092F02B9079BF6E20182FDFCF7AB0215F2420112F50E00F10BD50281
FD3B0A06F8B7F47FEEE1EFDB03E912E400B5FBA3FF23FB86FF56FD18F401F5C7
01A10040FB61F4BCFB50F5E8047708930ECF034E008803D8EA94FCBC0042F411
FB01EC840210FCAB0F0000270717F580F23104BEFFB5F18BEE66FD12FC08F1D0
0E51EB8A0708E7F6FB2FE2E9FCEFF2E4093C10930190F40504E507DEFD13FC3E
01B3FBE6108EE1E318A7EC72F35FEA2C0FCE0740F52C0303F808FB8BF4A0F6D1
040EF32107320934F7F5EA34EEE503D7FBF30C9DFA400059ECA9FC4B0939F074
1057080510C7FC4EFCF5EF7D0EDFF4B6FD27077FF4380390F1EAF3C60A2A0EB8
00E7F938030C060BF0ACFCA3F14FF7BD12CD0C95FD29FE21F4DAF4F3EFC3FE27
01F505C208A5FCC00BA80E6B0992FA540076FB8A0C12EF64F87AEC460693029F
FEE9E5B210BCFF88F446FD99F6EEFFD5DEDC071EF979F4F70A79F53E05F4059C
F946F5BD08170063FD40099DF2A6FC57EA7B045E002CF39EF7770A79FE57F6F2
EF9BE6F1074002A801C1DBE7F37FF28FE3A0F3CCFF020BE9F6DFD41AFBED10BF
1522120AFA6C0D5BFDE5ECEEFFBAFB79E999FFB40A1E164B0897E7B50964FFA2
055304DF0A59F9F9FD1803DD06FAF44CE79FEE87FD26F661069AF6CC044EF75D
FBB407ECF52703980005DC19F22205FBF0EED957FF4612330786D586016BF904
0E0C0E1D0DCC04270D41DC1E12B90E81E650EC3804D2137AFC86E28DE92704CD
F4CAF97B071806A7F334FE61FBEB03C9E9E7F7D1079EFC30FC9D0618057BF1EF
FEB60C38F8BE0F7AFFCA0C2E0587F4CDF5F809A5046DFCB6FC9BFED80586F788
E8F3EFBDFAFE142901EADD13FA48D29F078407460C071EAAF873E8D3F66A0FCC
F0F1E86D059C09680D850098F3A100010CA2F7BCF769F54DE6B2E21B0947F732
F549F6AD0F6AF1F203B9F4C4044C1A0EEDEFF1DCF9E81241ED19D45AFEB4FD57
F25FFAF0F8B4FDC1F3BCDFE5FE171576186401BB1B9D156EF16FE7C2E8EFFE03
F539E8C1000202AA01D3EC64ECE4176E132EFE10F7F5EB79F27B0503071C000C
F97600B0F1FA022504090B69F8DAF8FCFB08149500ABFD4F03B2087C0E76FC40
06E701C3092F03750420075A0A36FCAEF92F014FFC200A0DF805F24A09221044
F5DBEB75FD97FF9605A10F28000001A50567072502CBFB23F1DA0FC505EEF38D
00B504E20192F1E905FAFEA1F591F9BCF314F89F04E5FEA8F939FF41F8F304D0
084AF7C200530212FB58F5C8F96DF89E0982F89406E9F84800FBFCA308071360
0079007EF9550299E88102CCFEE5027EF3510E540510F8440AA0F3F002F3FF76
F8CAEC59FEDDF70D06DB049FFFD0F92F0AB5FC91F790058412AAEC380D1AFA1A
F21C0038FC77FD5E0830EFF2105DFB0DF50003EB24340AD00AC00EB9ED8EF1BA
0993FF4E004B05EBF763EB7DF225FD50FE85FC9CEDBDFD3F0A05FBE1FD6F0895
FE0511650C99F176FF1DF7BE0A560769EF1EFC10FEBCFDC7FA62F84D087F0B52
07CBF4460CE1008A0445FF9FF3D503650955FC4419A4072806F1FFC505F6F9A3
04A4E7620875FC2BFC6A0A930E6AFD2DFE65F55C000FF8160762F7BD06D0103A
00000000000000000000000000000000EEAEFFF7FD9805D30435DC5B06450130
00000000000000000000000000000000014EFB17EED11057EFBDF954F5B9DB70
000000000000000000000000000000000828F314FFE90145FE22FB2107F6F21F
00000000000000000000000000000000F1C801EF06C01D120DDD002A09F2F09A
000000000000000000000000000000000402FC7502B2F96F0921FA27F77FEDB3
00000000000000000000000000000000EF7F157BEF67067702E10B17F686F25E
0000000000000000000000000000000008360448FD00121F1B54FC37F26FF97C
00000000000000000000000000000000FE600437FCE40B97F5270274FC04073E
000000000000000000000000000000000B8E03F4FC9BFB360EA40980F612FCB8
00000000000000000000000000000000F41CFBB1048812360519FDBE027DF6A0
00000000000000000000000000000000FC40FD9DF4B8FB27EC7F0380FAC41326
00000000000000000000000000000000FDA1EB83FAA8033EFBE20231F93111E3
000000000000000000000000000000000348FA4D01AAF6B6F235FB1E09FFF143
00000000000000000000000000000000FEA3ECE6107FF6E80E3DEEE1011903A4
00000000000000000000000000000000F83C0312FCC207E7F6EAFE0EF860EF31
00000000000000000000000000000000021506B9E93DFA63101EF4F80E60F470
00000000000000000000000000000000FF25FD2C0210F8B61058FBEC07600F0D
00000000000000000000000000000000F1BAEBB3F5C7FB1FFDC2FF3816BA0CA8
00000000000000000000000000000000F2ECF89B00C1F33C068FFA15062C1693
000000000000000000000000000000000592F254F5D20F3702800474FAFA0794
00000000000000000000000000000000FEDC0ED4FA17F1A1F9240B2F0C75F742
00000000000000000000000000000000063EFB46085BEC4EEE11033102750282
00000000000000000000000000000000F83202F8F60A028E0E7209FA05E6FF85
00000000000000000000000000000000FF7BFFCD076601EEF80C185FF7CBFA6D
00000000000000000000000000000000FFDCF8EFF6A70E68FE7003A1035500F0
000000000000000000000000000000000450FA3208D50279E6040436F8D6FAC5
0000000000000000000000000000000012D3FCE10830FC55F2C403DD07980375
00000000000000000000000000000000077900B10649FEB8FAEF0E9BF9C9F410
00000000000000000000000000000000013EFF8FFC93F31701A40E9B01050130
00000000000000000000000000000000F0F0F2CD0C1CFF2D062119C6047E021E
00000000000000000000000000000000F497EEEBFD1C017F11CD06040DC307AF
00000000000000000000000000000000FE91FC91FD3B0DB9F2BDFE06F6A7F64D
00000000000000000000000000000000F01913C60C7B073BFB2B01910CBB001B
00000000000000000000000000000000E3D8F61C009FEFA4060DF87FFB7D0305
00000000000000000000000000000000FCA30C6D05ABE9C8EF8DFB20EFCA0B4F
00000000000000000000000000000000F19F06A3FA5505EF0F53F1FF06E2F3E3
00000000000000000000000000000000F6140279F21CF063F7A90E90F35506D6
00000000000000000000000000000000108612B6F3BE04E2FAFB0355EE70FE91
00000000000000000000000000000000F1C4060FF7870982002201F3FA71F664
000000000000000000000000000000001013FF23EEC1F9AC00EB093BF2FAFB1E
00000000000000000000000000000000051BFBB0F2F4052DFA1AFE450044F6AC
00000000000000000000000000000000FAABE8EAF8EA015B0076EA8A0DC1F0A6
00000000000000000000000000000000F35FE52609D9FFC5FD98F2D9EFFB014D
00000000000000000000000000000000058FECB0FD4C15BFFC450597F42CE9BA
00000000000000000000000000000000060AF99808D1100EFCB1FF5600CEED46
00000000000000000000000000000000011CF8CEFCC8F9AD03B5FD9FED9CFE72
000000000000000000000000000000000D5F119213E8CAE0FBBCED1904B30B72
00000000000000000000000000000000083DF92BFC17DFCC01D0F1D3F9CDF0D3
00000000000000000000000000000000FBBD117F0322D8EEF6A20DBFF5D5026A
00000000000000000000000000000000F38CFFEA0583E49707530D300D9CF6AE
0000000000000000000000000000000017730556F91ED4C8F6840AD7FBF3F09C
00000000000000000000000000000000FB66EAF4FEE6E382F814EDFF0DB3F19F
00000000000000000000000000000000F18800C0F680C9870E02F6DFEA441515
00000000000000000000000000000000FDAE04FE0920D0FA00A800000E4B093D
00000000000000000000000000000000F0F2FA7BFE57D8DCFC00FF5DFABFFE7A
0000000000000000000000000000000009AE09D5F2A9130BF93CEEE60F8FE8A1
000000000000000000000000000000000524FF86FFBC12F6F6BD09460150F1B6
000000000000000000000000000000000796F893F03006930D7EFA4CF4B501FA
00000000000000000000000000000000FC70F66FF8D80CD5076F03A112F3F619
000000000000000000000000000000000E2707E5FC3CF8B4099E02F70794F50A
00000000000000000000000000000000F877F6F3FBF0128AFE7404E0065C028D
00000000000000000000000000000000F98C048A055C0FA3F998F9B1158701FC
0000000000000000000000000000000002D7F110FD840313FDBBF61D0615F36C
00000000000000000000000000000000F950F7BF0BA7FAD007A5FA6505E5F3A9
000000000000000000000000000000000567FC7003BE012D0B410BDD16ABFABF
00000000000000000000000000000000F3130C0104720E0C008D0106044E10D6
00000000000000000000000000000000ED8DF1B5E91FF67A0A16F9F00E6EF392
00000000000000000000000000000000048C0168FED0FA4A0081F7CF0F4E0618
0000000000000000000000000000000003DB02EF0F11FD7407B904D60D28FB80
00000000000000000000000000000000FEFE0209F2C317C9FF7BFB8E0D3D146F
000000000000000000000000000000000282FA5AEE06F3BFF5B7FF6CFFBC0336
0000000000000000000000000000000000580C88FB6A1401F2F0046BFBB4F4E6
00000000000000000000000000000000F9C5FCAB130EFF1CEFA4FB1EF635FBF3
00000000000000000000000000000000F827EE591018EF2211E905C2ED81FDCE
000000000000000000000000000000000B5800CF0496F407FE04F6BC01450DBB
00000000000000000000000000000000F100FBC9FE390770078A07200C4BFDA0
00000000000000000000000000000000F7D6ED63F85208310A0501310F0B150B
00000000000000000000000000000000F54CFAD3F0AE110F11FEEE80FB05FCC0
0000000000000000000000000000000018AA05FBF3210C2807490128024AF9BF
00000000000000000000000000000000054F0F1BFEE8FF9DF66B076A1230F118
00000000000000000000000000000000F91FFABF0FA1F71512B0FB6B1278F19B
0000000000000000000000000000000006BBFD9CF1F7F3F2FDAF01950A11F21A
00000000000000000000000000000000FC49F9ECFBD0FC7713E6FE7A0771F320
000000000000000000000000000000000AC800F21062FF24119AFA39052A0C38
00000000000000000000000000000000045F01A3006F04780205060DFF9203F8
00000000000000000000000000000000F244EF1EE6ADE7BFF2C2030BF6860A7C
0000000000000000000000000000000001D4F3E90B91F9C404D310B507A6FAA2
000000000000000000000000000000001D0F0355107EFC15E9A1FEEAE826FA9F
0000000000000000000000000000000003A4FC95F4CDE79D109604C9EAE3E9BC
00000000000000000000000000000000FA06FC711083FAE6F0700819FED4FA0C
0000000000000000000000000000000001E91508F8B6F852FFE7F1DEFC790922
00000000000000000000000000000000FE49FEA6F02006F210B5FE52FC2EF198
0000000000000000000000000000000003B709CAFAEB0BA6F9AAFF1AF8AFFD82
0000000000000000000000000000000006F4140FF5D4196B0F35036D0956F281
000000000000000000000000000000000115F36704251A910B090A9B0E2CFE69
00000000000000000000000000000000103F016B007612BA12C0059D0BF5F780
00000000000000000000000000000000F7EB0C370B96023219D5FE6BFFE5EE74
00000000000000000000000000000000FB0F0BFAF4E903F1EDDC02CE0861F78F
00000000000000000000000000000000FF8D036508B603BAF57EF72000EFF7B0
0000000000000000000000000000000000980548F16409F803990E8C04E7FFD5
0000000000000000000000000000000003BAFB6C0DAB0EC3F4110D4AF0FCCD15
00000000000000000000000000000000F8CC018EEE660C3509AC0E60041AD94D
00000000000000000000000000000000EF84032E04F71328F9200A8303F0F3B6
00000000000000000000000000000000FDE4E484F6F805E2FA66F7A7ECD9F891
00000000000000000000000000000000F984FD2AFEB60633019F1042ED19EF87
00000000000000000000000000000000FE6EF5070768003E02E1EA3AFBDCF7AE
00000000000000000000000000000000FDCC0BFEFED01E9DFA2A06EDF2F5DC07
00000000000000000000000000000000F9E60CD5E7E3017007E609EA0055F8A3
000000000000000000000000000000000167E666ED210E6AFFA10F3BED90FF33
00000000000000000000000000000000F9C6F3C20049F45B072FF7C6FB7AF0FC
00000000000000000000000000000000FB49F504F0370274EA64FF92008DE5DD
000000000000000000000000000000000152041A12A3F88AFAEF0664F0F401FB
0000000000000000000000000000000003A5F03BFEF2F92DED9524FBF716EBD6
00000000000000000000000000000000F9C5F2F9F4A6F549EA1B22A6F383E80D
0000000000000000000000000000000011720242F670074DFF3016040405F6A2
0000000000000000000000000000000003BDFC80FE260478F5940BF2F64D0A3B
00000000000000000000000000000000F99F09190C3F09EEFCCF054A0AC20818
000000000000000000000000000000000086F030F5411556F6B5F90404BA1F60
00000000000000000000000000000000FA7BF7850E4EFD7DFACDFE580C8EFEEB
00000000000000000000000000000000F9550294F904F9C903C8045CFD560530
0000000000000000000000000000000001A1FDEAF860F427F8A0FA4FFF1FF531
000000000000000000000000000000000685FCF3FBDF0B8E059DFA4FFD470BD6
0000000000000000000000000000000000510728047708D6F962FEAC012903A6
0000000000000000000000000000000010760D2EF2D201E908A60F4410E8F440
00000000000000000000000000000000FACC07DE00C6F6410C8C073EF3CD0120
00000000000000000000000000000000F2320C021082F7990C9CFE55F394F077
00000000000000000000000000000000F21F0B730776F80712A3053001540709
00000000000000000000000000000000FBF71617FB84F26DFA620563F3280356
00000000000000000000000000000000F271EF0A045CFC2A0A250624FA1D0768
000000000000000000000000000000000168F237F336F88C076EFA7CF60F0E6D
000000000000000000000000000000000274FC6FFEB4F481EDEAF986F9921175
00000000000000000000000000000000143BFE6D02FDFD43E804FCFD079CF78A
00000000000000000000000000000000F0C7FC210149F2B8D76BF8240312F9CD
00000000000000000000000000000000FB9E08CD0770FF7C0B24FB3CF442F188
0000000000000000000000000000000009F3ECA7087110CE02EA0294F276016C
00000000000000000000000000000000FF07F78DF14FEE92016AF89CF446F0E0
00000000000000000000000000000000F48EF204F27D17DF066D08B213E828C0
00000000000000000000000000000000FBA20766FE25089405B5F3B707CD0D9B
00000000000000000000000000000000EE980231FFFC1AF61556102017A21B20
00000000000000000000000000000000FE8D01EEEC3509BEE119EE411136FD62
000000000000000000000000000000002A1E094D085A0CE503DEFBFD28400D20
00000000000000000000000000000000EC82ED1D094E0C71217DC1F9178616C3
00000000000000000000000000000000F5940A4BE8AC0C41F78BFB341B200B00
00000000000000000000000000000000ECFBF5CB07432A9A164BFC8600D22843
00000000000000000000000000000000FF53FBF4FE833B83FD9D070F0AF50B39
00000000000000000000000000000000048FFC0702920C50FE5DF54302B8EC64
00000000000000000000000000000000F5B7041F097D0FC50F010F35F739EBE2
00000000000000000000000000000000032B04E2018FFFB407D3EC570045F93E
0000000000000000000000000000000000CBF4DCFC6B0FC8F853FCC309D5F9F0
000000000000000000000000000000000C62FE9A02990991FAB40129FD2EF6D3
0000000000000000000000000000000008ABFC4C024AF1C8FD0710F6FC66F603
00000000000000000000000000000000FB9206550C17FF88FF1FFF49026D0F21
000000000000000000000000000000000C5CF29CF8BEF8710B8F127B04670938
00000000000000000000000000000000EA22ED81FF120406FFF7EA500348EBBE
000000000000000000000000000000000416FFE8FE49FADAFE49F7BA09CBF219
0000000000000000000000000000000015AEF5BCF0F3FAADFBEF04300832052A
0000000000000000000000000000000000741125000400070C6DF9CAFA96097B
00000000000000000000000000000000011F164D0AA7F5D1052504960DC91583
00000000000000000000000000000000F746FC36F9B8F9B8F93515C4EF970703
000000000000000000000000000000000053EC32E875EBCA0816F7F8F4ED12F8
00000000000000000000000000000000040901DE0CAFFACE0F5E04F90C620C05
0000000000000000000000000000000003BF036203D7FA94EF5D036B177BF667
00000000000000000000000000000000012C027EFB75062EFBE1FE32012EF6A0
00000000000000000000000000000000F74C049CF99CFCF0F4FB098F0322F605
000000000000000000000000000000000C36FDCEFEE2FCE10A56FEEA0370EA2B
000000000000000000000000000000000EB50E6702A106CC12BFFFD504BCF32B
000000000000000000000000000000000A54F31FFDD1FCBCFF840AE70240E2AF
000000000000000000000000000000000BC61362EF12FD55F9F90C7D12DA0A68
00000000000000000000000000000000F1ABFE8C00D3F98DF3D4FE970367EA16
0000000000000000000000000000000003CE05CDF3720A34F4E9FA14F2F7FDD7
00000000000000000000000000000000FED4F232F0ADFF4607E0FA77081BF03A
0000000000000000000000000000000008CEF7CDFEE6ECA5F4DD0380F9DE0505
00000000000000000000000000000000F9BD079F17EF018E02ED092C032AEC96
000000000000000000000000000000001FBEF7ECF7220D72F5AFFB0103DCF36F
00000000000000000000000000000000F37C12EBEE6E0C76F23304C6026DE13A
0000000000000000000000000000000001DCF12C08DCEBDCFE1DF43BF481E7F1
00000000000000000000000000000000E0FFF587EFD1FF42E422EAF1EA3DF5CC
0000000000000000000000000000000017461541F5F8000CEE8EFC380589E8FB
00000000000000000000000000000000021BF4A2005C0557FA7D002E0B33FC7D
00000000000000000000000000000000026CFADCFA8BFC5BEE9704C3EC26FB02
000000000000000000000000000000000E70FCA31077068EF3AF02CEED88F3F6
00000000000000000000000000000000E4CB05C70843134BF6A00EC60A9911AA
00000000000000000000000000000000FCF5F69CF9E008FBEF5FFFF9FF310454
000000000000000000000000000000000915F903F6F700F8FD2D0E7AF61DFF60
00000000000000000000000000000000E642ED26F24F1036FD8012DE180508C9
000000000000000000000000000000001CD703D7FD8303D6E444F630081AF890
00000000000000000000000000000000FF39E5C9F81708D6F0A601CB107F0540
00000000000000000000000000000000FCA2FB0FFE281335FF77EE38F802105B
00000000000000000000000000000000FB51EB8EF74D1057F50C06B90154FE9E
000000000000000000000000000000000354FD82FEFB0FFB053DFDE4F8250BC7
00000000000000000000000000000000FBDDEBF30F56155EF9F60009F78AFAC8
0000000000000000000000000000000001FF02B9F2AE0F9B0DB3EE39EFBAF8F8
00000000000000000000000000000000FA4F06D5F11D15BC034F0810F6FAFB83
00000000000000000000000000000000FB5309A5041007FFFCA709F9FAA9F8CE
00000000000000000000000000000000255204E2FA330971133509BAF02EF183
00000000000000000000000000000000FC9EFDC1F354ECD510E909DB1312F017
00000000000000000000000000000000FFD402C002470D0D15F7FFAEFD6F074E
000000000000000000000000000000000C12F2BA05B4F555FA95F0C1FCA5F9D5
0000000000000000000000000000000003E104700A770060083B0118FA410CAD
0000000000000000000000000000000009F20E86EE74FDBEEF30FBF1EF17F149
00000000000000000000000000000000FF43EE8A049AFC9DF7B2FA24EBE70151
00000000000000000000000000000000F6CA06D6FEABFBACEB9901BDF9E90BB6
00000000000000000000000000000000049DFC51FC610162EEACFFB80BA2E55C
00000000000000000000000000000000FA74FE31E6AFF370F30EF41BEE81FFDD
00000000000000000000000000000000F6F904FAF989FD65E3FFFA12FF9DE102
00000000000000000000000000000000FE310818F57B0CBC0B680520FE3AF719
00000000000000000000000000000000EF67FC0CE612F087F20CF88C06E9FF9E
00000000000000000000000000000000001AF16CF45AFF400CCD094904060EC0
000000000000000000000000000000000527F18CFA0BF8CFF334F4870378FE12
00000000000000000000000000000000FB23EA38E7A6FC7DF2200B0501B9FB66
0000000000000000000000000000000002CEFF8706320CDEEA4CFCCF0B8F0164
0000000000000000000000000000000005E7FB5BFBEC0CE9FA98016FF397ED94
00000000000000000000000000000000154201ACEB4504D8F0660344FFB8FCA3
00000000000000000000000000000000124DFDE4F395EF77079BF1A0FC68FAFF
00000000000000000000000000000000FD980693F293F9B0F72008E90734F5F3
00000000000000000000000000000000F67206BBEFF6EF94040E041EF25DF882
0000000000000000000000000000000000A105A0EB1C08FFF81008630F0C093F
00000000000000000000000000000000029C0336098B0D34FF840CF6F092E9D4
0000000000000000000000000000000004C9F6CAFA4BEB47064705330BC4106A
0000000000000000000000000000000009A1FB2F0D42FCF403020EA7F6EFF497
00000000000000000000000000000000FF6606D90A4107C008112104FAFEFCE8
000000000000000000000000000000001C010A5A0187012514F61DC608B8F6BC
000000000000000000000000000000000D8FF60EFD00FB441A04145BFFE4F983
00000000000000000000000000000000FD02F377FD87014DE91E0B1607850AAD
000000000000000000000000000000000CB501EA0B70FA10037809B914360CC5
00000000000000000000000000000000129BF8FEEB2C0A4CFC0A0AB0087A11BC
000000000000000000000000000000000016045C115CFD9C0A0E12D701120599
000000000000000000000000000000000877F8F2F3F30143F71E0129F4F6024E
00000000000000000000000000000000FD06F4FBFC3E0FCAF4990AF7FE30054E
000000000000000000000000000000000B35FD46043CEFC3FEC4F30FFE43F5C4
00000000000000000000000000000000DE7DFEC2F8DA046DEB180989E844E10A
00000000000000000000000000000000F9A10118FE27F71BDEDBFD71FC1BF4B6
000000000000000000000000000000000249F781F1D5E76E0A2413EFF751D978
000000000000000000000000000000000131EFADFAAAF503FE7AF9C2FF6BE67F
00000000000000000000000000000000F73C0E66F9EF005106480736F9B5F078
00000000000000000000000000000000F6C504F0F4D9F356ECECFB4901BF0CFC
00000000000000000000000000000000FE8BF04DE7B2F5710271021CFD35FF26
0000000000000000000000000000000006E80A6BFD6502FF01E0FB6500620014
000000000000000000000000000000000791F95F02BBF0C0FCECFAEBF6FAEBC7
000000000000000000000000000000000182F4EFF8B102EB0A71FED202D4FE77
00000000000000000000000000000000060DEC8EF7EE07BDF929050F0E110769
00000000000000000000000000000000FC18FDB2E905F27C0737F34DFA18F733
00000000000000000000000000000000FF97F704034EFD97EF5304DAF8120E4F
00000000000000000000000000000000057DFBD00B12F8F303890215F495FA2E
00000000000000000000000000000000F7DE07E4FD87F5800093F455E9E1F8C6
00000000000000000000000000000000FE5DFF4DF15917ACFEF4FC95DE88F6FE
0000000000000000000000000000000008E71409F51301C704FB0255EBB80370
00000000000000000000000000000000F7FAEE76FECBF599FE6A0820FADCEED9
000000000000000000000000000000000F5DF8FAFDC5093CFF1A14A7EC0CF61F
00000000000000000000000000000000FB2803D5001FFA0800F0010AEA2BEF8E
00000000000000000000000000000000FF7DF8AE0937F3A20A64F1C7FA1FE673
000000000000000000000000000000000643EF3EEC3B025CEE98F51907E6E73D
0000000000000000000000000000000006C3F8430417F199FF9FF32FE8C4F348
0000000000000000000000000000000001890B86EDEAF56901520B510D8807F4
00000000000000000000000000000000F82F0A4C033A02F8058B0D470F45FFCC
00000000000000000000000000000000FB09F71208A6FB0BFB56F2500FBBFD7D
00000000000000000000000000000000F8F30101FDEAEEA2F139FCCD0122F415
00000000000000000000000000000000047FF8E3E9DDF020F781F50E03FE0052
00000000000000000000000000000000F123E915F2B80229F030042600430567
00000000000000000000000000000000047CEB6FFFBCFAE1039D05E4088EFE7A
00000000000000000000000000000000FF50F7AD0D7DF131F7870E5A15420291
00000000000000000000000000000000FAF30DE6030CF5DCFBCDF73AFA29F047
00000000000000000000000000000000094AF5BCFBF0EEBD03C3FA6C0761F9FE
00000000000000000000000000000000F826F4A4FE1CEDB5026907EDE69904C6
00000000000000000000000000000000F8CBF859FEB7FBB2066CF90DF96FF249
000000000000000000000000000000000A3A062705BEDDBAF291FAB4FE2806AD
000000000000000000000000000000000217F2580CD9F466F20CEDBFECF0EBDD
000000000000000000000000000000000177F62FF9C7E777FC5CFB47F38BF6D3
00000000000000000000000000000000FF4AF6E8024BE21901D40124F709F5DE
00000000000000000000000000000000F8FAF411F7A8FB65FB9E09C1E764F8FC
000000000000000000000000000000000547F1910175EFCFFF80017BEC1EE8DA
00000000000000000000000000000000FC7F0B3CED56EFE70A75FB69F63EF11F
000000000000000000000000000000000DCFF4680717F176EBFEFCECE593FD5C
0000000000000000000000000000000003A60580F46CE818F0D7FD270B8AF3A3
00000000000000000000000000000000FD9EFB4D01D2ED41F1E407410F8903C1
000000000000000000000000000000000E2EFAB9F469F8A7F7922262F56AE8EC
00000000000000000000000000000000FF18032D0640FE58F50307CE091AE90D
00000000000000000000000000000000010DF644086401F803C608C80363F88A
000000000000000000000000000000000535F61DF8A4ED23F37BFA16FC33EFAF
00000000000000000000000000000000F78A00A504FA01E0FC44F78D0716EEC4
00000000000000000000000000000000FBD10894010A0586FFD401E8FDA3F0D9
00000000000000000000000000000000F91BF3E40E6CF0F2F4F600A6FE300A6F
00000000000000000000000000000000F9FAFE32075405F4FA17FD5EFEDFEDD2
00000000000000000000000000000000FC6FE90FEE660531069D021F023FEBD8
0000000000000000000000000000000002A5EEB9FEAEFAFAFF04EEA30501FC5A
00000000000000000000000000000000FE53FAE5017BFF7A0EACFFFC0D19FB94
00000000000000000000000000000000023D07ED024DECCFEDE2ECA5053B0AD8
0000000000000000000000000000000002F0F70310E50AAF119A110AF2420264
00000000000000000000000000000000FBEEEB9709F3F26EFBA0FB52024206BF
077DC7D6FB6C073BF2310FC801C00B96D224CB1E06430F550392FAF908922C45
007900F901AC029A070906F3FD1C081904C609690400F9EDFA9DFED2050AFBB8
057EFCB8FBC1FC93105BFAA5010FF3C7115EF6FCFBF2F9E6048E031F07D40444
0070F92AF484F80AEA72F8EEF57B0344F8C1FC7D0151037A0490FD8E096709F6
E9040714FB8E07430FEAFFBCF2CF0DD703360B55046709AF03EC01F0015808B6
0A4DFA54FE1B15270E77FD711ACFF7D000E217F4FB8D0982016FFD0203D30292
0A730985FB9CFEA009B7FEAA02D7FC40029A0A75EE2F056E04A1071400BB09F7
042E04DCFBDE0172F94702E001640C3D0220032AFB73F6F5FE67096A013C0801
0FF00805040409DA0F5801EC0D3DFE4604BFFF7B0497074DF3D30B82F36DFCF5
0785F8390098F988FC540E3A039D027CFCB8FC060154085DFA5202D9F49F04D7
FFAAFCBEFF450FA8EF120ADA06D0000EF43DFD0A00C5FB89F844FCD5F20EFD4C
03D5FB65024809CFEF3B099BECDA00D1D6C3FB21FD34005EEDA7FB66F69BFAB5
FF04FCE3063BFA7E15F9F612FBF1FD4EE89D0015025AFE540122FF47082901A9
EF0EFBED01CD0A8DD19D05150283F9690E970284052A052504C802E1FF44FC7C
F9B8035604200F61CEEB01F0F027011124DD054A01E1FB58FD6A062A0C9CFC76
FC510C56069404F9EA7001BFF1D4FF7030BE01B503DCFFEA0675F95105CA004A
0A9F04AB00150C810C9B01950985FF98FFD7011DFE5E0110FF91FF34FBAA0030
E8D400BC0182F5E8FBB7FC0AFFE00103F3DC01B8FF08FFBFFF0CFBE3FC51FE74
F3FBF8D600500616178C0030F4CDFF7AFD4FFF0600D80F280070F414FB4A02D1
F3FF03950B0AFC28F848FE840CFEFB3001D8F8B7EFD4087B0D5CF247F2C5F280
038D0BF503C4FF4BEFFD0105F90401040223FF7909FDF87B0B66FAA907FF0AAF
09F4F8100F5DF59EEFFBF9FB1025FB0C05A302D302CB039904FAFF4AF76F0915
0142EDC300D6F3E001ECFDB90777F74DFAF406DBFC5103B4F27DFD88F0080042
FF5E08F4FE42FC20FB0E07030AA4035803C80A51FBACEF16F4FCFE640CC100B1
F538F546039606A1FFCFF16AFC0810C5F77F0D400853020BEF570FCC0D41FFB1
058DF95D052BFFA60750F88D09D3FCB5F7E6013BF2E3F898FA70FD7DFE81F28E
F853091411BEF729FE900396FDE1093AF424F85004AB035C0CABFB2700E9F7A0
0E180C860B980909EAA10ACA022B0E51FB4D019C0FA110C8EEC80098024A0ADF
010D0401FEEAF55E0DEDFF95FF53FF16FBE70236026BFC3AFF9AFB96025A0415
FD0B0A0201DBE9C705DC021905640259FD8503CAFFDE02F505B3FBDCFAAC0669
FFE0040E003DF77709F201330384025B004900E9FD7BFD090316014401E104C4
F7AD0839013E0130F90DFEE50194FEE40718027D03D3012902BFFA83F435030A
014A10850351EF3B077C03F7013306B7F9B401C305ADF517069DF12608F5FE2F
F9BCFF24FFF50470FEEAFCD3068F015E06FCFC3601BCFEA4FD9F0010FAC80074
0D0F0328025BFD99088CFF87027B013DFD9901230010FC2F01E0FE270CBC0578
FD3D08520320F6D7106E059EFE3BFCF9FF020115000DFAC903E9FB73FBF30572
00F90336026FF90A08D40008FDCD012AFDBAFF1000B7FD8303B0FD4BFEB2FFA2
F2B8F46AFCF0FFA4EFD60454FEC7F7F8FA4D0018003E0CAAF7C6001DF771FBCA
05E6F93BF7630CCDFC81070AFF08EFEE1018FFEDFC43FB44F1F5041102BEF710
ECE0F5D4FB730654F9550247E847023C22BC01B2FAE20C79FEF1F42B005AF93C
FAA0FEAC02D3039302CF00DEF532FD14FCB902C0FE890BDDFF30FED6017DF6E0
0927F64EF4430AA1066EFFC30414F07B05BDFBDFFBDFF09FFB0D0F1801F3F76B
E9240D2903830E2DF0A1050EF876021AFC240852FF72FBA6097205C1034AF69B
F830FB29FD6FF92B01E502F2F091FADFF17C00A1FCDCF91501DB01B102CFFE93
F9D7FFDAFE720F3DFEB005A3FC62FEB0FFB10591FCDB02790212FFCAFB97F4E1
E755F7600341FF9BFD26FDADEA6700ADE91A03C4FE86008CFF5EFB47088AFF2C
02BDF8C2FEACFE6BF6CFFFACFFAC027F013CFC7700E5010504C6018D013201F5
0701050AFF230800F50103E601B10450F9000204FF1F04FCF886FF6B0377F836
F8F9FEC50234FFB2009D023DFB2400B401B000D5FD760053FFE7FCD5FCA200C3
FD9F00BCFE560241FC4CF9F2F936057A0482FDE3FED5FEEC06C2F80C03E003F5
075EFC2C0231219501ABFC5807FFFC30FA80E9830D680ABDEBE70296F053E4ED
FF0E0230017802EBFC0E03D1FFD1FB12FED4FE72045A02BD03400398FC7DFE79
F9BA00A60306FAA8EE49FE9FFBAA02F8FF28FF7201A707BC0015F370FE76000A
EDA5F332050FF9C7F7980109F41D04FD05EBF1D7FA2AF3F2F950F3440F65F801
0194027A0346EB590B920122077BF7EC01E001BAFD89F519FEF6F6E2FE960219
F48D016206DA0869FB67FC530452FD3CF15BFF99FE59FCB6F8D7064602A3F99A
099418011B4B09F1285107DBFB030C82E85005750973036F0F28124713F2F67C
0839067A0813F93AEF89FB1CE74E1E63F72AF889170E1AB30197ED14039D038A
01490081FD4EFE65FE85010A01AE0303FE91002203D9068103C803F7FC5FFF0D
06020B7F0599F6C60FA70A4911CFEBEA177E03BE0D27025D0D0D18D30E4DEC4D
0AD307A5F50AFDFCF5BBF65B04A1120E0DC40535177EF9A9075F04EC03040229
FFAF03A5FFA20718E6FE060BFAA5FCA3FDF70457040703E00734FA16102AFE80
F7FEFE70F9A1F7351D66F811063CEFB3E7A4038D094210E9041204580506FAD9
1C081022F83001B8FD020BFFEE0DFD5BFE41FDAC193C16A7087AF2D3FC5705A3
060A0A01F935F37C05AEFBC8EDB60BABEC46F559F9000B1D030106640328F721
02D5035AEFAB07B000D50013FC7AEECEF6DE0B970F70EE5E00ACF48E1454F66C
0740F943F5F302C0F598FE67FED1FBBCF607FC0703FC0741F12107300A4F08E6
FEB6EF27007A0C79F5E6FF19FCB5FD41F88011D30B830317F53811D804D215C9
112B05B4054FFD92F4340C5408C309D0F41F05CF0266075D03BB0523F5FD0A9B
FC0AF537FF8EFF12083DEEDDFFB90DBAF0C2F6EBF209FEA712A4F56B0852038A
0387F3D3F5FAFA86F90703EBF0B4FD98F4DBFE5A0124EEA00791EFE1FEE50E4E
FF4CFCBB00C3FE3403C1002D071E0EC3FDF2FAFE0502F4200275FF63ED211018
FE24F47CF9A5039901F108EC02411443FA7707F0FE5EF4430D1603A7F9940965
05B6094F085902B80D6108D406D10151024A0C8EFEF901D4FE1F06600701F5CD
EFFE0202FA12F995E7981003FD4905B7028C080E033F060F083C012E07D5089E
08DBFA00FCE30AF404BB099EF4F9FE83FE23FAFEFC16FED002340644083D0251
FC4A05E4FA3DFFEE0F6E104D0F930A57F96401FB022CFB9C0644F91510D8FD0C
044505ABFD10F15FF225016FFF1D01B5037805B7FB82F422FB4AF1C10277047C
022DF705F7130538025B1204028FFCB308AFFF95028BF421EA50FB6100EBFA8F
0636023AFD9BFFB60344003F01E80A2807540462F373FDE305B600C3FF21FE56
090FFFCDFED3021309460963FC20FE24031DF99B02AFFB30000FFD4709E0046A
004A07E5F4CD0EB30EA4054104BF0BDFFAC2FE35F779F4A1FAD6FEEB178EFE7F
0D0E017E06C7FB4BFC18091709C304E8F7140A1C000D070BFE4E0AAC02E8EF05
07F8F55C0688FAA4EBE303890DD107B5FC1503B7EE6AFF3905C60985F575EE14
F9BAFA640C360369F6E0F73AF0F209C80BD705B2F8EAFE4F0C83FD56FF5A007C
06AC017B0593F0EF1127F7F100FF07C0FDCC08A8FFB9073F0360FC8A057B03F9
0556FBF3FA97F63E04A6FF4D00F8FA50F67B09CE0E190D4B0E97056AF8A013D6
0CC9F6A90885F63F03D00C200F3906AF0C00017AFF58F71CFFF40221EE51F18D
FD36019B00D4F562078B007D0A4C0770F70D04DE0603FEA00516FAEE0174FA41
020CFCC40606F378FC1F02C00652FADE0289FF97039E0438FBC8F6F201BC058B
FE1EFEF5FF17EF22F943FC560AE4FEDE0482008CFB4FFB87FCBE0116FE76FD87
07CB06CA076C11FF0A72FC7806DBF3210A2BFF0FFB6103A5FAD400C71768010D
0426FC92078903E5F06102560C88FC42032301CA0C22009F02A3056D0957F714
FAC2036F0065118007B501E9FD4B07ECFFB60436FF6E0373FC5FFE9E05F1FC21
03730A6300BA10AB251DF92E0505FACB05B0FECFFA8AF4BC0071FA08F863FD8E
E6B90277FB29FE70FF42F69BF19608A212F7EEB7FE08FFF5EB37F04F05E1FFE8
074F0232066D0988F8B0000EF54C0292FF42FBEA0831079E0730FE6305A20146
035B074A03DEFE7AFED0FDE402F3FEE6053B01DAFC46FF37FDDF03C30C6AFCB6
FAD0081200A003BEF2860165FFEE0013FDE4F780032B0118019C03B2FBBFFE5C
FE9A0673FF17089A011AFDFB012DFE52FF91014CFEEA0345F61E0B8C13E0FE02
0DB6F91AFD30F2A8FF8D0C2C0FEE043FF1FAFC51F63DEE37FEDE02B3FDBA0848
FEAC03FE063CFA34EE190A0B070B02C5E73CFB59FDF1EE0A025AF8840ABCF888
0D5F06FF051106FD05D30A9B073800E4049AFB690E21F89004E5069FFEE40697
FEC4F76E0407F5DEF2BD08BE109DF87400DFF719FDC0F8B9FB2BF8EDFAE7F971
EFF400B1FE4BF80EF68A158D08D5031910060348FBD50113FB9003900DBAF209
03DD03EE0007F690EEF50FDC092B0198FD25FC7E0799FFCF0E12044E0354FA58
005106B802DCF981027A0DDD0DCF0307FD4006C70361E6E40B4CFAE8056B0246
F850F730FB9A076008DB0C93150BFAA2D4A1FDB0FB1AF4BB051202F1FE26094A
12D8F8BD02950E6EFFB704A804DDFEF600EB03EC08E1FD4808A00611F5F8F888
03F10838041EF139057E0085134BF257F8BAFD130108FCDA108CF46F0052F6DF
F727FE550AF90C370C8E033D1A3904B00548FFD6054DECDA0172EAD0FDF90679
0AB8FDB30D5F0688117907BEFEB8F5CD011FF9910D2BF7A5FF06FA1AFFA40102
0D6DFB830937053BF378FD661163F251FD3608630744F9F1FAECFDAF0178FE51
F53AFFEE07D20569EE800CEB0EDF0193128109DD09E2FA71FF1FF928FB4B083D
0DA20179FD0B01BE0EF40E590814F8FFFD26FF56108907CDF49E047BFB8AFCF0
022B02CF0BC60071FDA8FFDF06EFF4EA05F106780A4CFD930852F23EF0340231
03CC054C040FFE84F7F100990093F4F109E8F928044DF65904820DFAF9CF0431
04E609CFF521F10C23E90E57F744EF4AFED70908FCC1048E018E049F03900542
03810092015BFFDBF705FDCDF41F01B8031FFABDFCD901A101A6FE41FE5906A4
F8B3001AFE7DF2EAEB0400D2F80D02C1FFF901220345035AFD18FAA5F7800367
F9C0FC7AFE41F144FFCE0316F89600D70664FB74FF3DF7F0F860FF2F041702CF
005A07BE07E8227FD0090830084602E60186FC02FD57FF5FF96D0A74FBAA01B0
DDD3FC6B0952F7ECFFA90838FEFF046002DEF68BF8E1FB2CFBD400AEFD140B33
F83C00CEFB2DEA6BFCCE099D00EC050706DCFCD9F6BDFAC6F725FDC7FB8203AF
006BF961063B08C30286FE44FDD8FB48FB4AFD18FB24FD8DF8FDF3AAFC7EFC76
F90EF03A0486097B18F20101072D040401FDFD9AFE4B11B0022EF8210387FABD
FE43FF0B00C3FF1F0B27FE020A7E006B0583FA42FE9EF70BF89FFEBDF216F7E2
F6440AE9F1A8108201D1E9E80DB5FE1A03C40A9DF8E60B3F072EFFF9FF8EFE01
F3F6F17E0C8205F70422F04200DEF804F81BFC4E0321FE9C0006046BFBE8FED6
F68EFD0B0AD1059D058B06C00A2E00B211A403E0FBEEF6DB0C3CFC3007690562
FE58010A008B04510008103BEE170932064D050C062BF237F239F587F6E90A9F
FCE0F5F1F393FFDEFFC7F7A100D4F2A30BCB01960176F48D1037F6780FE0025D
09790EEF03DF06E707AA0B77FC53FF6AF820FEE8F89CF9550539F7B2F618F51A
0E54FCC1FC8A029404F506CE04DA0491F829EF52F5F8F8A10366073410BE0526
0448ECA50188FC9E02F6F6BFECE1FFEF001CF4BE0DDDF8D8FE630930F40BF224
F4340C590DDA05240C7AF4F7FEC4EEAD06C9F601F974FDA5F6D21133FD47FAF3
098AFA13FE900767F56CFC7EF3C4006A0354FBDE00840004004305580712FB05
03F0FC9CF78FFEE0F463FD21F9AA0126F906FF390424050406FC0563FE31FCBF
0C07FF1AF91B157EF3560A3FFD0D06E109D004A1FBB60154039501F4F40800EA
065D086F003CF60C07AB0438079F0158FEE10166031A0533FC6504E8FDEA0018
ECD409040AF809A7064A0D2C0EE4FE5308F2036C0791FC9BFA48000DFFAD000A
F79BFE86FCE31471FB3903D9F51E023B0BC8FBA70561EF79FD20FDE8F919FD09
0A14F91D0086FF350119FB24F258006604A7FCC9013208D0FE0202F80788086E
F7761129FECD032F03EA0FCE01ABFA8503750811FE54F7C80094FB7A077F02AF
0B37FEC0FD8405D504A7035607CF0622FE90FE70FB7200D2008B0242048501BD
FC49082007B3F815084FF63107590BEE0CFBF60CF7C7F26F049A0C2C0304109D
004AEE22FEB1F40400890A76FE7507D6FCEE07F209A9FC2A0169FEBCF3D5007F
0D7D05750F81ED3CF428FF31F093FC4FFF41FCE1F32807C001B503A1F62F0CD1
07FA01E8007E06860AB1ECF4025FF6D2F86DFCB506F4F5F804B60255F4930519
FD0A0423FFA6FDF0EFF80BDC071004A808ED11460DAFFDA5F51F03AF0161FEB6
1583FEDFEA6915640BB3F2420B17F599FD250F460CEE0CCCE929F9CCF9DC00EF
FF6A027EF61A079FF45BF3BDF8EA0489F283F277F37A0838FC3FFBA2071C069F
F49CE932EFF7057AF91A08AC002BFE0DF71DFC5107F3F3D008B1F79B0505FEF7
0384099D003E0ABD0068FBFB037BF4F6F00FFAE70A850343F11700AA0324FC6D
FE6DFD8101DBEC1CFCBAFFBE0166FE5FFFE8FEA0020C01EF0326FEF30026FE30
020206A1FE38D1C6FCB407B4FE85FE41F789FFF2008FF92E0629015AF8E1FA30
FAFCF590FECFFB07F84D011A089CFFDCFFCC009BFF16E67AFED907260788FD1D
07C4FF08FE930255FE1A015903BAFE15FC160037001A01C2FC8F02ADFC78FCE1
0CB6F817FF24D20E02D804C201FEF52EFBFBFA55FE80F62A021702DBFC59FFB9
00B904E4FB0EEBF6021206B50B670052FF6EFFBEFDB6F289FCB80183FBF0FA58
FEEA005DFF0500FF03EB005F003C00670229FED3004E01FF0518FC94FBC0FE86
FAEA003DFE7DF53401D9035F00FCFFE7FCDA00FCFD3DFEB106E9FD61FD32FEAC
014D00E8FE3EFCF002B4FF6301DC038F0132FFEEFDC3FE370322FDEB01D8FE31
0EB8FC2903ACF6900CE6F763F7F1E866F01CF7F8FCDFF8F7E97A059FF6180E08
0C26FC76033FF75BE4DCF944EB8FEFF0F95F037CF81AFB9C01120A1402260972
FEF3121C06410054FC21FA1A0780FEB308931013045E02C4ED9B0AA406F3F960
F9E6F3FE0114FEC4D2EF0994013FF71C001804790AB7FD9001CD07EBFFC90622
F836F3E003F0F5DFEA340BFCFD5BF1DDF73F08310958F08AEF97164501FE0583
FB58F77CF507F66C034F005C0035061E03CB0678066402B3EB120B2A056A0CC7
03630608024808E0FC76F568FC8AF8270FC601320B1AED3900B81189F8AE1061
0C6A0B42038DFED4E5BD043AFAE2FBB3FE17027FFF09FFBDFC4111D200DFF7BC
022D0AA605FC002F1D4005C1FE22FC9AFC19FDB4FED3FF3B01D70452106C01FA
0135FF1503D910A80250010C02C0ECC4FA20FA99F720FDA90F6AF7E2FEECFDC4
FE2408B905CFFF36EBF40146FBFA0CB70BF000DDFE880E3405EDF572FD8BF170
F1A9FE8BFC9104CA0E710DB4F6C0016CFF81FD3F05CCFE4B03D6F95E0AECF40C
FE46FF530CD80BCDE9B504190CB8FBD5FD01F9E8FE41F59A09F60046FC69FABF
F73302841024ECE1E566035CF6D3F8C4FFA2F9DB001AF034F0AB0E27E9B3FEC2
06F6F8C6F8950243F9C506880927FF7509F7FB850C5AFCCFF19307F002FD04E6
EEC6F828FD2C02BBF57311D0094800F50BB6FD77FBBC04C308ECF831EB2D09C6
FE4503F6019CF31AFF6F0C590AFF036E157E09DDFBD5F134017F00DB03880A04
FD1CF2BBF5D8FE60F989005AF844084A02510A6DFDED069703C8F681EE9FFCB9
061204420530FF9B06E1FDE90733FCC5FF0BFD6F040BFF29FF43FFAFF670FF1E
104502C9022EEC78083DFC4F12C9FE660BAF031604E7F8D104A2FF37F8BFF910
FAAAFE5D009DF5ADFF48F90D0A23FFE30479FD66FEA702D6FCD1FFA3FB660099
0E04011807D9DE8AFBEDF9FD0B44FB00F564FD860225FB340692FF36FEEEF8C8
DC52F8F50314ED7006ED013B02410242FFCEFFE3FBE2EF03FF7A02FDE7AAFCBC
0F6F02B0068BE82FFB140098FD9E00D7FE03FFA0FBCDF68B050601E0F3F70397
FC7100E2046EF50BFEF4FD6F0121FA9FFE4EFE0C01B3F7DAFD9502DA011EFDA2
071B046A0158D276176EFEB80CA5026C005D0137FE53EF7B033D04F301EE0220
FE69009A0458E41B029DFD960AECFDE8FCD8008CFF2600B2FD8B031A0D2A01B2
EAC4FCB7FC70FAADEBB700FBFA3D00A0FF59FCE1057E0337FFA906C3F9A9FFB7
FCA0F084F9F1E624FB76F87907E4FE0F045FFFEF000A03C6FCEC0C20F3E4FB6C
03C5FCB5FADB17D2FBEE008CFD000122FCECFE0D0153041402BBFEF7FA68FBE8
FBA7F5B0FBF1FBC5F09AFB41F7D5FED001FBF627FD720D99F990F7EFFC1501AA
FAB6EB830667D98DE3ADFBA8030800261A05FB900062FE8005CF06BFFF010232
F30D031D0003ECAB0BF4084CFD9CFFBFFF75FF25026DF884FDD5FDE01B820452
FFBEFA1BF9A5EC58F2BBFD6DFE53015F025BFC91FF1C08A7FCCF010AF9210221
F577F987FAABEFCFEFF2F5530269FB5CFEBFFCCFFC7CFEE2F2C305F3F17DFF00
FE53F88EFA240122FB31FB82FDCEFFAB0033FC57FD830576FD1C00A4FE140127
FD1DFFABF6D61317E16AECBE07F1FB46EFD1F00F0BCAF1FAEFFCEF951916FAC6
0A69FBFE025CFF89D9B8F0B2F9BBEB5F12F2EA0E1F22053AF893F4D403B0F145
0133F83A004A0524E5E0FEE1FAA2EFCC0AE9F29B01BBDBEDFC61F75D15E306EE
02FB0110FD7515FA0518026803D9FC000202F3FAE392FA9B03F3F4EB0F39030E
02EC1B36F925224C03D6F6E3FDD4124607A5E755D9D8F4C3EE23F9CC18D0FB0F
048B0A55FBE80B9A0D8802BEFC2C01E7039DF724F287EDE1FD0BFAC7195C02D2
F72FFD1BFF0305040998FABB0B1201E707B2FC6FFAB1050D027C0130FED300FF
04AA03C3FDEC0CD0F50AFC0FFA7402A6FB5CFECC027CF9D9FA7A0538F7540249
070202AFFE82004F034201E402B4FDFA05BB02B0FECF03AB0066FEE1F9AB06C3
EE84F675FD371171EF7DF712F635021504930618FA47023FFAC90200FA3AF997
017DF7E0056FF2C603B7FC530498017F012FF040FE080106E8740A411535F20E
FFED17F2FF7E040A1FBAFF73F96BF7F50D4A05CE08960465FBA310630203F4E2
FC85EE1D08890C95F5DA0A1207A60CA8FE79FDD00586073BE603FB5603F5FE39
F2B0E40CF61807410C3A0350057F03C00867EF63FFF40496E9DC107A02D0F41B
FB92FD00030A01C3F5F6FC01EDA7FC14FAF20FEA032A0363ED4A1AE00BEA014C
FA54F30A037317A313F9FBD3EC5D0FB6FC4BFF080D2BF8F6010AFF4E0216F646
07D90BC608D0FF7E0ED703E7FC61F51FF39FF6DD087F07A0E92F03650DEE0289
1467021D09CBFB4F0944FAABEEADEE63FD1D06D7096E021E04D00C55FD550396
03160569014DFAB5FCE4062E0B59FD8602A200E0017CFD0EFEB4FA78F4B90462
0320FE4001780B820B350408F93B0241F86101CBFDEA0634045DF8BCFADAF885
04C50280014AF73DFAED01160980FB95FE2F0034FC39FF0AFE940035FD8701A6
0234F9D8F98E0822067808BB012BFAE9FC90FC9DFC4FFBA80479EB02F639F917
FDCF07E20A5DF897F4A918B4167A00510F7B071100A8F8391D4EE4B6EFCFE46B
F4AFFAF3FE2E150D153B02EC0D9E03C9FC110475FF7EFD240887F23EF2D9EEFC
FFDF02AF01DB03F9094507A9FF0EFF8AFE3402EFFA09095F0F44EDBB008E00E9
07420579FFDCF444A9FA042A1A06FEDD0562FB26FECEE929FB27F3E0161305BE
FA3B03AD034B1B2917DE061DF400046203E50090FA46F4F40020EEE409BE0AC8
02340755166C0BD30495FE8EF89806770DF308C7EC4D0D85F92D05D403AE0DDA
F4E5FB9CF5CBF8FE077809630074FC4A02910A13F1F8EA0B08A8097A0E9C0319
EF72FA5813FDF8A5F5E3F57B06E008C70ADBFD52F661011B04BDFA86003FF51B
0956EBE0FC9FFEBAF20AF8C7F4B8EC1FFDBA0CB6F491050D0E680AE402D307CD
FC39FBBEF8D8017AF7000514F8721792FAE4015DF971F4880169E9ADFF010738
F6FE06D9FBF4053CEDA6F646EBC9F31D0B1C078C03C0FB3EF6610A3AFCF9FF36
FCA905400896F973F7B707F0032407D004F5EBB0052B002F074DFEBF0F2E0113
0DD4F88602CDF5F901CFF440F7A40EF5F69207AD13B008CF0B6BEA80F9E1FB00
00510913FA76FA1BF2FA07C4FB91F61B05B5F537057F0AF50818FB60FEBFF5B4
1A5807AAF5DB0E13067AFA120E360072E1FEFD19ED1CF3A4FBC0F24FFA65FD47
076A0D3900EEFFF9F498FC14FACDF96608FA0872EB36045CF188FA5A0B71EB47
17331AB0F92C0707FBBC041400CB0400FF0A0510F17304410A71FEC00D82F236
13450490FC6105F5EAD104350693F9DF07140046F584FCDCF387E95600AC064B
0F36FB03ED57FDAFD858F4A4FA71035CEF550A6606EF0791EB57F3350F87EEE7
14680124FB7FF8E5E181003103CB1348F7860C45E4B70969ECD803800DFF0FEB
19D9FDFDFC3E0A8000E3F2A21400F6AC02FAFFCA09E0FC500493054FF1C9121F
0BD60DDDF8A7F006008FFBFB00BAFEA501520A1700250538142A0313FC3F087A
17EA1FF20204FF160958FB6C07B50D370396FCFA05140669124FE9B8FB770F1D
F809FB95025FF704FE9C020C0B0C017B005AFDB3FCCEFF02020AFE18FDBF0321
F626FEC705EB0C00032DFE62FC3A0305FD63FD00031100F003D502CF092FF46A
15480602003302CD06AD0248033FFE08FD4C0324FFA205A305D701D3FC2EFBD2
072D0F7F09EF0E58EDEF0F9305FE0266E9A20971EAE2112612D6FFEF0160FE0F
0176FBB3EDBB0592F6B91069141010B6C7B6138EFD660A5B0C3A10DE09E5F606
F6F4F531101D02E2EFB3FE1CFD72FB3AEA9006D905370724077EF286F317EF87
025D037EFA180841F8870E10EA7FF0D0F4CE00AD01ADF7DB03A3F794EDA107C4
0045FE06F09CF93F03940970EFD7EA2FFC640E84156A0F40F8A200E201B00F76
045107D204EA05520457FD77E10001BBF5E8FEFE0A87031403AFF255F959F9D0
22DCFD4B00D5FD00FEED04E817C4F64300830252FF28F61C05330921F0BBFC2A
020AFA3FFC3DED65086D076E0A5C02190E34021EFD8CFF4010B5FC7FE15D03A8
FBC708A4F962097105A6F45A064303B306E8FD12F6D1FFD0003207E7BEBBFC72
FD55FA1E01BFFDF6015F0191287A121D0995F822FFFDFBB20CF5F6A4036704A8
FB2FEBEDFEC6F84DFA83F4F61E8AFEE5016DF0B2FCA0FCB30677EBD5FA1F1038
0C48F7F3FF8608130FEEFDA109BA048509F00594F3E8014BFBCBFE990584037D
09E50281FC0AF54CF7C302FB1AD3FD2804E3088B0574F11AFBA7F56BF40CF2F8
0DB40AA0FCD905A6FBB7016C085808EB0146F88D023BFCB604E000B7F8900124
07170DAD059EF6BB0AC7F8F71B00FB9A0ED70DD903BDF996FAAB0D3C0122039C
F83905ED0A5C11D9F4D00608FF9EFF1103E5FC09FAF10826FD8EF4E0F8EBFC18
FDF9FAAF05260F8E0EDC0EC9FB8F0232F88CF9E809A7F770F781F383F790FA39
0200114DFB9CFC8AF6DA0C4E0A99FF4BF8440413FA8904E3FC15FAB1F40CEDB8
F5C9F9F006210064F2C60DA00535FA88FD4CFCEE0914FB1501AFFEB60318F84A
0B0BFA8B026C06A3039111D5FA5AE87CFE4309B0FEE80A3606E8EFDA027FFC91
00D107C70BA2FAA5F12A06FB0B86F89A0824F8FA0E06FEC1FDE6F9F202BDFD6E
053B0449FF1DF2D9EEA10094022304DFFF7FFDEFFE5EF7FC016609DEFCA4FB1D
FD120762044C03DE0B300CA9F95BFF1AFCBCFF08FDCB042201D70312028D054A
FD1F02A90725053C07F0079104B306E7F920FB48FC3D0DFA0136F8E30368F8F7
F5BF08F60090EF04FCEF0A0EEC2EFA5501600008F51B06AAEE7705D2FCD4FF98
0C75F5A70109F15B0AF9FE21F675FB82F809F99207CF079EF426030B0F780CB8
FB4DF1A6F18F010A0508088AEEA7FA7AF5AF01DBFEF40F1BFEA30F05F74AFD81
F2B10455F6E005EFFA8FFF44F138ECA4F4AA152800C201DB06D8150301DA093A
FA6B0F86FA2CFD67F45405C209C4FD11FC050CE305DBF6ACFB7DFA45F59DF92B
0CDE0591FDDEF20702D30420058F0CC80F65FC61F9F1009701A100C5FB28F64C
FD2FF519F8E509F5099EEDFBF43EFAA8FB7AFA7F0882ED0F0972F89D0ED306AD
EEA5FE68F3A0067809E0F4ED0D1B0576FFC70E9A0A60F4DEFD33016DF662FA98
EFE7001FEC02FD8C146CFB61FB4BF46F06F00631EED0FD3106C4159B079A01A6
0253006EF819FF7D0F15FE060640FD2F0393FF75FC9C05F0052EF93CF12DFF0B
E7AA02D10EBFFC1C0172FED3F77AF333FF27F56B05EEF948F31C05FAF8260290
0F2BF926FDE1E17CF2CD005AFEEF02E205B002E4FEA30D960B5C0719F25BFC16
FB18074003CEFE600DCD09B9F9EE03BFF78603240408FC2F061F06C1F175FCB3
003BF8AEFF500472F3410545FF8AF1D1035AF9210D45118002F505A1F22200A9
0361FD3900E1F4BDFA9403C90347057F09D2FF5D0795FCF2F8D2F54CF59FF21E
FFD601CE0017FDAB05E50427FF850054020803FB03A000D2FE5FFC4DF8D3009D
0B1B0487FAC5EEDEFA1B0CBCFA1B0405F7010A7CFBCC02D20B3903C0FC40FF5A
01FDFEA2FCB6E466F041000EF9A4003E00A702C0FC71FDB705C2FF52E1FDFFCE
163AF618FCD01137FF6403A8152809B4064904DA09E1F9660F30072F0067EA4F
FDB5FCADF5FFFFDD07221376F34701E0F74BF0FBFB6310301789FC000456F0D9
0363194CF957FF7505AF03440991FF5012D6F0BDFC4A075B0D3406BF03430012
064AFB34092DFEBE04B514641158FA5F0445F977001B0E5DF7A50835FCC5FCBA
FA90EE1AFCD6F0F7FED8163EFBAB03E80282FDD8FF07F9DBFF510917EF31FE98
0724082DFCACFB2BF3DB0E01F5B3019DFCDFFA94032005D505CC0F06FF97FF72
0DBAFA05FD28F5D6112D0FFC1327066EF55F0334122EFE890F00FD40F6BFF474
00E50047005DEC51122D10A3F990F962FAC5F8D2FF0C118D0D2B01E2EF4FFF0F
0404FD1600B6FA8F18340176E27AFAF3F4BB08060D24F8DA0303F714F9DE044C
F289FEB10725FDA2FF14FEBBFD010324F6850095041F03F800DFF82AFCFB08D3
040D02B3FF75F735E9C604CA0A91027F06E8065FF9F20876F49B000E0543F4C6
F133022FFD7BF9AD0B660D1D081207BB13B2FC210575FD5903DFF9B5059DFD1C
F796FE75FF610912F953087617210827FDD20785FDFD0583FD3C0074FEBFF737
F09402CBF4E1028AEE34015310AD01C8083F0381FB3AF2ABFD3C00080950F824
05470BF7FF6F07B2EC4201A5F9AB06ECFE0FFD8D088EFF5AF8DDFF390928FE56
F79400BB0331FF51000F0D9C0442FFDAF33100CCF96A038F101901E2F597000B
0803F8F0FF8FFADBE591FE400424020D02D200DC027904C30CC0F5EBFF3A01E7
0A1B04DDFCD40100FAA0FA380881F687F996FE81FF82062EFF9DF6DDFE7E0BA7
0781FF08008B06FE08F1FCAE093EFD0E00B802900027FE34FFBD04660126FCA7
FB790B8503A2053604FC022C0134FFBCFD2602BD0366F79D073E02B2084906A7
0590040A04D904C40A21FB970381FED202E802DDFF5F001C082E02FBFF4D0A01
F4630E32005AFEF210FE03200D140452FEDE075E0136FAB8093F05A0054701BD
F6FEF27703DE05E205C702A0FB2FF6E904AB067A03E70400049D05C3FD770584
053BFF55006B0CA6FE40010C06E001360C30055F09D4FCC1024D0B2CFE22055E
04670000006111170E4F00700188FF0FFE8D031DFE99FAD403B2FE660F01FEC1
06C0045F010E0B3E05A5083D047805C1064EFFFE07A8FD6A124FF9FA127D02F5
F6D1024BFDDB0BFC0565FD830184FEE3008C0239FF53FA6FFE3CFAA20FC30241
EE53FD8D05E8FD6A0F0A0243F75AF66CEC24FB6407680105F4430691F9E6FAE6
FC67F80900D7000E15AAFB87F42CF341FBA0F12FFA6609A909DEFD1DF2CEFD66
E8C8FB3101AFEA440CBFFE3EED8EFCF8E54EFA16F9A8F24FFC6D0F8C0113FD05
037F092EFBB3062A02510ED10E3AFECA03110A3FEC5BF80B07FC175BF701F5BF
089B0188F60815BE0B2E06F416AEF8E6002FFB6901B7F63DFDFF12D50393FB74
010E16BC01000249FE7808761B32F786063201C90112F7E900EB0A6EF271FA95
E902E9F9012A038A0FEEFC9105FFFB0DFD61FAD500C00251057913AA04EC0CB4
FC39FBBC0A78FA12172BF4B3F576F81B0B66F809F6FF07040B0C01B909E7033E
FF87F1BC0035FF3D0AD90A650B0D050AE9F6FD010285F42BF72AFA12FD7407AB
153CF7EC0D0FF5AFFD93F57BFDDCF7BBFE3D00DA0E5D028C02B70AD70444EAFA
ED9C049E0C6C059310E603060021F967FC90FA6E00B50C1B0CED075EFFA3F780
00B705E7068E07F31E66F7FC00F3FF2DFE6BF68D0269FEC7FAE60C4FF897F38D
F71CF91604C4FF4EFDB6FB88F7360F0FF553FD3E0BAA03110A8002690CAFE750
05A1FB9DF102F2A6FBCD050CF9E50401F26EF7A5F67F0D120440FC16FFF2F513
E403089908161CF40BBD1342023CE6A6FA3EF1D7F987FDCE03F6FDC9FC82F2B2
EFCDFB8E0FC3F5F60B930240F99BF86AEEEEF582099E03B4FC24FFAF0BAAE361
F68F008C0409F8FD1A8608050432F269FC6AFC580FF011C8F2A504DBFF4CFA6B
0132F9D2080C13570477FCFC003A000CF98FEC700148FCE5FB52F546FE35E762
01FAFDAFF1B7007DFCF20420FC17F840086AF74D133EFD73FF7FFAAFFEB8FC4B
1338F649FA53F6F9FE16F696EB79056E1287FB3BEE68FE7AFF0E01C2F972004A
F7030D0C12D7FC3103640D680F31FB940CDA06DDEEA7F790086EFD30F386F77A
F1B50583077CEED5055CFDC2F6D60676EB1A0512FF67F1AFFD54099CF4530162
F888F2C90C62FC4C121507E60B53057FF70D052A0A8811D4F43E04A8FF790B04
FF12F9A8FDAE02E2F1850CB4FAE3EEC5FEED070504DE056BFB080EB2F31FEF26
F29404CAFA3C0D0B098CF071F7F8FA27F7E40976F83B0F0BEADAFC7EF9CA05B5
FAEB09720C56F06605AD0E7BFB9FF072F8580B8607E80BAAF0EC01E2F8E0FEE6
EF00028EFEF00CC80422036B07B1136AF8C40A4BFF07045B0845F77206E605F0
1388E9840AE41246083E05EAFC96F8DEFCC80992F8B804D0FCDCF866EC450976
117FFBE3FCE50FFC027DF8E6FB200128F20001E6023605E506D20A8401FA0941
05E1027F0CAC05D7F54D03F9000402DD11FAFEB5FB7F06A3FE9A100AF98B04C4
11F8FBD7FC2604E90240FB43F2030200193B0109FD74F6170792F3B70C52F571
095906D8FD59098E0252FE89F978FC05000510DE0AA2EF64F9A20268F506FEBC
FE97FA0BFA3CF8330CF6FFBC0D6FF071FE990D31028BF2FD10CBFA1AFE230957
03DF043FF6C5F209FD7A01B10706FF860104F70FECECFF2DF5E1FEB3036A0596
F09CF2A2F616EDEBEFCB15AD0505F56E0CE110C4F18C08FE0EC80D9AFF12041C
03FD05D2F3D4137AEE660D0A09A108F30A2B0ECD1070FF21035C099106AAF910
0C16005DFC5DFF450E3CFB1B11C40163F9B40086FEFAFFEFF8E002460016FF82
FE4203FBF163EA32F721F9D30D180AE0FCE802F201F005CF0578F95F041C0492
FC3704B60087F87B06B4003C0631030DF87205B6013002DC005103490466FD19
F7B4034CFAF6FD081B0CF61FF3EA03E0FAA1FED2F474FB91FFA8F6790613007C
FE7EFFA7FCEFFCDDF910FC5AF62109A80E6A0596F6A5F65805500573E946F5BC
F70C052500D20557FE50F8BC0079FC33F6CC05A804DC0A180AFA04D4FBAB054A
FC840412FF8E08280619FF41FF24FD67FD14000F061F002A01BD0676F95BFDC0
EE980574042EE8BAE7B3FF1EF4BD097CF9A20641FED2FD45045EF4DC024FFD03
019F0663046702CEF82906CBFEDAF984005402BC07B705BB0483000DF7E2FE48
02B8004DFA3115C90BEF0280117FF44FE01CDFE0E915D8F80558FFE80D7A0349
FE220B7201A10EC30A561321FE240121001702180FC70C67FF02053801D1F78C
FFAEFF2BF79BFCC9054FE62E09BEFE93F86FFD2606B5F76D0CD10480FBE8FB23
FC3FFF2DFB01F8D1041A0B6EFBF0FF3AFDC3FE150206F4E003ADFA6E0032F830
010C03350253FB590B33FF8DF5F1FE6E026BFAFB0DE6081CFECE01510411013D
088311920281112EF3F9FE1D0752F880F987FE4AFB7308BBF98002E6FD05036B
0490F702FCD7FE01080D050E09A804C5063A067FFE57108BFDD8078BFC250318
00ABF9A1FDD20257FCCD0C42057707E90154FAD3012AFA33F9EE06870620F8ED
FF8BFA24F9BDF274F4AEF71F066402A2F73EF4ECF468035CFA84FB79014D0855
03930106FE9AFDF505D910C40B63095EFA7DFBFE05AF03FDFDB6FED90507FCB6
0B63FAE100B300F7FC4E07AF00BCFC34FC7D0235F931E677F75204180CB31280
FFE801CCF994FE7306FA01C50AEA031A002D00CC06A5050F0AC1F6E4FD8712F7
0AFAFE9D0318FCA8FB210D09FEF3FA12FDDB049FFAAEED39F692062604580242
FE94FAACFAF10524F796F99502F1FF59FEE704FF019CEED6F788FF4605A90DBC
00D903FFFFE00C4A025507E7023E0803021D040EFD7214AC01F7F85302D80E9A
FE9EF6EDFE40081A0F91F2A0046B077804E2FE5BFD0CE4B2F40E006B0375F982
00D1FF38FEECFE23FBABF248FE8600FCFF0401090226F8BE06E2FF40F6291178
008CF8F0FC62F97606F8F2F603A50423F9A4046DF6E70A29FC38FC9DFECB001E
0131F53DFD1CF8AAF268F3B4FFABFA99FF50002AFEA1DC5DFBD701E4FB021294
022CFAA50EB304CA00360716F6B0FF840FE2F05AF881FF59FAA105A8FF380595
000AFA350415F68F040008AA019DFAFF0DB3FFE1F002FEA4FA021375081F023A
01C4027AED91F622023309E2FD61FBE5FA3D0396FA7302B20222039B14CDFED9
0BE8FDAFFF5FFD81FAC308C5EEA2078E08C7EC5F1075043DFC9609350B881024
0399F98EF9D5F761EF540FE60A02F916FB6E04590817EB870271FA7F01D6FC6D
103EFD99F5D9F63FF5FC0BD0082E064F1052F89A0D1AF87F0855FC08013E0368
F9D8005E1086002F06610E38F3D3FC56099102E5F5BC0205FE8F016E0026FF64
0407F9420721FC560732FBA00E81FE63F2B3EFD9F871EFD3038F00F3060CFFC0
EF150351FD54FF8F16EE042102BA0D2EFCEBF2CE0A4D138BFD6507780C1E01D2
FB04FE0201A90320016B01C805FBFE72FE4003390220FC9EFD1A014002570EC7
00D3FF7602BC067E034201E80AF102350041012A01560646F7E7046DFFC2021A
FFB700B400E300B0FE2700B5057602A5000200FC031B02E0FBF4FDFE0467032A
051DFDA101050200FE7C069D02170219002BFF6E042B0209018002E6020EFDFD
FD0FFFDF04FC0AF3FB95F905FB5BFC21037AFE7E051CF7FDEE8601F0FD2C031C
FEF8FE6305D2023909E8FA9B0236FF51FED0FF2D04E50B65FF31FEFFFB0A07E5
007AFF22026B0292FFA201030415FECFFF90FF6C00FE0218FAA3FEBFFE480689
FD36031D042A08E1FC0E057C015FF8C3007D009B03A4FD59FFB9040AFAF304E7
FE7F018800F20260FDB6FD53046F012CFDFA020603A7F86A012CFD7E047D02C2
FBB403F2FF6C02FB02E0FC54FD5F0788FD4000ACF8FAF52EFC64FB64090C0900
FAC3FDB3FBDB0D45F79803B20B9FFE35FE4F040B0264FF6203D807090B74F99E
06140505FB65FF0100E509F6FFF5FE88FA0E05C7F96DFFD6FED80207FE3DF1CF
FF4AFE61FC8AFF1A05FA0152FF4F015FFD75057204350940F782008E02F311BF
0217F94401AB0E4C0589FEE1018AFF95FE03FA1BFAC8F67AF42B07500016064C
007602DBFE2303620513F489058803D70191FE45014706F6F809085FFABB09F3
FEB6FDCAFF9DFC9EFC5300E9FB280687FA5301EA001003B3002AFD3F01F9FCB2
FB970149FF80004404380171001EFD7BF95D0338F95C0072F84D067704DAFCEC
FFA404D5013AFD1EFFCAF8950078043F00F802ECFCA1FE900521FA380074FAD7
0088046200C5FF54FFB3FB7C031C0162FE07F8840338007C0550FF9700DAF7C7
F879FE7900B6010D02FE09000A4E0291FB0203B0F775FC1EFA7CFC7EFD4B028D
092801D2FD7B0138031BFB2CF409011B01F701CD0143FD4100C302C8FE2B0678
02AD08B9FD0EFCC401CFF5C0E79001A7001EF4AC01EBFBA4F96205A70453149B
0343FE4D0033F88B093EFF3CFFCAFA5EE5C9FB6CFBE9019AEE6502AFF85AEE12
0454FD6C0143FC13FDF7FA89EB890213FED1FC8BF79B0450015500A100850666
0628FC53FF78FCCE0292FE39EDE1FD44FF1C023CF7F7061300F3FE54F9700630
019BFED1FEB4FB6DE75BF270EDA6FC24FD6E0C5A0B8BFD9907D2F72EFC820B29
0AF304C7FE7DFE5102B902E3EE19F79EFF39036AFC6AF87EF9D801D4FFFEF41E
006E02C1FDE106B2FCBC007700BD0173FED3FD6A0340F3BB027CFB2FFBD2FFC1
01D8FD380E410BF20F710667F33519F603A203D8FDEAF4190247045E02811387
FE4CEFF8FF5CEBD30BC5EE9AE22FFCFA295EFDD1FE2F0282EC950610F1CDEBA1
FD82FED4FF0AFA7FFF7708F7FE55F9F505B1081D09580359039D053A0487FDC9
FB8E1B4C081404F21290F480F1B6FDAEF78104EC1726FCBC0BDC0CECFA732091
F649E17E06DE0097011BFC48F00BF09C28CFF24BF7ACFEF5F9E907E40ED2EAEB
03D802AC0086FF9F03E10156FE2A00F206920494FF540476FB59FEBFFE8104F8
09C512CC0D33FD5B06A8E06EFA2BF77C052CE51A09790A8205F002D40DBF0639
01E0F2820B9FED450EA2061AEC18EAFC1B42F4D8068113CA07EC019DFFAFEE7D
02120ABDFFCAF78E018B0A94F057FF84FA61FF150605EBBDFE3BEF160462F396
F01CFEF4FB0BEF330C3D0E5A080A036A0D640B1FFB9FF8A0FB14FB72033F0E25
0236FC0C0D4EF8460BF70076FB35F488F1F507DEFF7B0708FC4FFBDAF8BFFD89
0E60E951FC73FFBAF42D00CA086AFA9AEF79F8F8FEF207C1F89BFFBB099C12C1
EBB4FB62024F08A8F7AE1055018EFE7606C000CD05FFF0C8FB0905C40761167C
09E90846F96202AFFB190920FEC20510FC4D03E7F772F6D50B2CFCF70AB5FEF8
FD7DFEDDF4A50A64016B025903E60076FC440292FCB40E52F29AFCF5EE210EBF
018DEB7103E7F380F03D13040FE6EE94FC2CF8B002ECF04E01A306D707D00763
FB6EF270EF78FF21042A056F0C87F8E80BD3FA48042109FCF5C4FA89F618F691
F6B2FD7E03C2137402870D7EFA15092BFF4E00AEFE8BFFEA056605D1FDBAF3E4
024E078D00AB0EC108A10B1AF72D05D1FD2AFF1A10090427FF180C1A07880723
FC1EFBB500F404590795F84F0E310C46020EFB85F5FD050C0A7B053F036DF64C
F7B8FFFBFE17FFD6099BFEF5FE4A0032FB08ED54FE4509D005AF0B11FE1EFA5F
0A08FB080B17FF11001F0FD60E69FAB501F5F089F3C50298F97E08F9F2CEFB02
053F03DDF8A10564FE51053C04D7FE80FD43FF9C01E112B6FFAF04050207033B
F77CFDA0F856FD940505FBA8FF8A0C9CFA30F456F9E701DF0366045E02CEEBE1
19ADFBCDFEAAF5BCF71001BC0BECFE67012107370A54F0CC01E9FC2EFDB7E773
02CD06930D5E0D6C1026ECD0032BFE09005FFBD7ED390AFD010F0D8DFA4EF9DA
F8D3FF91FFDB093403F308CB00FEFFF2FBBFFBD2FFDDF4C6FD3B04C2FBC806B7
07E803D805BEF83A04F4017EF2E50221F634FF0D00FC02A3F56BFBAAF5E9050F
0C1FFD98069CF7D6F1F00B83F7FEFA1F093701F00BD3F50D047E04FB0B09FE83
FE68F48D003C05DE00C5031E08120552FFC2FD050093FFF2FBDEFEED057D11A9
01B100D3FBB10B2004DB0179FBA8FB5605A311F6F9E8FCDB09E80652F8A9FEF5
067FFBE80158073CFC1D0617FB6202B8FE08FC860AAA054CF7FAFF5FFA43F1D0
03AB03C10233FC52006DFD0203B1FB87FE86FDC1F74BFBCFFFCDFCEBFDF2F703
021D016E03D9F681008F050BF9B7FC1AFD5001CE0113FD6FFDBEF57F0199FC71
EF83F28B04A6043100E5FE030384FC940117FA5CF5370BCA0109053501241A39
FEBA0481003501260002F2B7FE9EF3A601F405C3076BFFF0FCDA0183073FFC9F
F592FDE705C70C8CFBEE05E40727FD60FEFCFC61F847FE5AFB4C0EBCFDB90995
03FC0116011F042C049401B7FCF0FEF7013005A004270267FEF701BCFEC00225
0852FBA0053DF6DF0636FA25086A031BFF10F70BF8D4FF1EF979FA60FDDBFFBA
F208FB1F0E200A8DEDE9128D01980C8EFDEEDEB6095603BB0123F923FAB5FE46
FED8043DF979FCC302400282025300C4FE0AFC35F5F7FB1FFDDEFDC40546FFDA
FED8FE5C04B504B9FACFFA10FE0503730AC6FBBC092D0210F9600112FC9CEA65
0717FD7B00E90A4CFE6DFE66FF37FAFF0283FDB105B101CBFD6909E5FE6F0B82
FD520359073C01E4FAD0040CFF6B029402DBFF01FF8302300305FCEDF7DA0548
080C0D11FF39FE5EFE57E9AD000801170087FD950F0FF6E4FB96037B0783FC7A
FC0D02C6F489F9400AB3DBFCF605F941FE290A4101C1F5F8F08907DE0108FCD2
0E28022AF652FCDB06DAFCFBFF8409A1036308621AC6F344FADB00EC0740007E
0C8F0869F4C6FA790424DA8008F8FBF4055CFFB5059F0AB60D410A38FDF0089B
FD930F35FC5507B900E9DC4BFD57FBE1FFDEFA7E0DA000F6F5A805C6F60EF9ED
016D0B91FD1A0366FB73FA94027FFD72FF16FE510855EE1307B00918FD020198
F51EFCA6FC31034F0518FCC10CDA08C4FFEDFF1E0BE6F088FB5103E0F6D60BD9
FC74131CF4E9F9F9FDC801570BC402BFFEC702E9FD55EDC106F2FAF2F5A703DB
FD6605EDFCB4FD23FD17FB4C096FFD9DFC21081617E9F8BC0E6AFFCDF7930627
EE80F896FD2CF17D06B60F81051E05A2FCE8EC0A048EF271FEF7FEE103EA04AA
EC8C01E7ED32F2BFF602FE6BFF1BF90402BCEF79078AF683FE8D0147F7590FE7
00A80BE403CC0103FAFFFF9BFE6DF8540C44F8E60D4CF04F0591FFDA0133093E
E8AF024AFCA30861F8BB02710DEDEF5DFC78F11319A6FE5F0135FA090FFFFB7E
DF4CF94E01FFF457F9500FFFFA68F61E056C016A1076F40106CAFC93FC780479
F9661D7208DE08DCF7880D8AF874FF5C053F062E032A0624FB1004D706600718
E31DFA41F6C7EE450B021E930CEAE90AFDD6F852052BFBB8FB82F77FFF3D14FC
F3AC0F8B02C50263003D051F0386F8E9013314F5FE9ADC2BF6A6027105910796
051220D8FB72047405E4F2EB016900C807FFFF4703EC051F02D004AC01F40484
FA6BFD43FA4AFBADFB240226045BFC66FC5702010045FF7BFC0CFF90FE9208E3
F9FE0112FFF30637FB0AF9A20959FF1200B5FB88F8F7F925FF8C046DFCEA0C62
FEFB0138FBA1FE7406E1FAD80B14FF15FC18002F032F04D2FB47FDB7FD3EF857
F79BFFF7018B02E5FD0FF925EB040031FDB601C0FC7307D1F3C7FC38F811FDD6
FAF6FD31FB86E70EF566F136F10C0166F6C3FBD1089FFB54EDCDF95F04910413
F4EB040BFB8E019803980265FF5400CAFFEEFDE800B90DB3F628FD06FFC502BB
F894F4C8FC780C6A0E09FE4EFFF203E0FCA8FDD3F7EAF866F58FFE5C03E3E238
F8F8FB7102670267069AFB20040006BD0261FE29FAC70263F0A3FC5EFB1FFD4A
00ADFD4FFB8CFE2E02F602D00B43F9DEF7B0FCB7FC6D03DEFB2E09D90418F7A4
F87AF96CFD580036FEF8F802FF0A109E05D702430986016D02C5FF71FE2A05E7
FE8CF649FE221227F444F894076FFDB1F7DC03C3FC1804371549FE74F3F0FE45
0ED4F94A02AD0261FE54ED9E0877007FF2E8F6C1F16FF40406CF06EFF552FD46
FB8BF64C034EF2DEF9FFFFD4F8AF0199FB88FF1DFE5AFD5EFFD70A91F7730A16
F882089813500269FF11F2300A0C1121F8C30D1B02CFFC02F8BD05D601FBFE86
F944FD50F96AEDDA067A01070D4BFF19FE93EFC20BAC0B7705FD0BF0F2ECF746
EEA5FC490BF2FF00F5F200FDF692F07C0118059E119CFACAF6A9013E06EAEF0B
104305A9F424F846056BF30AFFA4F9E3FAD406D3F3720D27F2B006D4F59EFAA3
FDE9EDA203A0FE03FFFC0ED80033FFAF1082F8D7F9050890071E046BFCF1F8A5
01120512FD2AFE2703F10287070F044BF914FD840BBB006A045FFD63FD69E375
FF6E08360550FCF8FB5AFDA407CA021BF87AF6AA0698FA41FE2AFA6505D7E63A
FF1A0A01049C07BE08BAFBD60210039EFBBEF92A0F08FF79F85DFD9AFF9DD6D8
F547103F07620696072B018DF7D403BEFAC9FD210647F6FFF892FE5A063CE7CC
0443134203E00CE00389006AFD2DF53D0286048B067A0853EF2B0283FF80ED8E
FC9F0BF208B8082306FE0FBBFE0CFA72F6DA02270C18FE77036B03A000EDE98A
04F205C503860409FC770D1EFF85FD29031E0065119C0E19071E00B4F994E16C
F78B04F8FC7406A70D57006209C909F5FAE0F854084D0239F83706010839E918
01540B040765FBCEF42305FF018207B9059F00B716B4FDB40124FBC6FF65F21F
FB3FF12906E2061CFC580ADB07B7074FF64DFF44FB05F0D310D6F8E40AE90162
01620DD6003400B1EE5D05BF0DCCF25702FA08DF02C404C306230B7D0B4EF129
F50706CAF8820CC700E6F8E00BA3FDCA03E4FF720857F2F804B504DBF707EF78
079206EBF8740CCBF95507760E2AFCBB07D2F2A2018E022AF8CB1018F4F8F970
F49E0AD00DA3122EFB540F7AFEE10730FE010734FDDEF608073BFFC1FA4001C6
F3DBF722F29A0758FC2BFB42EC4DF130FDC5F5C6F4D6F421F813F916F1DEF4C7
F5C5F525FCFC0A56FF1F013200A5FD2608740A3605EE0AAAFD260ADE0E11FFAB
F91FEE26F46A09F106EF07EEEDAE03ED07CCFF68F2D51245FE7C0626FF23F304
0201F6530356021EF7AFEF4EFBE705B5EF2AFCD8F68EFCC1EFC3F5280D23FB7C
02B702CEFF06FD3A0278FBD4001500E1004900830311001304DBFE9403980364
04DFFD6206DA01F3016A0278F853F8E7FA45044CFFE50063F487FF30F8C9F880
FAA9FFC3FBB9067FEEEBFC700CFA06F4055A021E084401CC044B00C30474084A
0171FB00FE8CFEE7004200AFFE8D01EEFFC505BCFE83FEBF0014FED703D0FF07
0178F81206430A5BFEF00042066EF3C2FF7C095BFA5AFBB3FEFB07A2FA8309A1
FF3DFED8FE0205AC020CF80702B2033100120408049207C5F8770480FB91F485
03F3013E02A6FFEA00C0FFDF0345FDE8FC95002E0278026E0122001B01770411
015E0006038BFE1B006103E4FFE1FF8FFE1B023F0616F9D400BBFFB0022B0295
01B7000AFEFD01760541006900C30236FF430230044502A701C900AD037D0A7F
0384FD1E045D0C97121D11EEF4ACEFC4095708B4FABCEE080502FCC3018AFFE1
0AB9FDA4014D164EFAC5FE99107DF879010D113A10FEEB14EFAA05DF072EFEBC
14B803E30093159BEF8A05E90B72F8880424026A0BC7EE98FA8500F4FB070995
F870FE29FF040B39F92DF88BF94BF895F5D40D9B0023FB0C0B01036E06C308A3
069A0457FD66265AF5820EA0FE470408FD5D07E2F4B2FBB0077D048D05490A84
F211F97AFAC50CE7031E00180DFFF692F2A8FEA00FFAEBB200CF0A04005406F9
07F8EEC7041609D6FAA009C2FF99F9B4F16E0323FD61F30900B3FBABF1980FED
FE7EE9B3EF981F53082C1398F364024F026A02BD03CBE6EBEB05FC90F1230171
03B9F94207C313B40B25095DFCE0F9DF110EF9790AD100ECFC4303ACFA690103
061E0B55FB98F84312DBDB41009C01BDF461F70FF41601EBFC5CFC640799F72A
FE0C01C000C2F626F716F610FE4AF67D000AEA5FF0250755FC070364FBD2096D
FFA5001DF7C1F312100907D7EDEFFC5CFBC7FEC7FA7A081AF9CB00DF0557F8A5
03CA04F10465053304FBE834FC7501B7F3FDF64CF60AF57B04B5012C01CF0471
F0A10AB10256085DFC85EE48FAE706C7F8E601F3EEC5072E0A06FDD1F18E07E6
F9970D30FC820AE0032E014EF7A301980C9F0B8502550ADAF69D0429FF1AF8A1
01EE0410025AF50C0E290A5207EE02B2F7BDE9B3F6FFF8B60B09FF160334F2F3
095E03230337FEC10A44E33E09300B3B026312300466F84F01D7F91604BE15E9
0A1AFAD4F931F3C00F3DEA5BF65105AAEBFD103EF71C03AB0296FAF30B710028
FB85FF52046C05C7051400E9FA040129FCB1005D06EE08B4FBC7FEDCFFD807D1
F7F8FE250B3606BDFB5F152CFE3CFABDF99FFF030564F814F93FFFD9FDECFF5F
016C045503A5FF63FF4AF926F91FFE04FF1E01060969FA4FEE16FB2800BBF38C
FC03010804CA0D3403E3FEF3F597F7F8F5AF04A7FE6104AEF845012BF88E088B
FFFC00060BAD022CF1C713D303EEF806058B00BD01550207FB54FD250067EA2C
0022048E03BDFD5DF693F7B1FF4AFE6D03A001E306F5002EF6ECFE00FEADF2C2
FE69FEF202BD05CA0349F7A6FFF3FBFBFD52FE91FF3800D7013F00E2FFC80EF0
FE84FDB108BB04510A46FDB1063F018A0103FD2005EDFF51F986016905760543
008D01BC01E6013600260CF5023001280676FF2C03B3FF6AFAA0FC590484ECBC
FA2902C4FA70021802AAFF870329FDFCFDCCFEE0FB01FFBCF9C106EFFB1700C0
F64DFC58FF1FF9560317FA1909B00448F61FF90A03C5057CFD2DF3E1FCAA043E
024A00EB01C303601268019E062CFDA3FACA012EFD2AFC68F45F02F2FBCCF2A3
FA4E00BDFD72FF9FFFAEFF8EF91B02CFF986FA73FFED04DCFD9103F1FE72F6A3
EFC8F8CCF574F4510B29EFABD48C08D7F816F616F9C7137FF848F1FBFFD1CE3E
00B4FFCEFBCD011301C9F66EFB3D01860193F68CFCD20377F3CFFD7DF9DE1B35
F9B901D4FF5CFF2D0332FED00813FED3FB830100FB1D0019FE950006FC61F476
F924FCD5F63AF6B5F8CCFADE0B47018EF9580189F77103C4FC75FBEFFF5503F7
FBA1FFCAFD37FDC9FE4EFF050BC5FC71FB080177FC5902B2047E039F031117BC
EF76FFCBF623F7300AF00EFFF2C2130D0F51F90F01CBF29A1857F2A8E22F184D
F6A5F4A00D1E07090EA3F0B8EB0AFE2FEB9FE55701C205F5F8B00A6CE18FFE2C
D2F31DB10D86FD7B04F70723F9DEF1F91048FCDAFB82F28115480420FABBFBDA
FD5DFE6800470A250800FB981BF3F6F7FA26F28000DD0F55FAF40541E375FE48
0784FEE6FAB60B95069BE91613CFEDEEE6D1DCC303641E8C1881014CF8960DC9
11030712FE120541FC24FC140798F867FC7CF92604A100AB0ABDF63301F611D2
000DFD010044F660FD47FF2DFBE7FC80FFBBFE18FADA036E0403FF57046F1226
FF1A00D1FCE5FF4FFE1A00D907220142FF85FDA4068AFD9203F7FD65057B0BC9
01EBFF0403F7022DFC81FE61F929F8DE0306FFDDF9A7024CFAD80055FD52018D
002FE81A04C6F592097818D100EFFCFE138EFC9F101BFB1E07B6013B19BA0C58
FC2BEE3F00B109A103550AD8FBE7FD5D0669F1990D8FF7D3065BFDA31093FD02
06C7F4B10B2B126A0BD7006014C7FCAB0009F33F14AC05DAE5EE0858FEBF1AA8
F264F368F945F7D4FFB6020AF6F0FDA205F5FBD2FDB3EEE80954FB3B027C035B
FB9DEE54046BFBC3FB0FFFBFEF97048B0729ECA503DE0A6DF461F25006E6FDFC
020CEDF9F95F0341059309E1059D03E204DBE40C084A00480412F28A0032F5C0
FA4BE4E80A2E0A5301EA1ADAF2C3F59DFE6603C1045C09630ADCFDB3FBE815BD
0AA9E8BEFE060454064A1691F9D20452FA2AFE90FCF90A390D290041F6A309BA
1600E764017FF67B0830173F19AEFF0B01EDF56A072B0F9A00800B40EF05FE6B
003CFFAC0200014CFD550A35024FFF6505A304AC0147FC8803020213024BF3B9
014002A30507009006E6F0A9059700C0028BFD2C04ABF9C7F936FC230697F8CB
08B002AC043AFE9B02F1F2CF0354040BFE95FF2D00D5FF990256FC7301E2F58F
FAC20094081A0617055DFB07F0EDFC97F53FFF840880041B02D4F90E0355FC69
F7CCFC580CFE06E8F8200ED7D970F45FFA4911C81080F5F6FA4E05D6FFDFE395
FDB704110A42FD14FFEB16F6F9E9F686F827005B03E3FF37F9C00401064A0D68
F880068800A1FEE5FE2B020CF84CF8CFFE7504B701E3023EFF5E019EF71EF683
0C98102CF46616EE087208BCEE840597FCBCFCBF13C9058B04B0106BEF0EEFD5
047903E3014BFE680B58F2C10244017802E4FF73032A046DFDDEFF6C0680156E
013005A5F4BCF1EBFD43F2180EAE092E025D11FAF375075F0010FFD60936E9C7
F9940853000A090A0711FF55ED32F035EFD80B9609C4F426F85604ECF77A0195
F9600886FB740118FC910125FC4DFD42FDD9F6140B99EC89FE6FF1E6FC48F447
06A302C5FCA00464F436F0B111A6142F0E470C1C03D4031602B5F0EF06AA06BF
FCEDFB4A04F411A30B1D0B11FD3F13610AAAEF49095F07E6115B080AFA0AF3BA
F1DD0D1105D90868FE2402D3FB8F1089FE84FD7B08E4F094F396F974098800A4
14A802E20708F72AFE8CFEBA033B06B7F4EE1229021B0CD312B6F3CA1218FF0F
F52E151FF7E40BC7FCB5F75FEE2A03B6F118FB48FB6E0A7BFA450759049DFB96
0377FD330AE200DAF93CF72F07D914FB04920459137D0008FFB9FEF60472F320
03EB076F02150DD8FA46D2DC0A4DFEFB01C20188FDC40D9DF2D4FA2FF8A112D1
113A07F604DF0DF2065AD4B30EAE06E2086BFC190E2EE96DFFFEFF87ED84107D
10F40A8203CD04F208A1033AFD3E0CC706F6FEE4FEE5F35CEADE09DFEC220277
12B8FCE3FB14FBB3FD86E4C3F061FF8304C90A1004FE05F7059101F00EC1023A
0344E182076E08A00FC30520F100E9F3FACBEFB4F90C00D5056ADBDCF1E20D1B
1644EF1C07C1076D0EE5F992068A0AEA007EEF8E0167FAF9FDEAFBA8F45503A7
0E9CF8E1042903CDF608DF110B51EB63FFBF0BA6FD14FC92F713065DF93209E8
04D7E8F5FF921AEC0459EAC3F878ED8E079407A2030B026BF69F078BF0D507A1
07F4EF2BFE6C036507B9DE75F5C20A3504A8007E057DF608F2D5FFC8EBF8F989
FBF50736FD20FB6605FFF49DFE06FB3D01E4FE9E04460ADD06F6FF8F01000D86
01ACF85AFFBDF917EDB803AB039F03C4F7D8039B047EFE420A42F844FCE9FD45
048804B300AE01200741ED12FB19FDAD08C604A0FF5EF9C302B4055E065CFFAF
02B80EE107F6FFAA0776FEFD037B009A0E3203F4F59AEBDC0BF901C60BD3028D
0A09FFE408CF0A4416BCEB11FCFC041E15C60E0B0748E6420832FFBB0305FE7B
03D50703F78E025B01D9E9170A2406D101B9EF6A0F91D22F0BBFFF52F9EC024A
FAB0F63DFF3C09BF069CEF95F5C8F83A033E096B08EC0465F7B714690C250CC5
E5B5FE3DFC91EC780627F4F5F532FDF4FC9A070F04F2F68EF688086A0D1B0DC5
E36A0B480CC5F5D5F83BEE27FEE702570031F9A01287E7A1F6AEFA660824F3E3
030A031404A504C0041AE44000590B510BAD0261034AF96DED7FF9880B20026D
FFB1F9E9055BF8F2FFE0E9FAFEB1FDB6FE59061B0D2DFC58E892FB8012F30A1A
F8AEF94CFFBB00A0F9E7F121F42C01EE03D508890644F9D6D285FA70F845F778
03EDFA110314F35BFCBEE388191B039A02A0FAC4077A0199E996F7EC0C63E4B6
074CF1480046E8180A85E57BFB1DF799ED76017A01CA0C6DFD2F07ADF604F453
F9E6FFF5015305510A6AF297FAE9FAF9FC4E07C40629FEB0E98DF5200F1D0A92
10B6F77B0C55FF9811BBF36E0330FB70FD4DFF7E06FCF553DEA504E507D5E9E3
FEEEFE881C7BF5D00D8A0F8805A5FD30FE78FDE40357040FF23A04BBFE56F242
FD8AFE910988051E136E1903FFD6FEDDFBEF07C80750031DD0C8FBBF10CFE90A
05AA073F07C4022CFED4032E00E0F9880750008405D0F8E2FD8DFE3B04DBF6A5
057106230522FF2D013C0160010606F50E3F02400400003702F2FC0D06E3F629
F9A7FD59FFD50B62050108B9FD7CFAEC01FF0247F637F6F603030E6A01A8069A
05DE0AC3FD49FCEAFA36F179FFA10060024C02B1031AFE990146FFDDFD66010A
EF1A0B50FB5902A5092D080AFC1B0044066B038A10FD067DFDBFF82AF72F0934
049B060608AF09A4F212F6F30231FFC60212FAB30FA8FAAF0DB5028DFF6AF451
FB4FFCD1FE56053309CAFD6D03DD06AFFFB6FB82FE1BFC3002B606FF0326FB20
FFBDF9A80074FEA1FE4F015D01C90AD0FC8A000903A7F8990270061107DD0F09
05FB0A20057906C90610F296FF0F018505B8058C0158FE87004BFF70F7E9FB66
FEFAF2C70888F3840529FB29EB3501A3024BFF29FB3404CD02AE003C00B405E1
119DFC3E0E63F486FFF6F6AA0EA7FD780720FDC2F63A02CEFD3606EFE7C70444
FBD2EF76033AFCA503760B72044B0F190D0F0061EEEFF20702CF0925FD67FE25
03D2F227FDD0026BE898FFAFF8E90200041412D3F73F0B6702FC00C00437F968
F083FD7D05BD033DF8C303ECF986F8EB0C0410E003E101090B67F1D8F8F5F7C0
049CFA0F0AEAF264FABA1051FE40179FFF30117CF255EE54FF9B05A80D260F4B
FF70EB0800E30523F7A9F174F7A0022A0828081BF6DD0FD3F0EC0364FF25EE33
EB8DEF95FF82FF3E07E0072B0252F631F5D90D53EC06FE9705F707F20F41F3CB
000302A108480B97F37D0B850DB6FD7A04C10F4DFA750BEDFB740E11EDFE12A5
04FEFE0500B7FF6A074E057FFDF1055F00CFFFC6047FFFC1087AFF770755EE35
FB3D0187FFCEFBD50341029FF8CCF989074605CD03E5FD9804D5035C0059EF3E
FFF60047FC62FC6F0B5806BA0F5B0891003503E30778F945039300FC03651970
0557087EFD25F854036602A9FF1406DAFFA0FDD3F95F0E6F095005B1030BF0A4
0B6FF86B0004102CF831FC1C0032FD1B03F3104F065204D0FDA9FB75005603ED
FE7103CAFAF209F90135FA32FE32FAADF94502670A3104A902F7061A0084036F
FE5A002FFFBA04B60628FADC051CFFFE028FFDAC01BCFD940207039EFCC800A7
F4E20593025EFC300B1900FF00270305FFBD03470781FE6109350275F8B00DF2
05C4FE5504A4FC93FEE9FDF4FB8BFE920141048F05BDFF27FD61FE4FFFDDF65F
04C8FF14F93DEA7E0C40EA0B04A0FE18F707FBF4FF57F9A510F1063BF6470377
0531096C04F207F3FB71D420F6D5038D019DFE05FC6E0C27FEFB0421F257F2C0
1205FCD8FB73FD1B12A1FA38FC2E016FEA69F7FC091B00C3FCAD0C950B4F01A2
F50A021AFAF502780165DA71F32FFB78004EF9FE0A1708BD013F07F90258F608
F57C141504B4F6830CEFDFE3057AF8A8032FFBD513E5F8CA0B5703EE180FF98D
DEFDFE26FB68FE8F14170628051EFDD7FF51064206A3FAAD01650709F967F654
0085F332F8B7F52114D7EB65FA9BFB40F80707FCFB51F96AEC540BE902EE135F
EE16FF65F4FF0503FFFA015905E40392FF59F54F101F0557037C108E048AF8F6
F29EFD800CF0FDFA01EBFCD8F7F40DE1EFD5FF3A0071F709F9370CE70046FD34
FEA70228049F02DCF9540798067901FEFCCD0399FD890C81FDABFD340176FE4A
05C5FB520170059F09AD02CA048C08B3FDE706540101FEB40D7CFB2BF3900357
03AB039CFC570522131A00FE0B300191FF9D041AF7300D4704ED0766FF2FFB37
0280F3C10616FCCC0FD0F675F5EFF6F1046C042E0ACD006F04A805E9FAB11779
FDEDEF6800D7024D09FF01E4F9160031FCFCFC9605E4F6810A11006901770D4A
FCE7F9B00ABF000F0BC2F84900F3FA32032A05A905CEF55204470644032BFFD1
F80AFB09009DFBE40A96F452007C01A0F991058E00D00330F6E502EAFBCFFE1F
04E7EF200547FDA008A6F41DFEFCF33CFF1B01D10CC9049C034C060C0BE30C68
FE72FBB7039502D001A9EBD2FD97F869057FFAA60155135CF5AD0341FD900CF9
07F0FE4A028AFFC5FE62FF68F8EB0637037A005F026EFEA906C6FE900289FC99
01600132045D042408890B7FF52105EE04E1006F07000226056DFC01F974FF01
03D5FCE3004AFD99F5C3FBDBF8A003AA03C1034809AA006F025E01B9046D0546
061EFF7E016B016D08290511EC80004A0851FC9700CCFEE3FEB6019E03B20644
0844FF5708FC0F03EC35081CEB47079C0D89F9DB05EF073A02ECFEF2F744060D
08BBF4D3007B0BBFF5190453ED4A0DEF0478F9EE04A305D80347FCFFFC61FB20
088001F1FD05FC84FBAB0814F42102AB08FB00D9072901290635FFC600230550
0E2C034C093A093A07630332F702FCE9093EFF690558FC4F0637FFA4F99A0624
011DF905006B0573FC6DFA20F6240004082802E302B100050135FA65FF92FE4C
FBDEFE32076B07FC003104CFFED2FA94FD33F553F60DFB460681FF1EFF2F0368
F2CF04C2FD05032CFA2C0043012D08B304BAF6A3F550FCCC0434F856F1F4FC0E
FA21093109E50497FF9D1BF50E15FA51007B0202F6541960020403DF08D2E48C
FC1400C804BA06E10D5D03D6FF4EFCABF45C033EFC20F8240A40FFF9F64BF8A6
FC36F56EF3EBFF0A0748F81D0AEFF200E7DCF7C4FB49EA30042AFEE5F2C1028E
0F8C0C8C05490CDAF2E7EDD4074CF8D4067AFBAEFFDD04B90AB7FB33FACA0603
FCDCFBEA0D73FE761018F9C90866003E006107D3FCC6FF8005F2F84F05AC1105
FB560BFB01B7F4FE0B0D0139FB42FADC03DFFCD2FC42FB59F6CBFE00FECD0953
FA480B2B11ABFAF9FD3FFA28F379F78717A5F720FBBD0008FA74FA120B3C0522
F5340D48FD47002E0B5FFB8EFCF402DDF34A04E7F88A0355E891F7C6FEC40627
FAE40208F9690C00F90604860760FF48F98E0063F48713E2F1AD0752F917FD73
FA0705A1FA450715085E06AE01D70CB1F7D00444F728F532F8C9FBDEF3100EFF
FB300953FDD60A2D04B80851FBBB04CE0213FCBD05EE113DF021092F11DB0096
014600BADEA2FF7C0BBFFB100686F867FCA7FE78063D1398F5010D9000EA05FF
F0BF0B56F32B102501F30CC1FEA1026BF735EF260C98FFACF9D7FDE3FA0BFC8C
F305FFF602C4024E133913A8FDD803BB022909CEFB3410CFF35DF3CC01E90886
01D1066CEB3D08AEFDC219A70D600C8905AB0094045B0AB6069E059A0C3A031F
F1D6119FF1600BCD0205115101F7FF0B0709FD84F156FFA80584FB81FF7F0CB6
FB46FBC1F4B313A3092BEC3E0D790D17FF54FF41F71A0D83FE620A1D04CA0F3F
F6CB0472F6FAF678F9A5F625064E0734107A0C85F134F5C1ED9AFF31F33B0DB8
019407E801F4085201E1F9EEF7C9F35505DF0F7DF3A4EB80048A0BB5028E014F
0E2AF47800C6FEECFC0DEDC90E0B090B0BFF0BEFF4C3F5B905A9F639ECA60438
FF65031C041DFCCDFEBE076EFE2EFC50FA64F85F01EE148A07D603EFFE7FF834
0FA4FDBAEF5E0890013403EBFB37081C14DF086DF1E811E2FB60FA2CEC67F715
FF0302201732FC3DF4010562FAB00B0FF80BF858F95FF97305BC0036F8CD01DF
03CE0BC7FD77021AF0A1F227FC7C05B305DC04BCF7040AC2FBF0F91FEEE6E8E8
F9120C0D0B3A00ED0B04013BF844F9AC06DEF8600A2BEE3909ACFD60EF09F1B5
F7EFF9ABF94DFB970B47FF56F5A8FBC9FA6100A5F198F9581535F00D027A0B36
0723FAB2086BEB040B330ABFFF7307C4FA63F4CE00ECFDCFFE870ABB1055085F
F39501AFF119FC6CFF83055A014AF055FE67FA11F88103D3063FFEB7FA9900CD
0691F8F5FFBCFCEAF33BFFE0EDCE19340425F588F8F308780BE2F506F39F0A71
03EFFF5CF97A062E02B603270665FB540C38068D07CFF683F08701A51409FF9B
0A70FFEBFB0AF21E04760984FB5907EE00D602DA0A92F8DCFA870DC908470589
0493FC8C01CC027DF6CF06B20237FF51FCA0F462FC4B0BCDFF5A058F15DB0980
FADEFD8CFE8CFD620725027CF4BFFA1206EBF4590A3E0E93FF63112E0DF6FD7B
EB29FEE1FE46094913C5F4A3ED681320FC99FACFFEA9FECEFE5102D00F30F201
FEF5FC000671008D01CC019505520679FB5BFDECF87107150029F8E404C2F99C
07A7062F044EF88A0D34FF9EFF44F84DF92103ADFDC20968025FF5D101CDFC74
00D602F7019AFEB6FDFF071DF325035105B4FFDDFDFFFCE00582FEDB023CF92D
01FBF81E01E0F98908F5013808B400B3FD4CF1E7F828FE13021CFEBB00DE12BE
FA70FFFE122A01AEF35AFFCA0021EABAECC307640767FD5E0CD704B1FD83F255
FC69054C0571F7E2080500C8FC9A0196058E04E70302FFCBFB28FFD206F106A1
070B036403D704B3FB6805F70BD6035DFBAE0231007603200A380009FAB4FEB2
06EEFC6DFBDA02B7F85B0592FCD00760068EFD7D0828F75604FD01AF04940293
0381FF0AFD45FF4C024906A0FCB60546019B03AB02B3FEEE019AFCED00CC1243
00000000000000000000000000000000F46D18FFFDF00674151602D6028E21D3
000000000000000000000000000000000149FD8EFA30FDBDF878F5C103FD0040
00000000000000000000000000000000FB03F8A2F479F98300E3074AF7B2032E
00000000000000000000000000000000FB1901310509F910FF5803D5FA7A007A
00000000000000000000000000000000053C0FBC04E0015BF5A1F6CA054A09EF
00000000000000000000000000000000010CF6A5FB1301170272F7CCFAB60A3D
00000000000000000000000000000000F60AFA890399F30A04A104A3F901F7A8
0000000000000000000000000000000007E903DDFC34FA99049C02A00295FA21
00000000000000000000000000000000FE4D04B80807079F0AA3FB4BFD8A081C
00000000000000000000000000000000FA5AF566FBE6FE9303FEFCCEF6FDFB3F
000000000000000000000000000000000A69FE9104B307AE0143FC01F870FA86
000000000000000000000000000000000D45FBF4FDFA09B307FBFD72FCCE011E
000000000000000000000000000000000DF00301FC9503DE05F5FC88FD240067
00000000000000000000000000000000138CF7A2FEF8FB58F860024800AA0237
00000000000000000000000000000000007F01EC062A0A0BF8A40B060017FB29
0000000000000000000000000000000009DAFDF1FC3004A0FD2A06B2FFE101C8
0000000000000000000000000000000005F405A0F0A30737FBEEFC2F057B0280
000000000000000000000000000000001582F9BE0A0F038C0050FF03FC0C0317
0000000000000000000000000000000006D2FC70042B00AA0566FBB201AB000B
0000000000000000000000000000000012EDFFDE0384EB74ED3FFC3C1149030E
000000000000000000000000000000000182F1E4F89BEC91F7F2003FFD76FDE0
00000000000000000000000000000000057EF82806A20F3B0FBBFA81F4280123
00000000000000000000000000000000F15B02400BA602DCFB9503CAF622F87E
000000000000000000000000000000000755022B04ED0909F9EEFCF9EA14019E
00000000000000000000000000000000EDDCFC7605BBFE6DFC33F43806A901DA
00000000000000000000000000000000FFDFF893FDC20B9BF7F8F98FF5920C7A
000000000000000000000000000000000D7501C8F334FE0BFEADF43CFCC807E1
0000000000000000000000000000000012F0FC93F9760DBA037A1672FF49F783
00000000000000000000000000000000FA74FFEFFFD2FB88D4CAFFF80531006F
00000000000000000000000000000000FB590180FA69018CB8C703090518FF1E
0000000000000000000000000000000002D202BD05DE0020C620FFEB04AEFF8F
00000000000000000000000000000000F4F00AD7ED610087CF3F01B208CF03F5
00000000000000000000000000000000FD050226F4E4FB1BBE8C08A515A903A1
0000000000000000000000000000000000ADFF23F763F906D113FF3105D40093
00000000000000000000000000000000FD0306D710030507CF3D024C0454FF17
00000000000000000000000000000000FA5A09C7F6880104C95B01B70562FE7B
00000000000000000000000000000000FACA0600FB8E04B5D3B4FD6702ADFDE8
00000000000000000000000000000000031EFEDD144DFE2BFC85009BFF32FE81
00000000000000000000000000000000FB61FEF8EC81FBBAF44204E7FCAB02CB
00000000000000000000000000000000011FFDEE0711006E0616FF9DFCBC03F4
00000000000000000000000000000000FCFC0631FD000422FFC7016EFE7CFFF3
00000000000000000000000000000000F1D2F7A9FCDAFFD9FDEB07DD01C2FEF4
0000000000000000000000000000000010040587FFEB00B9014D04B2FB680741
00000000000000000000000000000000082F005DFD22FFFC0933010DFE230AC2
0000000000000000000000000000000003F1FDCAF7A0FF2B033A0331F9290A42
0000000000000000000000000000000020CD06590AB9002CFFED031D057109AA
000000000000000000000000000000000246F82E0ADC021E0B230312FADDFBFE
00000000000000000000000000000000FF27029E08C0FF3FFCB3FCD8FCD10357
00000000000000000000000000000000FDB202310634046C0CDEFD7C00C8FF05
00000000000000000000000000000000027BF3E4E929FFE0EEF405E7FF11FA02
000000000000000000000000000000000C3C01C2F57CF97DF9A802480AF40D74
00000000000000000000000000000000019A00F402F9045DE5160196039DFBE9
000000000000000000000000000000000024FBE7E1B2048BFE8F02340036FCA8
00000000000000000000000000000000FC2305CBE6FAF358052EF7D91BD9FE7D
00000000000000000000000000000000FB2F0069EE7A02EFF276FFCD05610220
00000000000000000000000000000000FF670302FB1800480858F8E4FDB30836
00000000000000000000000000000000E7D40494059DFD0CF6E8FF79FEDA14DE
00000000000000000000000000000000035AF6AAEC2C1624F31A0CEAF16D22B2
00000000000000000000000000000000F438012F01D000B710A7FB8B07AEFA34
000000000000000000000000000000001771059E0E1E0C45F1810C9DF9201B3C
00000000000000000000000000000000024C06C9F737F4B3031A0DC105E91E1D
00000000000000000000000000000000052D00D005D6FB450068FA78FC6D0774
00000000000000000000000000000000E4B1091C1BC807D8F4AD071213F51B78
00000000000000000000000000000000FE31006BF59EF9B2123F0CFBF5B60905
00000000000000000000000000000000FC92FEDCFBCAF6960573FED4FC350180
000000000000000000000000000000000197F5CCFA18F42903CA008105BD03A4
00000000000000000000000000000000058E06DCF9E4FF7707190BDDFDF1081D
0000000000000000000000000000000001EBFEEE04400DDBFD3002F005FFFA36
000000000000000000000000000000000E3912ECFDA20F0302D50D1DFEE608AB
00000000000000000000000000000000F54DFF37FC0F09720591FBBB00F5FC0D
00000000000000000000000000000000F931134107A801680AC5F97302ED0017
00000000000000000000000000000000FF490B3EF859F9740B2604960DF3FB18
00000000000000000000000000000000E9CA152DF306FAF90BBEF509096F0610
00000000000000000000000000000000F46B04F6045CFB0E0263FA01F5BB0A90
00000000000000000000000000000000FFFBFDC7FE1005360676F04106ABF5EF
00000000000000000000000000000000F36F0332042FFF1D02DA011FEB5DFD10
00000000000000000000000000000000F8CCFE08FA4C18A40339F247FBE8FBB9
0000000000000000000000000000000007850459FF7DFE19F9A405B8EC4B0310
00000000000000000000000000000000F787F6380D7A00F40804FD6EF51DFF6B
00000000000000000000000000000000FD48F5EEF55A01E3F921FA0E004AFCE4
00000000000000000000000000000000003C07DCFD6EF85D0869F5A3FDEA0B00
00000000000000000000000000000000F9F8045404B809FE1009FF72F4C1F84F
00000000000000000000000000000000F09FFD74FC47002AE78EF867FE5E00C8
0000000000000000000000000000000001DEFC84F50913A1F7B10280FBD800CE
00000000000000000000000000000000FC520D04029FFF6003B9FE43058DFBB9
00000000000000000000000000000000F53D031BF3960D9CEFF8FABC020C05B5
00000000000000000000000000000000023A179215BEE0F7FAC811850925005E
00000000000000000000000000000000049CFF45FA1EF9CD016CFC1DFF98FE0F
00000000000000000000000000000000FC8B040BF9B102A9061BFDBFFF2BFBE0
00000000000000000000000000000000038F09BCF72E096BFD170422059CFC4E
000000000000000000000000000000000391FE4DFD4E01F30A3B0A68FD290401
00000000000000000000000000000000FE2B0304F466F691F7C80630FF8E0A38
00000000000000000000000000000000FC04FA3508CC0147FBDBFC3EECBB0349
00000000000000000000000000000000FDA80296047DF0D4FB58FEC502AEFE31
00000000000000000000000000000000043D1024EACD02360F670A0C03BC0D54
000000000000000000000000000000000D74029AF36805900339084B06C7FA89
0000000000000000000000000000000000AC0223073208A90AAA0002FB1A0703
00000000000000000000000000000000FE4800320475FE5F04FD056307EE0AA9
00000000000000000000000000000000026BF9BBFA40FF4302A6FEA8027DFCFB
00000000000000000000000000000000018401D70112FE9A08A301E8FCF6056F
000000000000000000000000000000000B3101ACF78604F1F569FCF0FE28F895
0000000000000000000000000000000009A8072A0B00007F0F9CF84FFF79FC73
00000000000000000000000000000000010A0B91F86506EB02C6F76B088EF850
000000000000000000000000000000001613068FF17FF8960171FBD4F84705A1
00000000000000000000000000000000169BF1C2FD01F66CED2FFA16FF1804CA
000000000000000000000000000000000519092602C5FFC606AFFAA111CDFD02
00000000000000000000000000000000F86EFCE5ECE2FB93010403720CB7FC25
00000000000000000000000000000000033DFCE803A1FF44F7ADF79D0514FB37
0000000000000000000000000000000008BF0586F9B205110AAAF9F80AD2FA16
00000000000000000000000000000000037401A8E7D9F35DEC190A91F6EEFA63
000000000000000000000000000000000D72F026EFDB06ACFD3D0CACF940FFBD
00000000000000000000000000000000F99EFFC3EE79FD1A1FC70C39EDE705E0
00000000000000000000000000000000F9FC09BAEDFBFFF5002A0FF8FD3CF93A
00000000000000000000000000000000181DF84EFE3AFA64F3960FC6F7A60274
000000000000000000000000000000000180055CEBC0FD140FBD0EDCFCFB0CF1
00000000000000000000000000000000FF44FED2FE38F7EDF7AA0BCAF074FF05
00000000000000000000000000000000FB11F70AFB9FFF2016770921FF0B1047
0000000000000000000000000000000006EFF5C8E395F81E080108BAF1CBF45F
0000000000000000000000000000000009B800B90FC5FCD10B58FFE40321FB95
0000000000000000000000000000000001AEFDCB125800EA02990051FCBBFB40
00000000000000000000000000000000FEF9FA32120CFB8114F5FFEFFD57FB85
00000000000000000000000000000000F86D0175CC510047050804CB07AEF6F4
00000000000000000000000000000000F55BFBEEF27E03160BDDFF36FDFC0AEC
000000000000000000000000000000000A3DFFFA178AFD690EE9FCF20008F5EA
00000000000000000000000000000000FB1FFBEA0A82FC41E9670758FDE4F904
00000000000000000000000000000000FAFF05E1F75AF9EDE5720107000D076D
0000000000000000000000000000000004C4F92E04A7FBEDE59601AFFD0CF9DE
000000000000000000000000000000000381FB9803041262FC9D0C0302E107E2
0000000000000000000000000000000005E8FC470B77FBE6ED040F99FCC2FACB
0000000000000000000000000000000013210BCCEBC70B87FFB5F7E2F3CA041C
00000000000000000000000000000000F65BF2F5FA261492FB01FBECF6F3F4F6
00000000000000000000000000000000F81608B7022F0DE2F738FD2D0067069D
00000000000000000000000000000000FE2FF38505EE14FBFD31FFDAFE700682
0000000000000000000000000000000005D509CFF8FD0D90FA54ED090122FE40
00000000000000000000000000000000EF8CF848F47CED55F9D70C60FC500FC9
00000000000000000000000000000000FA7EFEDA02BD0AF8FC5F1378FC6DFCBB
00000000000000000000000000000000F9DCF843FE6E04E705510569014C0172
00000000000000000000000000000000053EF4180784FBF7FD010B6BFE82F7C2
00000000000000000000000000000000F8BEF7B004F00693033F002AF547FC18
000000000000000000000000000000000309066203F90330FFD302FBFCB206D2
00000000000000000000000000000000035606EF0BAF0332FA2401F509EA00BA
00000000000000000000000000000000FF20017CFA19FFDCEFCB02BC00390066
00000000000000000000000000000000F58DF7FD0900F9E9FE6900C104F6FF0A
00000000000000000000000000000000078FFC98072A0B3FFBD4FCCBFA7F05C1
00000000000000000000000000000000025AF824FE90047C016CFF0C00BC0199
00000000000000000000000000000000FBD0017D09E903E30156F619FF27FD9A
000000000000000000000000000000000165FD670B07F7E7F5E1F9B2F7E502D3
000000000000000000000000000000000BFB00B9FD1E154E0081FBE10D01FEC0
00000000000000000000000000000000FC1CFABF086DFA82FF1B0DCB05ED031E
00000000000000000000000000000000080C0351F8840702F823022D063B09BC
00000000000000000000000000000000F9D9FB9A04980F50FEFA0CE7F83A0232
00000000000000000000000000000000F81E13691275ED81101B030809700A2B
000000000000000000000000000000000AE7102D02AF06C41402F7DDF189EEC7
00000000000000000000000000000000F9A0FE54026CEBD1F7CE071EF9380063
0000000000000000000000000000000000B200220AB4FEACE72FFE6E0118FF92
0000000000000000000000000000000003E1FC91EBF5005FD198FE21025D03EF
00000000000000000000000000000000FC310362EAB20260DE4AFC77FF0E00B9
00000000000000000000000000000000FB6C002301AAFCCEDC6FFE5001BEFDED
00000000000000000000000000000000FBF905A71B72F793DBFE018B0B86FAC1
0000000000000000000000000000000000CDF92EF8C0FBDDD6BCFFF506B8FFD1
00000000000000000000000000000000FFFAFFC80605FFA5F8C2FE10FF180018
00000000000000000000000000000000F9E300F40685FBFBDCBEFF4500A4017D
00000000000000000000000000000000FFB502F0037A0098E469015703FDFEB4
00000000000000000000000000000000FE5F05DDE3550189EE44F8FD0965FAFB
00000000000000000000000000000000F8E5FE4EEF6CFCD6F1C6FF290AEF0513
00000000000000000000000000000000E7940066FCB1FE97FB01057A068002B9
00000000000000000000000000000000FD2EFD97F500F7CEE9F703FD0573F9CC
00000000000000000000000000000000EA4AF7E30568FAAAF0410D89FA5B0777
00000000000000000000000000000000EE9FF100E6F1F408F299F964FEAA0191
0000000000000000000000000000000003930CE0F332F79FFC440F68079DFA0F
00000000000000000000000000000000F0DD00C914CDF63CF3DB03BA099C0BD6
0000000000000000000000000000000004C607D203E1F8F7DEC203750B4F0361
0000000000000000000000000000000007ABFEDEF7770103058408B0FCAAF9F8
00000000000000000000000000000000006DFE730259F95503AC0611E8C6ECCF
00000000000000000000000000000000026EFC67004AF6F51282EEDC04F7EABC
000000000000000000000000000000000319F523FF96ECA611CF13D10228FF63
00000000000000000000000000000000F26B054BFA1205750A7815DEE27CFB19
00000000000000000000000000000000F63A0F2DFE9AF67710DEF706F266012A
000000000000000000000000000000000FB1F697F6AAF99CFD060B3CEE30072C
00000000000000000000000000000000FE43FAAE06890527F06D0E5FF0DB056F
00000000000000000000000000000000FECA00B3FB24F0B8FD08FB911447EEEA
00000000000000000000000000000000F4910201FA39082FC8FA01B30BDE01C0
00000000000000000000000000000000FB22049AEF15FED9DD4302280E6504A0
00000000000000000000000000000000FE0BFDD0FDF9FDFBF3E0015E06DC01B5
00000000000000000000000000000000F463FEB005C70A11E48AFFB5083DFBDC
00000000000000000000000000000000FA7F00F1F424FE28E44DFAAC0197FCFF
00000000000000000000000000000000FD1E0508FE5806D9F810FB2F05900252
00000000000000000000000000000000F833018B058F0542F54103B906EBFF55
00000000000000000000000000000000FCC00139F4110472FC2C017B03BA038C
00000000000000000000000000000000015FFD17F467FF1F0EA3022F012301ED
00000000000000000000000000000000026AF6D9FC85FC2FF167FE1EFBDFFAAC
00000000000000000000000000000000FA65FA43D86E0251F1E1FB81F765FCB7
00000000000000000000000000000000FAA3F91CEE9DFB8AFEEF0168FF80FF82
000000000000000000000000000000000673F3140F56FD2BA8260048FC90F9B5
0000000000000000000000000000000007B8F7C2F1DBFE46FBF0FCD1F3F0FA73
0000000000000000000000000000000000D800E50ACC03D1014803CBFB9FFAEE
0000000000000000000000000000000003F9F97FF64E005FE08EFD9CFD0CF718
000000000000000000000000000000000AAFF994FB8AFFB40863FB29F534035F
00000000000000000000000000000000FC7EFB510AAEFEDF05DDFD0AF807FF5C
000000000000000000000000000000000842F8F7F81FE012F4E619E4F68CF810
00000000000000000000000000000000FA1CF034EBD602410376143AF76DF94A
00000000000000000000000000000000F26EF89BF1FCFAF0FB1C0906FDCCF3D7
00000000000000000000000000000000E77EF91C0C85146DFAA8F3DA1849F503
00000000000000000000000000000000092D165A10BC0EB4FD97F3CF100C0D36
0000000000000000000000000000000002E3031DF9360440FC6C005504BBF218
00000000000000000000000000000000FC14FD58F8CF031D0605FF600095FE97
000000000000000000000000000000000519FDE3F77FFF01061E01460178FE1C
00000000000000000000000000000000FFA6FF5C08EE00320B4CFBFDFABA0207
000000000000000000000000000000000862FFEBFA850C78DB3CFA3E0585EDFF
00000000000000000000000000000000FE11FE941212FAADECFAF9B1F95CFFF3
00000000000000000000000000000000063CEDB40567FD69F8EDF1D8F742FC48
00000000000000000000000000000000F462F2BEFD07F4D8DEA8FC82FB6509F2
000000000000000000000000000000000471E43B08D00662FF09F0B0F4B10B67
00000000000000000000000000000000079CFFE60F670875EF5D0634FC86FD24
00000000000000000000000000000000020BFC1704E2049DF0780250F4D9FF89
0000000000000000000000000000000003A1EC75071FFF8DF45A09ABE4C1F4DC
00000000000000000000000000000000F4E404EC0491FE9DF4A6FCC8055E081A
00000000000000000000000000000000FA9407A3099F00F502550309013C004A
00000000000000000000000000000000FFED0394077108BB039F043D04BDF5D7
00000000000000000000000000000000FD01FC82055B04AA0223023900E70068
0000000000000000000000000000000004710643FA2B05E6CF86FC27FFF00288
00000000000000000000000000000000FEDA054FEC95F8C1CE57F35B10D517E7
00000000000000000000000000000000097902A5FE5C01F9CC35FB5304AB0259
000000000000000000000000000000000406F6E30AC1FD02ECE6F8B007FCFB51
00000000000000000000000000000000F4D0FEF201FC19DFF0CFFB4F0CDDEE1B
00000000000000000000000000000000FF85FD7A041304920E5AFA5AFF89FC51
00000000000000000000000000000000FDC9F8900A830B79121AF7BDEE6B0758
0000000000000000000000000000000000F1F9FE05F31223FBC8076D1321FAD2
000000000000000000000000000000000188F35F0294FCC0FEE8007EFAC6010B
0000000000000000000000000000000004B7FF8DEF37ED610568F573013C066F
00000000000000000000000000000000FE470678FE10F0B509090114FEE40BFF
00000000000000000000000000000000FB4B13F51013FAE6F7B20303FBB1F0B4
00000000000000000000000000000000FA36FD00002EF8100E81FA0EFB04FFEE
000000000000000000000000000000001126FFAA0ACAF5DAFA7CFED203C5055A
000000000000000000000000000000000C8EF5A9138AFB8902040A51FAE8099F
0000000000000000000000000000000012640C70E65D011CD16A02910BC0F2D4
0000000000000000000000000000000016090765DF3FFFD5FBF4FBF00AC8F343
0000000000000000000000000000000005A90ACEF833F8E7DF06FEF519AEFA9A
000000000000000000000000000000000C7A121E027D0528E6BD06FB03CB085F
00000000000000000000000000000000FA2EEE0AF48B0733F882E928FB4C0388
000000000000000000000000000000000AAA0E59E4D4F1FCFAF5FB1A0F6EFCD5
00000000000000000000000000000000FD1BFB7AFD44F511E010008D0942F0D3
000000000000000000000000000000000ABC09D3FE8A03DEE768EB961F2704C1
0000000000000000000000000000000006C30BF0ECCFF425E7C9FE931555EE42
00000000000000000000000000000000FFA8FE2AF841FF49F59F01AEFD71FF53
00000000000000000000000000000000047D05C5FD08000C034F019B011409A3
00000000000000000000000000000000FB0D04A4092D044CFFB3FEF201C9FBA3
00000000000000000000000000000000F669153209931CEBFB1B1726FCCD0052
00000000000000000000000000000000D5F7F964048212DBFF11024EF36E0FF8
00000000000000000000000000000000F3800C7DF82D0941F816ED5EFE360514
00000000000000000000000000000000FF37FB00E478F51EF80709170C0CFE03
0000000000000000000000000000000009F200BAF5810A3EFACDFC9D08270994
00000000000000000000000000000000FD800542F37CFDABEBA20AABFFD70CE3
00000000000000000000000000000000FCA0F70AFAE5026E0689058FFFF3F97C
000000000000000000000000000000001273FE6008CD0115F9E0FF2C03CCF9D6
0000000000000000000000000000000002CA0918F704FDD6FD0A038E0F68044C
000000000000000000000000000000000D650B1EF6E9046CF7AC0810FE24FEF4
000000000000000000000000000000001EC1F6E0F84CF77BF15410D5FA370963
000000000000000000000000000000000D9C05E203B6083408CEFF5D05CAFC28
0000000000000000000000000000000002E60454FA9B00B8FEE60280FFFCFD80
00000000000000000000000000000000001D0111F84A015AFA64FD84FBD3040F
00000000000000000000000000000000113FFE27EF1905F7F2AF03B9025B0790
000000000000000000000000000000000B580C8AFA600520037B02B3FC98FEC2
00000000000000000000000000000000F8B30849051A0269F9790601FEBA0703
00000000000000000000000000000000FD2F05D603BEFB59006F0B1506B5FBC5
0000000000000000000000000000000008BEFE9AF926FEA714840437FED207E5
000000000000000000000000000000000C5F08D002CD09400E1D0157F881F585
00000000000000000000000000000000FE710CD9F41D1270ECB2FFB703CA0EC7
00000000000000000000000000000000033EFAC4FDC7042FFD65FFE2FC52FD17
0000000000000000000000000000000000E70AC7FCEC0835F82D076001F40659
00000000000000000000000000000000FEB10B82FB17FCA503C20301048AFB6C
00000000000000000000000000000000FEB1F8C510FFFCDE0B4DEF5AF99202A8
00000000000000000000000000000000FDB01816EF7BFF891191F70D02B815FB
0000000000000000000000000000000001CA0AAC08AFFC9F004802180B8217A5
00000000000000000000000000000000FBF3F5720D98FF21009AF8A7F1DAFEAD
00000000000000000000000000000000F3BDF42806CF12A3091B0BB30F510D5B
00000000000000000000000000000000F98F050BF2A702321249041BF68DFDC0
000000000000000000000000000000000E0709FDFAE7F632FCFAFDECE8DE02D5
00000000000000000000000000000000001B01D308E80308FC51FDCC06F1FF35
000000000000000000000000000000000CC4FA95F5AA03FEFFBDFA9501B5F86F
00000000000000000000000000000000057609E5FC500130FBB7FEEFFEEE080A
00000000000000000000000000000000F9940284033FF794032FFFE609DA059B
00000000000000000000000000000000F95BFC43FEDE0387FB1DFF36FC4C01BF
00000000000000000000000000000000F81701260EA805D1F8E1F806FF0DFB9B
0000000000000000000000000000000003660E69070EF429FFDFFE68F8950C76
00000000000000000000000000000000F5DA07FF0137F57E066CFE300227FD22
00000000000000000000000000000000FEF4FE681217FCFEF56BFFF50363FBCC
00000000000000000000000000000000F2380019F8A8F6F4056F01480287FFDC
00000000000000000000000000000000F4E100DBFDD5FEC2028302F508700711
00000000000000000000000000000000EB9CF872FF34009F1424024CEFB4097F
000000000000000000000000000000000BCEF44C019101310006062CFAEFFFCC
00000000000000000000000000000000064FFD64FDED01D8FA4FFA2E07F2037D
00000000000000000000000000000000FFB605B6EECEF976F6BAFC85E6030909
000000000000000000000000000000000DE5EB3A0337F92DFD1C0287DC790413
000000000000000000000000000000001453041014A20DEEFE7BFDB3F0EB0444
00000000000000000000000000000000F46CFFD5FA980A68067A0B83E695150C
00000000000000000000000000000000FB22F56AF5A7FF420D8D0B2AFA46FF81
00000000000000000000000000000000FA570230FB4205570631FD13F9F90E65
000000000000000000000000000000000E53082FFA4A0717FE9B0109066408D2
000000000000000000000000000000000E3AFE8AF97405070745FC0AFB4DFC71
0000000000000000000000000000000005F4FFD20DC3027B09B0F6D509E209EA
00000000000000000000000000000000069BFF6E02D40B9C13F60B9EFE460F36
0000000000000000000000000000000004A6FDC4F553129A06A901A8009C01F8
0000000000000000000000000000000008770A6100F7084BF6730087FF5B0EDF
00000000000000000000000000000000002D03EC0372FEF60B59FC5F01AB0895
0000000000000000000000000000000008DDFDD20076FD24007605DBF9B809AF
0000000000000000000000000000000008B3016EFED5075209E9FC3506E60976
00000000000000000000000000000000FAF7038BFBD9041E070AFFE901CF05F5
00000000000000000000000000000000FEC8017CF7DC015EFFDD00800D9AFCF2
00000000000000000000000000000000FBA30168FB4B0548F486FC3E027402AA
00000000000000000000000000000000061B0F3700540C2FE3C8FFF105300669
00000000000000000000000000000000F38B03C1FD7F01F3FACEFD6604E404D0
00000000000000000000000000000000FF8001BBEBA1FF26EE9D022903D20371
00000000000000000000000000000000001CFFF0089200B0DBD1019C02EA0534
00000000000000000000000000000000FBA305310C33FD76E075069F0713FBB2
00000000000000000000000000000000FEF8048EFD440411E5B6010004F1006E
00000000000000000000000000000000F9B9006C041DF4A00604FD7FF858014E
00000000000000000000000000000000062A02AEFB87F752F4D4F97AF5250D09
00000000000000000000000000000000124105ED1138FEFCFA490A1A0BF50522
00000000000000000000000000000000FFBE01C4FADE03D9084FFDE4F3C20580
00000000000000000000000000000000EFEC04670AB3F5BAF7C906C4EC02120A
00000000000000000000000000000000FB360B2E0BB5021BFE0AFB23F9DA0567
00000000000000000000000000000000FCD1FD18F35F0189FA79FEF1FB82FE11
00000000000000000000000000000000F790F40AFE4BF66D05E9F6A9F1D80C09
0000000000000000000000000000000000570647FB940E8AFEA6025FFF66056A
00000000000000000000000000000000F92BF849F9F1F87F09D306ED079C037A
000000000000000000000000000000000603F5B7F3B1F127F5A3059902E40176
00000000000000000000000000000000FB21F2A8070DF27FFA270047F7C4134C
00000000000000000000000000000000E4880736EFC0FDE70901FF2EF2CB0716
00000000000000000000000000000000F004FE1804F6FCFC02BFFA74EF1B099C
0000000000000000000000000000000002980404FD8CF56308790341F10D0C5D
0000000000000000000000000000000003710999FB1CFCFC13AFF62D04B7075D
000000000000000000000000000000000227084305DE0CC000D7EF15F355FCA1
00000000000000000000000000000000FCBAFD3F00EBFC2603AAFAE2FD7C0314
0000000000000000000000000000000004B305170E72EBFBFEDB0624FD061317
00000000000000000000000000000000010402DCF4DDFDDA00D0F9F4F6E70758
00000000000000000000000000000000FB63FF54055E01220125F92C0C5B011A
00000000000000000000000000000000FAFB0401F6B8EEA2F64AF224099A1770
00000000000000000000000000000000F4EC025B0687FF38028215B0FDBBF632
00000000000000000000000000000000EFB3F724F774EE110F4CF722FC240A5A
00000000000000000000000000000000F36205AC0923F1CD1237F4F00CC21455
00000000000000000000000000000000F82C0C4205A914540206F9BE06ACFB67
0000000000000000000000000000000007E3FB1D065300C104E80521F6ADFC72
0000000000000000000000000000000006FE0CB2F2890921EE220B6F0A98FF15
000000000000000000000000000000000794FFD2ECE811D0FAC707B5F142F38B
00000000000000000000000000000000FF4BF913FC8E047C08E40B34042EF8B6
00000000000000000000000000000000FA8E053107D010ADFA47FFCF01DE0AF9
00000000000000000000000000000000FEDB085D0E470E81FAEBFB560EE81925
000000000000000000000000000000000A31FB64094F033DF5B10822EADE0A88
00000000000000000000000000000000FBD0F6D70BEE00A700FF001D06FF0266
00000000000000000000000000000000FD7E0E3FF55F0C04FAD70177FD2E0A8F
000000000000000000000000000000000789137B0074F6F6FFF20112EF401202
00000000000000000000000000000000FC8D03EA053002F301C40545FB89064D
00000000000000000000000000000000064F007300F2079507A80C150AFD0C43
00000000000000000000000000000000FDCC0C0502E4090F0113032400F9069B
00000000000000000000000000000000F4AC08C3F9290C9004560781FE7002E3
00000000000000000000000000000000074D00D5F2F4E9B10F62F2B3124EF9FE
0000000000000000000000000000000010290B5701CD0782FACA002F004E0351
00000000000000000000000000000000FA06063A130EF81A0018063200B80265
00000000000000000000000000000000FD8806A7F9DC0B8DFCB4F8F60D8A05C2
00000000000000000000000000000000028A0486FA67F9D0FF290428057B05A6
077DC7D6FB6C073BF2310FC801C00B96D224CB1E06430F550392FAF908922C45
26E90C381A1D2CEACD3DF98B131E19E41D1C0233FD70FA8FF9A0040EFAF8EB83
11A6018802E3E478E0781388D3A9F419F1ADFDFCFC921450F20C141EFCF12DE5
F11245C1F809D7CCFF092FFEFCD51462F68C2760F2C509541EEBFBCF219D17FF
038AF3DC2DC5EA21E9511B3B08561432F7A604DE2635F2970DBD1D7612AAFA81
1AADED60052FF4C40FB30B58F48805820A73F5021B76ED3807A5280003E00CFB
F0381270EFA0D9C5E5D02165CBB7D3CB156D28E00C53FFE3DD360C82BFE7FA3E
011928E028FAE94ABD82EE2DFE93004EFA47DCEFE221DE14FF1F028609F40EB2
1936081A1A672369A53B031401C8082ADA55064C0F9810EC1920005D1CD0019B
14821FB3216EF6CA30AE0877FF3C1C58E351EEF3DEDD068EF775EF2C112D0D20
E05CDA30050BE917274203B01814028008582200E76D16CC0D1D106F0E031800
287C0E080DD8FFFF2177E9672C5CF44AF2B505400D39150E003E0DF63A320577
EE15FAD301221A61F694FDDD343BD654EB982352CBE60537161A17B71719179B
142EE9DDEC50137B145CFBB7031F0B83E8351FF8EEF904AA198B02B4ED55DFAE
1CA8FF4CF4510F4D2F6334FB0424FEDA000D094813EB04A1FE2CFDF009EAEC33
E3B315350533EBD527C20F6A0DE6E6D1F35F0C830FF30D9316D80A2516F2FDC6
C47D0E8A00EAC4FF1F6011B50B8BE08B1EF1F319174E0C31F1DFD7DD07162304
08F0F55BE448F8A50600EFEDF9CB0EC5D98D37DB23581E47D8820E8E17B40C99
201E12E5FF04ED56E210F6F80BA81FFFF1071002F9B7FD9600C424650B6EFC0A
F657F1B3E9B5017FDA3EE7FDF78706C81A86F3991AC2F7A50814FE4CF12AECFD
DFDAF42905C6F501266CFC1B24B309D2FACD09E61EC6E378EF39EF5D17B9E8A9
1D042E1F12F32F9DE5F22B542137148DC0590628F5C12D1C3503F7F42236E80F
103FF23F10C1F42FF635DC240397196ED0C10B50169C06B9F3470A22099FEB33
F115014F0FDF06DAD8EAE4B10623E65412A805570755F34407C5F54EE5E0E629
2B0CEC7324ECFD9CCFDBFA7AFE212E5AEAAA213CE330E2C9E25726DC0014EA61
121D1AF5CD0C00D7F706E520FB660623F10707A5F48D0218F951E9BAC672EE02
F3EDFA2E0FB5FBA9E47EF0BFF2B40E9018CB01F10B4B0A18243FEDEFF7F513C9
DEDE1EF9F187DD530749FF98CDE41412E32119EBF955F54B27621B0FEEB21BEF
F1C80D5E0BBAE25F0D86EF7A0A23062A0360E401DC4EF058D94D012608CC1A18
034DFAF7F5FA00A1C46307B7C34204C9E9FF198D1C5D085A04ADFFE5EB891134
FB45E44023A8F55215F70E06EF5607560B12DB470DAFE5E706A6164CE129EA38
27E028BFEE1013940DDF0125F709160F0CB204B50DA8FC8DEF7BEFB2EBF111A1
C6054235E9241180F4083040EE5F0450F2D2EF1C0BDC15D70E94D994EC0E0999
02B8004DFA3115C90BEF0280117FF44FE01CDFE0E915D8F80558FFE80D7A0349
FA3500BFF4EA1A6C09960D12E8D8F12AFB9F09AF04C0195E21EC00A504BFF1B3
FFF9E7810B18ED8E156216030CFDF3F017C2011F19EEF83D01FE03251EF6F98B
105CFD10F5292BAFF34319A9071215092658FCC01A73ED9D16E10B4A0D8C16F1
06CD262B0851015FF4B2EDD0D917E327FA63000806BEF74EE741042510FFE3DC
F5E9188617B4EB13E69DF942F40FF9E3EBC03998ECEFE2E2FB9C000DED32F291
15ADF2C91D59E1601E66EFDC20ABE49FD5CAF2C11948EF49E0AF26731571298B
EC3E0C5AE3F210F619470547168411550264187C2EE11448262E070EE9CC0203
0501F3F5F44724D01E0E15C3EF4523C409BE0B7B1283F9E21665FB2EF9152335
F60200B2FD260A320825F977062BF23F32431C8DE15AEA6D0C8AF9B2126AF39B
0418F872022BF1420240D635EF2216F8331C0426F43EE036F3F4E8520979080F
04CC100AE53808651D8006E41465F764086C1686CB9EF2B12E82EAB9FE1AF034
F86F18B609351B62FEAFF3F1CB21D8031F3505D8D1F1E962FE8C105F0D2FFA97
076FF7C200FC0D89E6BFF9360DF0FEF504E21DFDED3BF2481676028102A6F230
186E169A0823FC83F763D34B109E18DF095B08A7F902E5C71FF1E31CEBA3EC55
F4BAEABEE6051FC1FBBCED8AEA8D14E72BFBFC94F733FEDFEA872F7D1298D776
14480DAAFBFB15451CE616B81CAEFBE9F9DEE0321CBF1CD9EE98F9E30FCCE4BC
06310C48E2CCF1ABE956146316DDDA221A1B0A1FC4EBF22C10AE08C3FC3BEFE3
F5ACDD85ED06FA410FE41C3C02890888F39813EC14CEDBA81C37E3A9014E0963
3638F7451583F311EA3907AC0230207302AC2124163908C7E0F81B03F567F900
F7081EABE1DBE2680A91F0A8E8CC1B60F9E9DD1CF46DFFB0010EF5D21641E374
ECCDF0E3E06BF1F84C0CFA411663FE9B1CA71931E3D4EC620AEB053B109530A1
04021E4204731E47154EF6E5FBBFED88FFE3117515C8E17B0C1A07720A87DFEA
F1E717D711FC08EDE70DF564F32D034708F71724F3B5214BFFB322C1FCE103B1
EC13E4E8F92D06BFE2A8F73EF61E0F1AE5C80474FCE8153F10DAFA54145EFCB6
0DA10C7BEEC9F629FF1915200F3AF61CCC1D220EFB14DEF2FE4FF350FB6C0617
D65D127F0654EE16EC22F4B2E43B13E919F5E511FD6D1C99DC540FCDDC6CFC9D
EB28FF1B0DEEFED2E985D7DFE7CDFA12EEB90137E211BE611132E0ECF9C71C27
2DF513FA1B5EF59EDF39FD460A6316DAF5BA0E73CC13F4E8149B09D80325E430
FBA7E621E7E101D8F85FF5C20BA81E1E188B07F125E1F468089B004CEBCEEB5E
E3B9E7C9181D037FDB0DF564F6BA2E02FCA90756FA0C1580C87A07A0EBCDE54A
F0E609A63B1B0890F0BE210428CCF3471F83FA1109D70CBE199315F4DD07FFC7
FEFF1F5302E9E8B210AAEF420B4FFC311367132BF42EC29AFE6D1343E612FC58
00000000000000000000000000000000F46D18FFFDF00674151602D6028E21D3
000000000000000000000000000000001E2BF773110B05811DFCF292095AFFD9
000000000000000000000000000000000969DBF31E47042A0EAD0A12D07B0621
00000000000000000000000000000000C51DF821F23D09E1CFBC1070145B1082
00000000000000000000000000000000F30D1081F513FF35F1D316B4E146FFEF
000000000000000000000000000000001220EB6A0F02DC5B0E94F59ED2C9F320
0000000000000000000000000000000004D5EADEF8F11588FC5D171F0FC50BBB
00000000000000000000000000000000E0A3F71C12432843148325480A67FB48
00000000000000000000000000000000FD75008EFAFB023001BE119404B40BFF
00000000000000000000000000000000023214F209BF1B67F859E8EEF8F10511
00000000000000000000000000000000211CF6A5EDFDFEAAFC77042906B7F4AD
00000000000000000000000000000000D43FEC80FE13FB9B25271355041F1E12
00000000000000000000000000000000E7DBD6FCF7860F7B02920048F1EBEAE6
00000000000000000000000000000000142C0709F8581C9EEE7AF7E12008EF56
000000000000000000000000000000001F130DD9020E07DB12CAF96007A3F363
00000000000000000000000000000000F1272118F989FA5BF2CBFBCCF2B6E469
00000000000000000000000000000000E9F11CF5F0B315B4E3F11AEDF4FF0BE4
00000000000000000000000000000000EA410008FE5ED6EC0681026B15FB1A82
00000000000000000000000000000000F56411B9F09C041CE431F1EE13D60563
000000000000000000000000000000000FC90D0CFED9E94FEA5E1DDEF4861D54
00000000000000000000000000000000072A0530DC3AE179FA30F71AE2251DFD
00000000000000000000000000000000F15FE69AECFEFC7E1A37F42310DA1215
00000000000000000000000000000000D0CEF37BF9ED0C8CE91EFDFA0A821CA4
00000000000000000000000000000000121E1BD20845F873097302CD1B04132A
00000000000000000000000000000000119A1BF7026806C60748E3350039E4FD
00000000000000000000000000000000FCB1E1F7E88E0B76FA55DFC3EA6F09E5
00000000000000000000000000000000F4E0E361F31E03920177184EEF36ED86
00000000000000000000000000000000E30FF7ACF96108860C46D9210CA6F6D1
0000000000000000000000000000000014A3F3D6094AD1450B4BF7FE1AA6DC27
00000000000000000000000000000000EE94DE0B053D2555FBCE282011790F4D
0000000000000000000000000000000009DAD9F3EDC605451B6EE042E707EF74
000000000000000000000000000000000C961C0519B620C6FE21FA05FE6DFAF7
00000000000000000000000000000000F778FA96FB43FC611EF030EE25D50998
F38CFB1F0D1CFD5E056309B2F457FBE4092709F40934FFCDDCB20E45FDFF0674
025DFB32E94806290ACEFA81F93AFCF605780257C56EFF24FC8E07F204C6FD11
26CCFECD00CEECCEEC1B016301520A13034702C0E2BCEC59FC2A0B2D0334F388
00980069EF2BFA1AF881F61BFA750690FCC603F6E23C012805A10672028C0309
E8B60C07040FFF4602D014970CC9FD3EF6FB0B43D5CCFEF8018608060239F9E6
D3D7ED9708FFF597DFE110DB09E7FBABED9004C0FC48E710DC2B0CAFF79AE721
F4D4FB4D065DFE46F7ACFCA702B3FCF101F7F5C8DFEF0719F628021AFA7E082E
FB82F8EA031DF9C9F977F1C4F41E0207F96B0245BF580110F67CEF3DF929F0B8
F120EC6408B0F458E0D307010613FA3BF983F988E94F038400CCFF92F888FE9D
01B3F8D10311EEEE05BBFD84F2FD0B100281FE0FD747F548FCC0FA12F6C308D2
FFCF0007FEF700BEF05C0E76FEF3FB66044900551027FF0AFB73FE51050DF5B2
0B2405B9EB2FFB68F48A0584FEEA07CD08690223001F08710475FE9BFF92FBB3
FD9C0A6E02AAF593F5FCF384FE2C08A7FE4DFDBAF8B3FE15FDE90327014C012A
027BFECBEE8FFA7CF486F400058FF4E806A502DCFEDDFE64FD2D140204D5041B
F6C2FB8BF7F80A09F7DF071D097DE5E205DA01B70E6803E9FF5B15FF0752F99E
F66FF979F93B0168F5CFEA14F943FF4303D8FAD7F25BFBA5FB09083706230075
02450779F83F0813FABDFDB303B6034100C701CC1124FE89051EDF76FC90F94A
F963F61808FFFBE3F36B05DD00E2F4BB05AAFEC5F701FB68FF85D84904D2F6C7
029BFDA0FF520648F889FB8CFAF9F2350326FFE8F5A601FCFB8BF6280051FFAF
FB98F79CFA9105E10440EF8F01F0EC7E03F6FB26022BFFB9FE2703210072095D
0F0904FD004EF87EF72DF4F1FB7FEC3D087B0A0B0ED001CC0167FAB6FC5EFA74
ED3103F2E8D50E74EC180173FD930091087B049E011E09E00191FACF000DFCC1
EC06FA7F0AF8FF260CABE599FAE7E9A105A9060410B5FFA9FC8A043712AE04B4
F411EA7B12000969F037FB1C02FBE98405B70A3AE73AF9C31B4107EF060FFA51
ED991072003BFFB4EEACF298FEE2F17FFD5C0493FC5FFBF30D7EF869FC2402CA
EEEAFB6BF67FFE2401B2EFA2FECDF81CFA3EFF57F5DF036504A8EF53F4220704
EF8EF12D0161F2BEF610F688FE7BFBC0076F061AF65EFF4F0001F3EDFBD0E498
F52700F2021DF1F9FD5CE8FFFD21E977F6EAF39AF1DB00CA000AEF46060EF9D4
02B7ECD2FC51FC640805FDCF074CFDE306C8FB4EFB6DFD70FE9BFE76EB0D03EB
0B73FFBEFDDAED4100BB0DFD00BCEE09FDA9F4270A17F451FE280409ECAAFB4A
F018F5BCFA620CF907D8003BFBD7F937FB58FD7710AD023CFFBD00BF026901FB
0656FDF3F971EE6A0EC41D5E011100DBF578F97EEE7200D5070E043B09B70415
1D1B0DA2011DF74BEC1BEC6E07B8FFEEEA7F152C0B40FB7B0CE3EC180AACFF3C
0CA8E8CEFDD9F7E30CCCE9DB08A60791F8E409B10EEE05980114FD34F9E80888
FB4CF7A8F9C70711F759EAD6FDF2F0A3FCDD03980934F7D301CA0F60012BE918
0C720126FF42080D0E3FD648FE12008BFF34FD38FEADF78DFA9C0AD9061D0D60
FC3204A205D8F558FDD3FF70FF47EE11F89C0C71096CF985015CF9B60632FA11
03A1F93EFF2AEC9AF45EF1D60808E9C30F2EFCD0168AF723FC0EF902F634FF3D
0575FC5F0546007BF14AFD1EFEADFDFF13EE0005FF210DFE00EFFF31053C0A6E
1196FEA5F727F54BF5C018290E3502E90C47024A0990FFD2FB3502D902FE00FD
FFC505F70BADFBAF05240822F7CFF1F5164DFCB90A910373F64C0D9FEF44FEC3
F45CF4E7F4C5FD20D09E0A60FF5BFE7E0E63F7620C220088FFF220DBFEFAFDA1
EC8D084706C40040D173F34403F506430962073A072DF496F46E0DA70C65FBF7
F0D801DB00EA124A07B0FF2205100077035D01C1FFDCFDB7FC81F81BFD290BF7
EAE0F58EEC58FDCEE827F1BFFE85031A0557FB430562FFB101CBFC1C0C440089
F066049A0B6AF3000448063CFE03FAB8077400BF0164FF81F8E3FEF6FCEF0B28
0375FD4200AA0A4C083FF9D1FA6A018FFBDAFDDF0FD6FC0EFFFC00B501D8077D
024BF3B80C0DF52BF86F0B40038BFA3AFDA2097A0CA2062AFC33F9D60474FE78
0797FF750C52026D02FA0ECB0A340061FDBF003AF5230773F741FA5A02C700DD
F173F091057EF15BFC340856072AFE820505027AFF21FE4AFAF6F8C207280967
DF0EEB750EABFF5BEDD60BFAFE5DFA02F99BF9570388F82FE83BF91BF99BE14A
FA0A0632FF57FF7E092706100B260774FBF706BFF8DE1C39FAF2F54EED16033A
FC68FF740237FC25F920FF9A06DAF304FFED02A4090EFD4300E4FE330305FE71
F8EA039402FB0099F59DEA20019304E5FDDD0262F24FEA57FACE015AF1950345
03C70C5B0016032CF082ECB206AEF6DDF8EC0414F5DEFC57FDCA0540FDDDF18E
F64904B007BFFE89F8070D1E060DF807F51E04F506D409AD049DF5820E4D05C8
F6A610700572F9EE037CFEE201FAF89DF7980877FD4B03BDFCD9F799F80006F2
FF8FF9E21B87EFB00C74F1710123EAA2032F0414ED6F0640FFD1FAD6F9C202F6
073CFCCBF2590812016DFB250055024707A8F8641460FF9DEF06EB57FD90DCE3
FC8AFECDEDA403310DB00190E1CDFD92F3DA1F30FDE30FCEFE10ECF7F953FA40
EB9FFAAB01ADF7C7F788FF3BF6BA08A908D606E1F829030D039B09CC02E1085B
03E800FAFCE001260FC3EF3401CA0776FFEBF4F9E9BCFCD30B14095115A40B0B
05D8075502B50074037F12C30242F9DCFCD50079E4D5072BFDB90639FB551C73
0F620167FB2505D20DE513880337F75F03FC09EEEF3407E607820D11FF53FE69
F8B0F6E2208CF5E9F2D20155036BF24E0D82FDE805F1010DFF5D06180A4BFE18
0B2201273421FB5F03D8159E087EF38B0578F505041EF3AC074401DD0471034A
F212FEC61CD80287040E07D200A1054AEC41EED0FE58FC19FC42040EEFE60424
FB1FFD260DBFEF4BFAEA06130EC709481F0600C3FEAAF534FDD90F50F4BCF60D
12FD01341FA50A340315168A04F402DC19BDEE33011DED9D05810FE3FFDE07E7
F9C103461053FBDF05D70748F4F70275FB46FAA7F4CDFDA60574098F05680CD4
F8450AEA0B24FDB1ED3ADD11FB6FF7090BE0FE2D0D9FFAB103B6F128106C0F95
F355F7B1010DF51A072D0A97F7EAF6F10812F880FFC1FD2A0481EEEC04C20DA8
010CFB1B1594FD2413740395F69003ABF87B0A4805280312085CFF4CF642F78D
0734F6FBFEE3F9A6037DF034F707FBA30B5DFB0E08300204033A04D6FE99FE07
02260B82F6B30644F58B0DBEFEC3FC85082300CB1082075006240EFC082E0440
FE1FECCFFA8DF6F0FC74079EF4D2073C0214FCDAFF5D0B5E03EBFF27F9E60295
FB1401DBFC780618054C04C5031001D00213052E1BF5FE471455082B06900040
E870F2C8F3F207E8FFC1F9AAFE9308E0FD6FF79908B7FD06144EFA9D01EEEAA4
F5E0F2A7FE82EBCFFDD603CDEF4F0AD202D0058007FCFD8B0B6200C5FB710C25
0218FBF5F8C60292EE91FFFBF809EEC6064EFF47066A077700A0FC2A0553009A
0DB20755ED2EFC6B079D032CF6760B9A0264F8E0FCB208B50275EBC00A270B77
040EF6BB07DDE9AD0129F6F3F6B3F8E2FA9D03AF04B0034FFA44FE700DAC0FF4
10CFEF24EEC0F2101340FA56FE110465F6C50658FAA208310289FD48F524010D
FC83125405CB06E3FAC0F22C07220943F4BD087C0C2605F8FB49FB9B00850259
0584FA62F8B0FADCF680F850026AF81403F6048FFCB9FF1C02990898047EFCBD
03A2FA7FF7D5FFEE03D9E670FFD3F8B2FA5DFA9D042001F0FFD71A78FFA4F214
F85FFFE6F8240125FA30E679EE1DFAF4FD0FFFA7F7C3024904D412B21345EFEF
084F0370E0DA035C0823F1CAF97BF1A3037401ECFE0DF4E0FDC31635FF1CFEFE
F8D0F39F0DEE08B5143FFC13FA7900EEF469FC26F438FDD200CAEDBE03C1FFEC
0208F467F19B054C0E98E61BFCC4ECDDFE73FFCFFE77F3BEFE01D4E10113FD3B
EED2FA4BE44B03C0FBC3ED7AF7450BEAF74800DCF6FBF394FE5FFC75FF01FE45
07EF0C68F795F3BE0CE3F359FBA6EAD5F3C1FBA7F74C0096F51AFC65FF05F45A
2DAEFFBAF9B8F7F30D980DBC02D6E828FC0B0108F5F4FEE6045E08BFF4E900F1
0FD20F76F3F70816004A00D90794FB5FFFE50820EF4201F8001E0827116F0130
007302E204C1FCA8210FFD64FC920B9CF3F8F7BA0473071FFAE50DF0F80B04AB
08DB0A3909190248EF170A7E079F03E10B2F0CBCFEEC0279FB060BA1036CEC80
FAE1FB710345033CEC6811180A91F89EF877038400A50618F5F10311FC99F6D4
000801FEF647FCF212490C83025EF99E05F6FDC9F42F004CFC2FED34F326FBE9
F0C2EDADF996F2210BA61118FB71F66F003B064F04C4F398FD8BE2EF0543FA2C
EFB6F92CFFA7008FFDAE01B005A2FF77FF99F839035F00D9F810FF0FFB040339
EEB7FC7FF35A01C4E47FFC7300480AE1F6FA0450BCEE008E0263F2BCFF9DFED9
2172FB4D13CEED27F125E7AF01D6FC04DF501313B72104C5FD71108FF1FEFAA3
E9D8FC6BF38FFE4004DDEBE303710BE3FF16067EC9FAFDC4F5D4FE120C44037F
FDE30F33D87008D9EE1BBAC40417EA73EC4E018ABC77FDC202A7138F00A2F2E3
25490BAAE8D5F802EAC8F870F62603D7EAD41311CC4B00DD0D7F2CA50B7DFD94
FD9F0E68F5FF04C12778FD6DF8B90120F6170452C9A201CA039231F007D50C3A
0FC4FCA20D66068FCCF8F99E00FEF908EE90FC5EA358FC05FE2BE46D10DA07CA
0BD1FE2216E7F4B41361E28D09BA049BF824006ABDCB01EA0036EED3FBFF0261
0F85F5821B49FCE0241AED0202D2F470F7D7001FC241FBF0FC82F9A701BC03A7
F911F36306B0F73300CB0CD7058CFD2AFBF8F9D3F07E0DFD03780896F9DDF69C
FFA0F25000A80ED1F8F3F8E903BE10C2EB35F94A12F1FB94F89E0C98F883ED2E
009A025A1C78FFD61B73FC7B01FD02EB0F86FE7617CBF7740965136A0D63F814
F66C031CD839FB23F5E8F9E70477121FFA9208DB00A8052BFF7FFFEC0578EC94
FAF0FA83D671026D05FFF787F93AFB8C00BFFCDEFE67052908B60025FE48F819
06E60DB5EA3A0257207E01E7FEF208AE0B5F049205FFF9790147FCCBF10BF8A6
0EB4F9DAE81BFF82F20803C9FF99F649F92DF8FDFC230D801A54EE71F745D8E7
FBF2F430DACBFDC1EA8207D809C1FE3AFBCB12200894FC9D0810F56BEC0DE995
15D6F558C813069E1673F36A0744023E0691FC7F0B2EFAA0FFF6F38E0C82E5D2
FA4EF29AF2C004E1F1E704D1FD56FB8AFE3204F111810106FFD5044AF8D501EE
DE2CFAD5F811FCC9EC6AFD01EBEAFEE30FAA1305F725FB88009CFB8C00C1F160
EB31EDC6F897F6FA0153F77BFC74F50F00630056FBF9FA3F011AFFA5FA840360
019E05D6034FECEBE792078C0BDB0946F7D000180248F84EFE99FC74EFC601F7
02ED031BF2FFFA250B50E5F911C9FDACFAD90146084BE6FC09FFFB30F8DE1509
0B00F230F946094B0F2BF160F38403A40402EE6001E000160991FD3DF15DF6E6
047EF38F0563FA6704120B68FD85FF8D0519F0B01123FF7A02FEFDFFFDC2FDDC
0CA50932033DFAE8FDCCEAA300B5F2AEF4A20462046B0A700351EE01FC5C08F2
129D047EFB6E0968098EF5BBFCFEF99502800498F626010A02C6FD4202380282
019FFF341FF6FCD103DD00110936F7EE0639FC57F9CE025008DFF5D4FF7C0B00
007BFF620CA904E80181F656092EEDD7F32F073BFC590B8C0679EAE8F199FFE0
F4C6F69D1A4B0A79037B07640356F6B1FFC0FFF4FFD7061209A3F45504310180
FE70FD60140E03D4F86B0C9CF6FFF992085EF984EC8EFF050790F8DE05670D16
035B085B085C0314F23CF125112C078EF7A3F21AF997FA910DC5FE3BFCD3FAE7
FAC20385FBEE040908C5EBE00A67ECF104DB0988073A04790E7FFEF1EAA2FBAE
FF16006F0B4BF5210365FD20010DF889FBC205B0FD98FE2DFF800FF2F668FD12
017402AAFEBEE95DFD2DE9240BAC08BF082EFB18E73607E710FC137EF63FF944
08A501C6FA50FB560991E34D0102030003710D08FA72FD6606C0054AF06DFADE
F2F0FDC016B3041BFEE70FD5FC4501A6F0EAFAFF1DD9FB3BFC8DFF4E0B23FDFA
FE2F017B084A0C0F0421116FF685EB2D05B8FFE70F40F6D507E401B40AFB07BB
0862F2E90713EB25005CFA90F81BF15AF3DC01D8F4D0FB1B01060297F60D071E
FC93F2B50C330A5EF50A1A79FA950999F897F9310952FCC7FE0F0323EDA3F7B2
071E063C19A1F3F10E211ECAEB0402D3F9E3015E103DF6AA019E0810075A021F
06A801BA06C2EE6809B1F018F4E5F9A7EEDB0371E753FE5BF3800463F93E0170
0408FEBF040104EAF9DA12B7FB06F4EFFB73016DF9B5FBB6019E14BE00E30626
0C2DF60CF8E9FC66054F051FF5B3044902ABFDECE8C504EAF552EFE3FC01FCA0
FE39F8D6120503B10A11F25EFBC9FC19F39D029CF0160471FE23FA42FED21575
F23F0BBB06CEF90AFE131461ED9AEF40EA93FCAEF20902FAFE590527F693DC32
0201EB4A03BE03FE03FAF85909700246F953FC0CFD890BD1F7F308D8076B1ED0
F43302E4014BF52BFCED0817EC7FFD81E5151359ED62FE81FB3BFA92EF90F8FB
EE09FBC0060BF9852560FFB3049D08B4F408FBE7F9B2F337094F05F3FB3525D1
FF2600DDFC810679DD7BFF3C08051123FB600794041007FF05610865025BDB83
F55B13890C24FB6319B7FC62EA1DF5D2040AF7C9FF1701A4FE7701390B77F14C
05E9FCFB0D82F96D0C28FB38010EEA07EFA40135FF8002F8EFC2F47AFDFB0871
F4BAFBE5FE250745FE1E0556F565F51DEE84FC69F68EF36901C4FC000666E466
03E1118803F7F86C051F1830ECA0FE71F16C0C47FF14F4D8FC4C01F2FCC5EC97
02B7023E02A6F88501F4FA4A0B4EF96407F5054AF94708150A14F7C4FC390578
F8BDF7C01CDDF4C30842FD09095AF7640C95079AFF3208A6FFADFC69F9FA0396
0608FD6503290662083C0248F9C5094C09380C40F96707F805DAF4DB096DFF75
040D0B4216D5F62505A7F2750B3BF74F03D3FCA50D6105CF05AFFF09012DF4AF
00B801C0268B034804CEDDEC1C7301570A2A10C7FAFB05FA030C007CFFEF140C
031CFC4D044300BEEC41F2010B210C710F650DA4FC4816F013DE04DE00170BD1
FDE7FE93FCB0F30AEE91F9070399FDB0FDC204980C21048CF8B4F0F5FA540328
F6AA06B40709F9AE0331F6250AD303F703C8F56012A602B708FCE144EEC30704
F0EB03D5F4170AD1F543DD1E0B3C0AB701BC063F0D0C0102009BE4B5FA7E0668
FF9AF6D3F1FD05CC03C5F7AD04FFFB69019C1040F72105590010F9F30615F189
EDC30DD6F28C004805420EE5FB13F6EE01B60312ED000743F493FE64FFF70650
FB92F494FE03021904220B1CFEEDFE2BF816FBE6ECCAFEACF1EDFCE2FCB207B3
05D9FA7E02860688E91D100A04AC005506D5FF0DE83DFD9DFE2608EDFA30EA4F
087DF241082801A90987F943EF8FF465F4F10866F749055B0560115EF5F0F0AE
0480FECFF0A1FB8D032CF6B20949EF2EFCA4EEF4EA101600FB210736FDF1FEB6
000BFA9F04CC0AD7F41D00D1137AF2D6FEBAF9C900BBF90F100DF80D03B6FE55
1439F4B50467F23AFF17F0CA0D78047A0339102E0503FBC9EDDCF24EFC20152F
0DC30007FEF0F6521079EB000BCDFE6C00010503F397FDF1FD67026CF257FB37
F75008840AAEF0BA017EF9930139FBDA010E06C0FB55014E028EF08EF390FC99
F502F51D051BF70405D9FC5C030F01CC069208E307B2010201E4F9DF002EFB99
FAD4F3D9F93BF8640CDFFE980325E9E0FA68FCACF7A8008DF993F97C103EFD1D
FA2DFCBD01170FB603B50452FE89F49FFEE00695100101C005B00EC5F7CFFBD0
078C05CBFC51EE4316D607C005C9F1030B5804290A5D07DAFCAC0A9CED58195E
FF38F34E0759F6D609600356024DF263110F004BF8F9FF4E01FF0655FE99FD7C
06A5F60B0B31ED640831073E044DF4EEFC02053AF91A00C7FF8C039DF67D0132
0B99F96B0056FEAF15C004640DF9FFCA02C6F8CC06A006340452FD2502A00963
03A4F542FB2B06B10A92032C06CEF8F40530F9590A4D00440235066A0994F5DE
FDE70D63ECD0F577DC91E656070308EAF91B06F3CC74087A08FB0AA604040E8D
CBECF4A0F28FF217085FE9390CF602DEF9EC05B0CB3C014FE80311060821FB09
F812027BF9B60C4713A2F25BFB3CEE1B0C0200DADC960A4901C60A70F5F207BA
155FFD57E37808DDCAF0052F0078F751095B04B7CDED133D149903CE079EE23A
EEAB003E003D03B007B7FEC8F419FDB8F95EFBBDC710FA4BF43F1C7CFDB8E8E5
21ACEBEE057C02E927F2E930F20901BB018E0D23D1D50B2905D515AFFB310C46
1FA3014BF92402B6E949FE970754ECDD05DB00FCD22604910CDBD880F433035E
1C74FC0D14A30C9F0F47E968F57CFC26FCEE0A19C375075A090DE28A0EA11972
1486F69EF63D034B1839F0B5FBEDF3A0FF4D0ED7C7110242FDA8F67C0F4E0A46
1082F70FFBD80206FEA9E171077EFD58FF6A00BF01BDFEDC001EFDA0FBA201C4
FADCFC110CF504B20091021503540417FA5FFA49FAA7F8F8F85FFA9DF137F831
095406E5EC85FB84F7E6FB00FC9910D6FA76FEF4F33AFF7E048B00F00A3AFE89
055CF03001F008DC032BF037FD4B03840EAC034AFF93FC270014F757F710ED1E
F6CB0D4827ADFB23FAD5081DECBEF38206B3FDCAFD7CF3E3088FDC1DF530168E
051BF85002C2F5A3EAFB0D8FFF4A074C075EFCD70320FBE00A16EB8EF87FFC4C
F903EC71ED5702130542FDBDFDFBEC480C550319142C016D00D91F61FBE30DB5
FEB3FF1DF820062FFB650C22FFFFF24D0433FF92FE2B078D0BF221DF04DEEE18
F9810A5FFE3DEEEA01730170F8A2FA0E04F905CB161C04CAFC4811C9060EFEE0
FB6EF81EFB13058C0281FDA9FCD30241FDE5FD57FFF400EB0AC8F779020601A4
E5EB0AFBE933F94505E3FBFEFB6400470E5AFA59F9CD01791341FD7FF0CE042B
0F07FA65FB86FBC3FDD50F6112E2F352FDFD04CAF517F47C09180332011C016A
0C01FE75099DEAF6EE99FA70094905200A93FC340910FE460DAF044600FDDD04
1338F10C075FFDDE4006EA32F932044A03A9F7D0FC8003C63AE60988EFEC13B6
1970FA250ABBFD59F752FC7B1C90FA88023D064A00610D59FFB1086D09400550
0ABC05E100A9ED93F5B617250753EE9D00900748F9540396FEAEFAD6F421F6C6
025E0BE605AAF5CB0EBDD7C00FBA01CB0368F6B9030EFE7906A807D9FE1111A3
F9C4089E0F22FE4FF422F6310562EFB701BF0BFFF966F6A50825F8F8001BF83D
F7C00B7601ACFBB701C603D10668FC7D04C8FBDFFCA6FE0EFD530143F577046B
0142049706FCF93E048D00E70861085702F6FA850012EDD7FBE0FA78117FFDCA
13ACFD881894F568F3FFFB300461FDF0F9A9FB73F8DE0EAFFED8FFB6F99DFAF1
F9E6F804F5E90AD1FB19F3A9121EF8E109E904D20A33FB6809BFFF88092C0C35
F4C9FD8EF9DEF8FF116AE1B7F7C6F42FFA750051FDA2F88711BCF53F0C1DEC9A
F9B2F59106FBFEE8F9D4F4DE02D5F7E1FDB7040A121B07C305D40129F0F60864
03BDF98B00ED0485FF99080E030A072BFDF000C1FB9905EA04030374F5BB0F74
FA48FA5CFED2F5291351F82E030CF287002819DA0AF7014F01860152F925117D
F551013301770388F63503F105A9FBD8FC23F553010E097504EC00630049F346
FAE7F22F0B83FA31F8C6FDACF9C0F9C405E60774E824008B00D6FDC9F3C2F986
E38510B1058104800AC706BE019B0351082BFB9BF3EB012505CCFAB8FE12FDD5
F76908A8FB33F59DFBC20956F75D014E0669FD2801CC00360524F9FBF5D3036B
FE0D0CCEFED000DBFB8B076FFC54FAAFFF91056EE7CC055CFEBBF865FB55032E
FE59EFE109F8F71104D601EDF979FF81043CE565FB9806FC131705B2F2CCF18E
04E5F79A0A0FF40C05B20BA805A2021700F9F42BEBC208D1FB2A0DC8F60BFF0D
045EFAD0000AF5EF03EB0E39FB7B0F7CF7D7F6FB0BF5FD55041CF7C9FFBCF662
FE67094C010104DE066EFE4000F4FB69F9B411C1051EFA35FA7E058AF42F12FC
FDA4006205CD0003FB7704A60190F8C7FE760B15120707BA0475FCC00241FEB6
F023F84D0C5FF35D0728F7270427F95EFCCFFD4A06F60037FD6DF8A80F9001FF
08130B6803FFF876FF140322F694F36F0194FFC00768053EFF83F13FF008FBFF
FB2306960612F98E0279F011FE6C08E2FC5406D0F92D063A0016F2F2F87AFB7D
F47F05C3FFFDF8AC1159EA10F790F9ECFA1D0014FF52007F017FF31A06D1F8FD
F99600EC062EEC7F0BBB0897E8D8EFFFF22BF0F801EB08A4FE15EEEC07320B8B
F8A107F10A9A0B78EE361241F9140CDBFF54066803A3FD200564026EF24DF78C
FBCBFA1C019B0244150BE0BDF864FBD10431F9FFFF8EFE2AF8E509DAF80A04EB
FE10EDC512ABF88B0AE90DCCFEA30E88FA1F06F7F603FE66FDDF0EACFBEEFBCE
F923ED070BD40640E7A21BAAF7820332FD8C01BCFD4E01BCF7E7042E01B8F2B6
25A4F85FD97504D20B57031A0A590AA1F03DFEBE01FE025DFB7B0F4CF4BAEBA2
0EFD043F0479F0C210331ED5F5FAEEE1F1E202AFE69AFC210307F1F90AEDF632
173EF40525460035F3CF1702FECE013F0ACB04F502FEFF2105A5002DF4FCF107
10E50A5BF13FFF351C711B2D05E812FCF14CF99AFCACFDCCFCB3FB27F21F05F8
F373EE290D28071C1BAD0843F97D010CFB9707F7EC3A0592F76BF7E0EA8AFABE
031B035912ED01DBF2AC09570C12ED6103B403F3FCB3F8CFF67A058AFBBEED18
0779F554EEE5F81FF8ED1F69088705580B5E03020AF9EE0AF53603ED0F90F26B
1D1203E0075BF7E7042D23C3FF840897FC96F90F0EE5F0C1033A003904E2FA84
FAF40B2101C2FF350B250C8EFEBFEEE9F43B02A5049FF27C03120B99FEA70340
0171FA08FE27F4C4FE0CFB65FC62003D0622FBC8FB35FCFBFBC7FCA50F6DFF26
FCB0F74FF585FAF9FE9F017DF8040E1C062DFD240057F8D70498F8BEF497F484
F858F5CC093710EAF8ED0DCAFB22FD11FC1E0515F64C051007DC0770F8160444
FAAF10E0106F05A8F8400702031AF41E05B703DBF4D0FF2AFEEE069C03BBED9C
F626FFCF14470D95DBA1F81E06F1F2A20AE701FE0F610083F41F1D49EAB40E6A
03510D990412017CFF95F3AD0927EFEC026C00DD09EB048CFBE502CD0A560A87
F8ABF2F9FB1DFBFDFD0FF0B4042AF7750D04FD37037A0223044CF5E3066E0670
FFFF030EFB4DFD0B11DAFF1F0475E5BD02650005F74906370534F89503771249
02C6F63607CBF2FDFEA1016DF52DFFC207E6F7A3026902A6017DF191EE7C0705
07BDF2ACFBDBF997FAF3FD36FCB70350FB24049A03F5F62E04B70F2E0159FEEA
E9E50C12EE90F348FFB5F91FF937ED7B0908FA2B0462F561F8310236099F07FD
FA48FA0FF53D05C0FF170062FB45FA2FF78DFD7AFC02EF13F44805850255FCB7
FB360165FC0A001CF8F9FE2004A5EAA3FAEE09EDF57AFB8807E2FF2A05D4079C
FC23F1F4E474F8DB110FFD1FFC42FE43FD63FDC4F5B6F95D02310434F14505A0
1381EBACF5CF11C710E00FE2F717FE2E01C1FBEB0B2EFA000950F56B0538FF6D
09ABFB6004110A5DF47803B1FF5B0046025803FA040A0347FD55F71B0F67FCD3
0720F77AF98D090CFFD3F903056FFC56FD63FA2BF966FE11FAF6F806F18FFADF
FB6D0B960CBB0968F8A005A3054B03F70564FF6E045FFD3EF85EF6350C1701BF
0A08F1C21155F12D0122FB9EFCAD0A17FAE8FCF8F0E30089FE3A029305CEFC9E
21B6FCB2F9DFEC720590F3DDFEAAFD81F83DF84DE7BB17660E20030AF902F74E
0727F1EE0ABC090F10720D82FFB2033902380378CF6E016206AE0380FA1203B8
FF21F0B0FF60EE5013830404F43DF03A01ACF7F8F42FF8D1063A05BBF7D3F099
13BFFF8CFD1A02A0FFF70C3FFA76FCC4079BE0B40645EF94149F106FEE4621A1
FD32F37100741195E7E713CC0F83EB210B230190ED8607A3F44606DCFECE0994
F9230E0CFD2209000BC7E5ABFD6203A701B40014FCAFFC13FED80228F427FC3B
ED79F2FCFE3808A8F8CCF852015FEA70F98B1984E0C3E8D6FB94EA4FF7C80D0F
F828EE87FCF10407F9940CCAF894028201450A7ACBC6058202FFFB53013606C0
010BF787DF0BFA70F6170CC90916054E0150F62B003BFEEDF9C40B43FC3A0A2B
F4DFFA7CBA7CFA6AF5250FDA03CCFD23FA16EA380067F048F69D0AA9F6D2FAA3
F23810BED9120606FB650043FAACEE5DFA1BEF430A1B073601C30DA5FA3AFE05
0C480031EA68F96BF77AF8A6F7B70C05076008320350FB8104F60080FD8EFA98
FF4602AAFD70034C0158E089083CFB49F89B03AC064BFADA0AC90175F98C139F
06EAFF2EF007FC2D1345DC090CAB05F8064CFC52F8B40A60F8370A99F105FA5F
FAD1F471F7E7F4D205FE178EF76F05E00BC60883057A0143F5E0E49304E003ED
05361456EBBFFB44EDD8020504CFF884FC3F0372177504D106DEF6FAFA5A013E
FC85F17BEFD9057E065CF28D023F074F047806E50C1407BFFF1AF440F644F7DF
FB51FFEFF6EBFCBC0220130AFE690377ED64FD2CF51B1010FE39FF33010F0572
003704EFEBE0F5B0F0550F16FD960600FDB00A14F5570272F67BF7D7F1CDF755
013DF7D4FEB0F09CFEF6FDCAF9A6FE2FF56E0461F4FC096B08CD0253FCDBFE00
076DF9EBF5E1FF1CE8F1E7360EED072A14D30452F52EFEF7031DFB8FFF0BEA06
0997ECECFA51EEA9007ADA1D0AA30F6A23DF0FBA144A173801BD05AE04B3032C
F6B2F486ED560877FD8BF3CEF7AE033A044D07A2FE43E36F0A8F066CF52F050F
FB76F9A60CBAEEAFEFC21DD0FD39FECBFC47FFD7E98502E7FFA201B6089C0318
F7E80B3A017FF6F9F7A01089FA68F70105ABDAEAF13E0A0B0ED1EEE8FD80F42F
0590F7270F89EFF804D916E6FF53F7CBFA41F55FF929F554025D021C020BF67C
FC40F996FC2EFB95FE1D0BD501CC091D063E0A2E071AFDD8FD11FF630D96FE56
F45101A0E619044EFE6FFF070555F6E6F5C50269120D0900F86A083EF65AFFB2
02D1F274E7F2FE58FF75FB86F92FF0E202F804850D75015E019C0358FAB000CC
024AFFAFFC3006C3FE5402E2016DF061F4E707E8020C0F0CF7CF17B0FA72F695
039FF9A8FECBF27D1900FE49FCB9EC4E034AFB17024F0ECFEC4AFBA4EF3DFD66
FC7EFF9CFD4AEFD3076C04A5F54DEAFCF520FE0EFF43F00600110A2104C20074
0668FCEFFCC102EBF9250149F96AE78F048FF883EBBE0548FDB7F380FA62FD90
157DFA970608066A00EF0919F7DAF4B8FCF5F0E00EE80E3402E40838F8FBF307
0789F97EFCD0F7BF07AD0569FEEF06E60074F55D02C104610458F99AF6880AF0
03AFF655F70309DEEFEEEFE1F09CEBF1F506FDDCFC5EFB8BFA95069FFBA8039F
FFBE04560984032AF72212D8F7A805801697FFA90CF6FEB2FDAC0842FE3CF358
FF33FB96001AFBA0F6F90BC1FEA0F592FB16F9E219BBFDAEF9DB0A8D038000B1
0300FF51FDBAF4E8047FFDB9FAEB0315F96DF9D502D4F96EF05FFF9702CDF149
0ADA035D02AF016D0D7AD49504D502C0FB5306B31A8B0E1C04A1FC3A0E260379
FB2001651D6D07C9113DECFFF2EBEF85FD2D04A10B97041EEF05F4B51273F700
F3B303C5012BFCAF005818FBF29AF6BC066DF913BBF201C7FBAAE16CF615FDD9
FD3704DA036BF766F932C1A4F0B30A0C0444FDD5E589FEECFF51F7CF0B8BF280
FDC304A4FEEA0474F7FEE1D6FE2AFFE3F848F99EFB2AFDA5FA96FDF4065D0345
FBB106AAE8F703FCFCBAFC820741F8FE01ACFD74F69BFEA905CCFFEAFAF2003C
D1CF09DDFB8FFC0FFE73FFD800340F980033FFE50ED9FBD102ED0207005C09D8
E4F0FBC9F837FED7FA3E07C203D0F7C90640F985F15DF68102D0004BFF7E070E
0409F45504AFFDD2EFD6F70F0BBFF3FA005FF9150D78FB2AFFE6FE7BF6470926
FF58FDC1F530E92B00B9F9FFF8B8099EFF6B1F3A01ACFB49FBF30ACBF5DDD954
FE810B23FB5A04C803AF04620FD1E979FF7FF6DDFC8812DEF1E5008BF430081B
FE48F238F82F08D6F91FF0F40666F81500D70A56FA43FC32F85417A0FC54053A
06BAF337F1AB0616E9D21582F856FC8A0222EB580C3B0109F8D20503F91B0EFE
0ADDFDD4FCC10AD9F8C808C40591F732FC3B04A8F826F87A0DE0041C03ECFD2E
F997EFE0FD830ACEED31F984FEF1EB27001605790AF9FB28E6EE0249F3F80A33
0797FE0307F1FBDCE505F2C8F55EEF38F5820418FB830041F84E045304ADFDFE
FB92F601FC28F882F8DA051BFB32024CF5240542FED4F9BFEE1AFAAD09C8E34A
F8A406E7F0D2ECACE664F805FC4001CD0220008D0087F46CF21F0846F579F90C
F296E86B136CEF0FF436E51C10D4FFD2FC890A290228046501EA0669FA02E656
ECBEF4D1F448F5190E9F0E56033F0C5DFC7FFEED03620C2AEF620936F01FEDF3
FB87FA5DF729FC1CDA20EBFDF7C3FE3C06C5FD8EF6F5FC58F5BDD7A4F7B8D353
FABD06BA094BF367F219F8B60173FAD7FFA40A8D05B2FCA302C4EDA90202F3C1
F6AAFC5FFDDE1077FB42F4C5016AE8A1F5010BF713120426F4C0E1C6059EE900
FEED0492F00CF7330711004700CAFA7E048404B102F50ADFFFCD0469F391FF81
FDC3F711005DEDFB01EDF8A902F8067BFAE4090A020EFF00F8C7FBE10813FDA6
0303F488F19EF8A80C26FD92035C04DFFB61FBB4F3CAF808FC91FCDDF375054A
084EE91E1D8EFC10EE67FD990A4D018FFD74FC1EED360B83FA7400ADEE3FFBC0
1130F1E319A0FA06F5F20A2601A6040705BA013B0E840B20F772009AF65017BB
1F7502480CDAE82A05BF0EEE0175EF95FA7BFC450DACFEB3FC1BFA800C0AFF1D
068CF7BB12CEF99AFC0AFFA2F6D80325F8CFF9930D1F03E5FDEDFC20F6090883
F6B8F277FA65F5F1FA7D1508FC2805F8033B037F0C5A0537F919F46501C8146D
01DAFF0C0C9BEB07F94901C5F5EBF754016A01E7FA41F5D9FEC702A5105C018B
F82CFA130AB70A4AF2A010EE03C5149507EEFF5A29F4FAD5F55507EFF87A039D
EF1F0DE6F21FFA7A128F07CE0BC0EEC51F4B01901DCDF8D6FA3E066CFF60F823
F9BAF6951003F7960399E207E3AF003F0175F564FC0DF35C0A17E3B6F3E30CF0
E9CC06061121FD37EAF319B7F8210156F2DA022D300D06F1F612EDF912022E85
D52BFC6BF96B1016F3061CAB067EF1E3F9AD16451A4B12F8EC02F4C4FBFE135B
F836FBB3FC4BF7BEE793FDA70283FB8FF2F413FEFE06FFB7E3A505A7FEB407BB
F9D9F8632619064EF0801424FF3A00F4FE79FE0034B7FCDE03ABF024142C01F2
EF9E00530A7E0125F5F3117BEB3BFC85FF9CFC701E450315F9F1BC9FFFE418D8
F9FDF3750638F64BF59424DBFA76FF3EFB710605FE28F821FA20DFF9FEFB16C9
F2C9F7FE0F61F3FD01AEF25402F4F27907D5FD69F03D000203D2FB07049B0124
0F62F9230909F2F10344088506200CC802580547E57904E0FDFA0350FB8605EE
0601F77606D8E8C2F651FB2D038AF215FE3E04ECE6C105EA02A4007D1036FA28
F4DDF3860B4EFE650F97F6ADEFC4FB650299091601BE0328FF1F0354FF330922
E6B3F5990836ED47F3F62ABAE7F9EFEEFA10FB65FD38F850EEABF0B0F8A0F456
F1BCFE97045AF7F2F4290D73FEF808EAFB60FF3AE7E9F9CE0230F81C01FE0487
FDDCFD1C0E6F05CBF4D00D060054EB21FB47FEE8178A029903EAFF44FDC6086B
03240744F3B00D2AFD170FDC057CF4C503CA02D1166B009A02B4FFE4F069044D
0268F7AE066B0B950589F360FE1DFAEE027DF8CA00AC06EB04640395FB7E03CB
0473FBCDF55DE99406BFF7BF04E7EB02F726FDC0FF480E3201B90B6F06980171
1271EF73037EF5600D7AEDB70207FED908C5F4B8048B1178F60BF688FF5EF230
0E4907D7F15AFAD9F2B6F5B702C8EE5004E20556F7CE0EC4FE4BF7ADFF1B04B5
0266F311F490FDF4106908C6FB82FA74F123F508F571010AFE97FEC8FE7BEF2C
03050DFC06B9F48F0746032FF553131EEEF9FDB2F18F19E4054E0FCAEF8E035A
F901FF58F1B90E7DEC70ECDF07A7F881FE830C56FA45045AFE4C0FA3FADA04B3
F98D103AFA5B08140F3EDBFC0C4DE702F9700114F6CFF3760551E235F55406AA
F943FEAEF4640EE403A8E0370C8E02E2F92D1550F853EDF4F86DE3C3007B0C55
F254F9B9F2D503E5F35ED1B600F5048703FD0F18F301FE50FC88EFDEF8620234
036DFBA312FEE05F1BA7089D045AFCE413E10B5FDA2A1C56F14D0090D0F01894
F9A4FA4F1084FE570A5CFC9109DEF8E003CBF5B70093F496FB94FFD1E3E6FE6F
FF8CF5FBFF2FECFCFD4EFDAE06860B75120C0583F0E7EA32FCF9F8D8E629FF8F
FFC8F696FFE202D504C0078BF643EFB30720068608FD0908FD5D0511E70DDFE1
E31EE84F0B6FF86F060B0CF5FA93FF1103EAF457FE870001FD2502BDE86E064E
0E79F0AB011DFDA0F78A065E00AB054709FD0314F9341E6600400D8CDA24FA8C
FDDBFCBE0F15F0DB0323FA701166F363FA3E00110C6FF30A0AD40362E1ADFC5F
FAC20E270E0DF8671040FBE30338F28A05C2F871FB77FE6C01F30B67EB3904D0
FED4F73410E509D90A6F034503AA0069F9E21334FC47FCA812A20D84E7A7009D
FD60F65A09EEFB0312A70AF9059E07E4FF5DE8DF00C5F63D004CF978DF32F96D
1381127E0142010AFDEF06230B92F016FD910191FC440008FD84FDE1FAD3021F
FBA3F966060D07C20613F61D07C00D6C05140CE10B1FFF0FFDD2F9DCF82CFC25
00E2FF70FBFB01D6F8020114037FFE2C027C084AFCD20758F780ECD2F61DFC22
F631E9CC0084041F0224086B0263F943FF370180030C05F908FB058BFD6A026C
F9C8F2960518FFD0F5410A730CF2040BFF0105B7020DFEE0F90B07E3FB43F6FB
05B2FD5C0594FB040763F87D087EFD23FE4DEE33EA6FFE71FB1BED370363FAF5
F4E30FD8FD9A058B092F005405EBEC7C035F0A58FB050011035C11B70011FFED
FAEA02690231FD7404F304E905DDF3D1039E089204050023021E09A3FEEDFBFA
FD8B041BFDD1FCB10225FF640073F83501EDEE7BFE58FEB6FE20ED45FC4FFB63
E0E00153FB1FF901FE800C74FCDF072AF7D4F9B1F4A303DB0AC90945FB9D0401
F0FBE72E01220441FA250706081C05D6099BFDED113FF7DAF65A0678FF310B69
FA68F63D04B0FA990EBF13F1F4F605E6F7FCF9EFF80201A3FDCF051B0B82F804
EADCF860F61204B50B650033FB07FF16FA3104D10229043503F803B9FFED0829
F6D501B0F260F0EAF7E402850BD607BC0795057F2613001B0CFFFE1CED8400D2
019500AAFF08FDF905A10BE71ACEFE1C07F6FD16F68DEF551C6FFDCF04E2F488
F91E016F01450295FA49FCF2FF75F6320502033AFBDA0A59039E0260F52A0152
FB170214EF0EF8D90505F450FC560966FF5400C807C3FA400D7BF5C603840401
F7F6FA12F3E9FEBDFE4809F6EDEDFE68FA52F1A503F50E05FD060D4A010FF74D
04F0EEBD10B1FE3C05AE0F35075B14A200A90CDAF6E0034803431027E42AFEE3
ED81F7D9120CF48703F00680FD4E0A8BFFB6EA1406C9F1B6FD31043FF147EAA9
002DFFB40842008F0FF0F916F86706F2FD341050F716F919050304C2F12A2C59
064004DCFA760698FD67010703A9168F094D045ADC6C083CFD9AFEB0EB7906FC
EAA3F0BEED31EAE7F542E3221047FC22EE1DE3A918531C9AFC2D0AA0EFE605B7
04CCF8A1EF29057D0E43E5891373F6B50731035C013100A8122E00B7E77F0B1D
1055FAE10C5F032A0B830838075E090904F30634014CFFB2FD7400F5FD6706E1
027B027FF80AFB4A042F01930DB4FAF302D10039FDB4005907BAFA45F36CFEA7
00940A7E0D1A009B0FFAFC810043117BFC00FC5AFC52F59E047FFAC6FF4CF6F0
F192069003C708CF11C1FC01FF3309F8FFABF4E9033E0352FDE5FA59F7A206A1
1503FAB10CD10ED6FE9417CD0662049C02540B09FEC7069DF30BFB90D8B4F962
087808DBF4BF04BEECAC0F7EF6E2055401A9EEF703520A1800BFEEBEF7D0158A
F446059C179300B0FCA3FA88037DFD6CFA760071FD89041600E7F0B8FBA40477
02A90CDD0151FD1906A3010003BB0206FFE80392FBC80B0BF706FBED076D09AA
10DCF087009B02CFF5B600160D85FF25F8A00EB202D2F9D9F0B5F8E70E0DFC41
FE0806E90A11024AF5D9F565F20EF863F5F616DAFA8BFE59FF85F09800190063
FFD8F7A0F14E0A44F877F536F93001F2F67003FCFF780A400502F8CFFBCF06D8
F90C115CF0AF057FF3BBF578FA8F02FEFF93EDE0FF5C036A076708A0FBD90052
F6C109750D680155F64306EDFD11F27204520616FA1A0741F766FEFEF8D7F5A4
1B40FD5B05ACFFF20661FC1E150CF9410204F051F8A5FF36051DF74EF870068C
FD4BF5D0031A006903D20C7DF0E001BEFBD2069BFD1907A1FEC60934FCD6EC9D
0BC8037F005809F0FA0D003804E2EF48F9060289F4CC05EEFF2DF580FF56FB13
0B3FFCB1F40F0809079C0711F242017AE928FE37F7CCF0D2FC4DFF25FD490BB5
FCC8F25AEBE9FBC3F8FB023FFB6CFD69ED52F9310801019504F7F7C0004AF718
F91BF7B906180471FB2EFC67FC54FA67013AFC97F8C2027903040473F87DFA69
18E9FE81FBFBFBEDFC0E03270CA0E8C9F69806E80658F52AF355F7F7098DFBB1
F6CDE97EF6DA02D1F3FEF7A4069AFA6A0C3EF511F8480B7D0B11FA3101A4FFFB
0AC8EC4DF4CEFDC303ACF786F5ADFDED011AF7F8023DF6E1FAEFFEDB127B01A6
FB5FF475F0DF0499F7CCFED9E289E0EC0E030ACEFA320C04F51403B21B0A00AA
F8EA0C110036071AF64BF494F1A0F63DFF25DC461270FD2EF5050CA21384C5B9
EC22EB1EF5EA1C7AFC120636F4B1F7320BF700AE0317FF45F938E4971831FAEA
FE4AFF39DF1E1D41DC890E6D0244E97A0D9807CBFF86FC6F1059F741F7E8F4E9
0FBDF19AEEB8FE010099083CF9AF027A1096E7D501630A9C03FA177D0BB80AA5
1502ED26FBAA0171F8BFFC83FAD307340289FA5702A408BBF5A208280F74F780
FB8F0594F58AFE0FEAC4016EDF00031AFB3FFE45F74E18C60E30F343FDE6F4C1
027807DEFBD5FEE3F5C6F066F4500A31157A0B72FC80080D07B3152A154FFF45
12E40C91FEE3FE800275F372ECDDC541FFBAFEF9FF99F89E03330ACB0292032A
F1E0FA0EF8750254054313B1008CBFC4044001000B490FBD0532F8420FD3FC55
FD5BFE4708CD03630320DFFEF861D813FAEAFF1103600009FDA30493116CF945
07501091F71C0A08FCD0F80D00F2C7430529FDDDEDA402F301650AF708F4FBC3
FB2DF9DCF831F71A02C4FDFD0F1DB18C051111C2FCF806460A9CF60B134CF752
060DF08B134CFB630B4DF9FA0456DF5D05BCFEFE15DA01E9F53616FA12490463
02610AE1F70B03FE049EFD24F50A0CFD0495FD88EE89019BFA4617040706FA8D
F2C8F80B081FFACB0307075CF446C93201D50681FF41048BFDCD07650933FC62
02C808880601FA930E971B14015A0AFA01700D6A157B0A8300EC039B0A05ED5F
FC330151FCD6FE92F7C7FC680F1EF930FA9906090863FFED04BC0705EBCD083D
F9AEFC04FFEF06D802D8FEDC0B4102EE0088028DF582FF9BFEA405FFED5DFF66
F802FFD502F009C2063FFCF9FC880FCEFF3617CEF9A506C602C1FE73F4820D11
F174F29402F4F50F006DFA20FAD9106F031F07E8FF5808BF0556098CED88050E
EE2E06EB0F69FF07FE42F3AB0A650EDCF532FE1C0798E532082602CBF476035C
FE33F2FF0348FF200DE6F43DFE9701670D220A2B042DFA0001B903AFF773F79D
F2E4020AFD5F023FF79EFCEFFD7DE9A4FD9702090505F9700751F7B2FF640773
F795FD0DF52DFC5EF3F30943FAE1FDE7FE9AE0B008820789FB400731F9F202BE
056CFEBFF4E9FC751595FD60FF8F05F7FC22E88301F60529F3430011EBE00245
07BDF2D10FC3FCBCF9FEFC4E060B0BD203880037F918FCB802E2297403B7E575
04650393FC660219042BF5A4F1E403E2FAADFF4B0550053705800E190851F4DA
13FAFEB5FA340136FBB6F82B0B9AED9EFCE0FA240B6A02C2052BDE70033515EA
1CCBFA7C07FE00F7EE1FFA63FC0CFA17050CFCA1F6C103E6FE45238A04CDEC50
0D03FDAE0840F2AF0477F777EED00CA2F562FDB6F78AF0C5FFA60E2119DADF82
009F00EFF5A6FB12FF2D02E700F9F230F130EF24F7C8F6A2F736FDBB05B00307
169B0A89035CFCDCEA82FC6EFFEC09350666F4FBFE41F9C804541F8EFB27E36E
03D400B30808F877F57004DEFF1A032DFB641507038902F7FFDCF33E0F4DF978
086BFD33F6A7EFD5FBCF004AFE83010AF2C1F83A169BFD8AFA9DF641F606FCE5
EF5BF3F10726FD4DF74DED921087074AFE66F388FAE4FEC1FD440364FAFEF87F
0F99F94CFAC4F94BF0EBF3B1F3BB00DF11C603ADFBB8FA0EF61C0D0EEACAEDE6
001EFA89FADF0323FFA6F066037C0D9710AB0A0AF73004BBF3A9FAA0F0A7E246
F26C037FF9E5007301D10AEEFBA9FFC8106C0B41FF35029708B90E0DE9810827
F8330872FD690258FABFF975FB3C0810EEA90E26FCFC0AFFFCCE1448EA72F566
FEA802AE0A22F1D90709043C06EC0357013AFDFD1B86F6E6FAF505CFEE45F6C8
03B3062CFB4A085CFF4800380025069303BB0049F707FBA00887F647F033F95C
0810ED63FA3D11D3037700A700CE0948F691FB6CEF60FEC8F6A504EEFEDA006F
FB11051AFBAAF7220181093FF2650E29F6FCE01805CE01AD085DF276F072F3CD
FE16094900D4027F05C017D908181FD3030CE49D04CCFF30F743ED80EDBA2539
0442FA1DFF29101300CF150FFE8E188F0AF8FED7E6100B5AF111E67CE89218FA
1266FDDCFBEE0D40FFE2E14C12C122EAFD1CF8D702B30934F6EAEF74F166DE45
F5E70D81FB6D087206C10A7D14CA0CC006FDF459108801FCFF55F8E5FB79013B
02250CFFFE220BA0FB0916081003F2271099030AFBAC08B6F5DF16F9FBC71198
1A0EFD3006F50E760B58056B444F18B5FDB4FAD9374A0091EE0000DBF4C30340
033F018C06A907ACFBA3046516A01CE3FDF1E46E17DFFF6BF774FD08E71B0A96
F9ED10E50991103EED2CEDB3F128FC9405AEEECFF781FFBE0A7F04D1D25B0770
0994FCF700870426FDDDEE6917660C320234FF3BEE01FEF8FCFEFC24D1F916E7
0DE1FD4304170ED6F9001165F6C8148211C9F2B1FD0EFE12048CF5B0D9D40621
E556F816086FFCE203B4FE63F71FF82701810ACCF0D5FDA30312F0C1DE83F4F8
EB88061DFACC032CF573F336FE28FCCA08AAF6E8ECDEF8A509A10504D9B0E6E3
0522FB82F6AE020CFCAB04B701E41440F69FFB4FFBA9FC1F019CFBE2F361F4DE
0039F12E05E806D9FA1605E9F545FCEE0E9C15B7CC1CEF3C0832023F0130058E
FE11001209BC0BE504F21813FF70010703C107DBCB0A0040EF22FC15F7200859
F9F1FB79F9EF0980F61B007805EA08BB0838E2B40380FE1507380260F8E1103B
EC950573F869009CFB3DFB800CC9FF070343EFE3FD89F9CF0201FD48EF3010B5
02A6F27AF05A0125F13A000AF2D9E2E8FB820E54DCDC00E1006601AB029FFE94
F62FF0290132015AFBF8F955051FFFA8FE6EFA8A031300F8F712EF1F07270104
F9CAF61C0ED20CB3F5E3073705350263FD84FE1F082A0924FE5AEE6C0FE60359
01F9085B0167FCEB0032EB1BF888FCD9FC63F6A505D7F643F4B9088F0166FC96
FB23FA5D0030FD250CEBFECBFACD02B3FEDBEAC40329F875FE72F5AD04A0FD42
1506000F074C076E0DFF09ACFECE07CA17240824194FFB4EF4A0121003610DD8
00C5F953F68600D1F2480249FA89F9F50760FA10E4EE07E512E8010B095A028C
FD31F88FF5CA03CEFA89FC37FEB804280E4C0487FF370049F0CFF83FFD65FF72
FB86EDD1F5C6F89104400523041F06660BE9FB03060D00800F1E0B43FA940320
0858FC30FEEC082EFEF5F86EFE0EEE1A0880E59505C7FA45F0B0015205FFF78B
FFD7FCF5F5F1057CFE2E076CF9A10AF706E80315FC3F098A070EFECE1331056B
0BE1F07EF0DA0177EB49F47EF6C0014601BDF745044E0FDF0BD2019513140290
02BCF6D2F99FFDABFB250FA602340303FD17F8D004B807B6113C01EF1D1CEE06
034CFA65FD1EFDABF84AF87D10CE092AF653F69CF6B8084B0200F4FF15E4F0CE
FA73FF4BFB63FCBFFD80F4D82BE4F36C08F20B83165B276F1F85F6AF1D23F879
04A003D2EE941223E1C2FF24FCDD0B3804A3F25806270A0C14BFF6CA1397F7A2
110AED92ED6BF42FF0720036FF0700DBFD1A04A4FAE5006CFC59FBA71195FD71
017003FFEDE80255F793FCEEFAA9F36FEC8401360EF4FD0110B8F39F06EAEFC0
020AF061EC6E0B3EE648FF0A0EEAE7B008FFEFCF06210DD70CE40D2316F300EE
042002F407AB00D2052A124BFE6607AEFD7001A3FC590137FD36150300180038
0DB5FE3EF04702D4E7230A64FF08F89206DB06E0007C027AFEC3F32CF0C90B11
F15B089CEF5E01B7EFB9F163EF1EF948050E038606881594FBC10E7401A61E9A
F160FA57F68A03AEFEF909A9FA20F76EFDF5FB7700930204F57713F0EEA4FEEC
0847FA71EBF70464F104F1B00D28F058F81C06A5128D0841F1EFFE2EC54CF812
0288F711F225FD01F1CD051D05CAF92C010C04090FD8003FEB020393D23E1C3F
F86EEE7CFCA2021202D606DF030800F9FEC6024302D6040BF8D9037C018706BF
064810C3F4420BBCFE32088CE7D0FCB601AC0B52F7B808A5F318FE07D4F6EDC4
FBD8FCD5F2FF06D3F66E05C80130FC9D0588FFB602A20E2C0364FD62E417F14C
FA09FB9B08BCFD54EE02F49E03380625FB07FFB900DF0908F947F466228F17A5
0794FD7E0969F90BEE2EF7A8FB7C07EBF7B6008FF30B0A560463F3650506F412
F582FF7EFAA8FD10F7A7E97AFD460221FB7A053EFD2AF872FE69D8D8EB8FEEB8
02B4041B0D0CFFA9EFCBF84E0615029EFE59FF52FF81F7F5F51AFD8006400B9D
F8DEFBEDFDD5FDDC0EF7059805E4041DF9AFF264F303F8C3F333E914E626F534
F21B068009D6FC3610360641F07011D709DD04F41025FAAA0663F2C4EE7E0529
FB9400C80C1503EDF2FB0384F985EBD507B2FCB2F6AFFC8F03B4F35BF406EDFB
01230FBBF747024C0586113109CF0E87FFA1F47F0496F6CCEFD5E2BFE408F910
019CEEB00033FD72FCF90E7B10DCFA20068DEBC0FE6FF3C5F6BDE0DFEB20FE30
F439F950F7E20AA301E2FAD4055EF5FCFD9B0426FC39013C068B004FE6230312
0F26FD48FFA501FE05A4F553FBD105F9F04924F105CEF7EE04E00E34C638F6EC
F18FFDEAFCB703E301EE0285001503E3081604D3FBD5F54B0E0401D3E6E1F2EC
F91103DB00CFFDFEF8EEF79208620271016B01BEF5F3089903F0FF8DD78D020A
1542FC4506DC0CBCF26F02351FC6062010F026521572F82D074BFEE1E216FC35
0E69F069FE0610A1F73E04AF0BFE020209E80845FB1500F70BEC01ABD41A0EDD
0256FE0FF9E905C00007FC06FA47FBE1FD8FFF7C02C6FD68086DF89AE354029B
11AEF6CBFE440C07FDC10572EFF502B6FACF1416FD9808F60911063ABBF7FB83
FD4E0432016902C9FD1A164703E3008AFB11D7F7FA7EF831FF0C040ECD52F545
FC04FC60FCF304BC0AF80539073CF3080368FAC71451ED2A003C0096F2460640
03ED05FEF8F20D1103930DB8FB9FF669027E01EF01FBF542F57E000B0833F554
F82BF6DEF724FF71F6DCE316FD85DB44EFD6D638EBCF02A0FB2CFD550889D2E7
E688F7DD0A0D067005FB07000A06D751FD98F785F7D60B280A4FFA53FD661078
083DF1FBF0BF0817FBAE0F3CFA19E104151105A807B4FDE6FB29FC6E03CEF8A2
0C82FF0805B801490BA3F1F90686E0E3F67DDF28013BFFFCF6ACF195F85C093D
05A201A307CD0A890D76023807BEE42F06410464096EFFFEF41A00E20F87024B
FE5F05EE14CFFA2CF8A2016501C7E46E0A0AFD7D005105780897078C0B940A46
FA9CF28F01DEFC2BF24EF8730943E6A3FED7FDA3FFDF0B781608E9ECFCCA0444
02B311CAFB41067F052502ABFC4CF92A0187034EFC9FFDB2FF52037BFAD305B5
02C8F4B9FEFE0783023EFDB1F4FF02F6FDED02E8069605D100E60E4AFD760CED
FD77FA4B030CFE00061AEB05F7CAFE5CFE110AA3FE46FC8200250146008B141C
F48B0569073D039A03E609A10C580644F911105000CE00F1069BEFEBF48B04E9
F6A7F674FF000871074F00EE10CB0DDE0457F74505E9F4B6024EE432FFDEF630
013AF06C03EE04FEFD3D01ADFF57054B03150E19F8A8F8AD02540E37FE9F029B
F305F71A04850196022608F304450252FF66092009ADFBF3FFF1F79AFD97FED2
0C63082F05150A29FAAF02AAFB370D6A034BF4AEF4F4FF03FB6B05C7EBABFC37
FEB6FC8BFE680284FCC400920623FD0E0317F9A7EDEFFA31F88709D9FBBAF90D
06EE0191022410F503312A84078E0FBBF8BCF4EC1E1AFA97067720FE1C14F5F2
184BED1CF8CC04CAF882FBE902A3FC620053EAC4045E05C701B909E51355E8D5
0DA0FE56FC1B0188EECAFB57258EF707F77FF54BF575050A01C9EF6F113EE5C3
0F5F05BA01FE041B019C1AB908AFFDBA0532027F10190EEA019123731A4A0352
17EEF6760248F50B0815EC0DCB80025CFF3DFC06F99EF2EC072707D227D50705
183D03C0FFE6070CEF51EF1FDAE7F61FFEE906C106E3072CF3E4F747120CFF0D
0AD308F90013FFC5F22DFAE5104F010C0658EFB80BDE0ABFFA7E1B6101D6FB0F
1D9301DDFC49F268F0FDF5A31F69EBA1049FF8C205BEFCEFF2C807CE14BC0B94
F960FEEBF4300033EF51E4C60F350683007AFC5FFF7C241404EBF523111DF1E2
128CF269F477FDBAFDA9FB960D570037F4A3FF3C04A304B50A7DFCE50675051C
015AF9E6FA610418FB2609F2F6090218078B049DFBB4FFD304A2EBBD12300B46
FD6F0A7E092EFC1D0189E6BA0E6F197801A316DF098F0246FCBDE8C803C901B1
F596FDD1F476FAE301AEF5EC0758FD0DFFEDFB9801FA0501FDDDF2C2196EFFA0
FCC2F2C106A60ABA0445F5D7E7C4FF6501B0EB51F1B300DB13A4E25A1937FE13
FE3AEA1E0D15FE1CF7ED05FBFA6C06E50A7A0815E64EFDC3055FE9450E1A0576
0C9CF9BCFFB6FD7B05E9FA06FD8806D9F73CFFA7065705AE0A23F4FD013DFF24
09110093FA7D03C90598FC561146022502D7F02B008E0116F36BEA780A4CF67D
02D9FE2802C3FE26FFCA06C00768021104F1FFCE1049036DF95CCC5B03920082
DE89F4AEFC820BAE04A3FEA306CFEC99FFD001C101ECFE9C07AC09680DA3F75E
1843F890FABAFDDDFDEC1CCF007AF0D5FED1017CF6FAFB6D0FAAF4FD089105B9
01A6F4D2F725FA11FA06F349FD7010B60E02FD87FCCD012EFA020E11F155F46C
D8F5EB3EF798EC6DF52A00F414C7EEFCF94F00870A2CFC63075DFF36103DF62B
04F6E920EC0B0FDF07EE0FBB05B8F3C6FB2314EC0A5A22900D0B0C41F2B00F45
F1A501E2031C0288F8B9026A0AEC000AFA01F139FFE1F9BFEFF3046FF35A0F49
06C204960103F32704E2FE6EF586FC60FCC0F83E0690F50A0663109B1529F7E9
0CF310A50F4B09620DA90183073C062D057AED92F4650168E597071C01550211
FEC50D21EFEBF91FF078F74E0A000FC9FF1BE894F6C307F510D806EB031807CB
0551F74DF0DE0179F4AC02AFF87509AFF20105C501640EDC0968F5AC0FD1FD6E
03890B9DF9200685F8C0EE8CF3E4EF5000F60626FD77114BFE75FB9C0EA3106E
01C3F59CF540FA9EF82B1E7EFDFE0464FF1D064E0CFA02AAFB50FC72072C0559
E59CF80E02E2F6650630F2DBF453F87CF258FF1007550140020DF6A209EAF1E4
F4F6FCF6F2080E37FD07FA30FE130F4403CE0C09E2C60FA7E7990BF3FD36FFF5
F9E008FDECA5FDA80B241B56F8C30570FDF2FB7C0300040EF211FB8B0EC51C6D
042A0196F3270876F592FBF5F5CAF4B5FC7DFCE806FB0612028BF19D0951FCDD
0935FB94FC31FD01FB68F46DF2FF039D078C0C59F75D0873057EF61015DE02B3
FD76028D09D2FE16F9430544FCFDFCBEFACDE860FE050817FC8103CC11180E35
F39A006505CEFEA705A2091A0537F3B4FE4304150315FC660342F71E07C6FD5F
0EA0028C0B19FDB100D800D3FE7AF553F19BF5B0F486FBCB0917F5660382F1F2
02CB02030F9600A4FCDFDD0E10600F3AF599F175F038F9A609ADF46E03A9CCB4
FFF200180524FF2206E70E3DF76A022DF4DB0CD4030DEAD1FF8C0D840BC20562
F826098F02530A810D52F91BF027F36506E51343FB49F04004BAFD0105DC0C92
FD4D0D3EF74604F7F1EBF08AF92FEAC8F751E021FF6B0C3DE70CF6FD0F13161C
FE52FB28FC3E065BFEC202980254071A02E30545FC0CFF55FD9AFE9FFDE901D3
040700BDF102FD09FED4FA19F3F509A80B41F080F219F523038DFEE70AFB0336
FA0304F1F9B2FE97F868FC3AFB30FF39FBBEF04BF7810530109506550727079B
EE3DF56D039006F0F9BBF23FF733F90D019DFBBF06BAFFABF223095BF9FB057C
0449FF190D120876FD3AF568F427F8F2FDBBFF9DF673FC53FA670D87F7B8F8E5
FB3AF236044F05C8FD0CD1FDF369ED830243E563162CFB87F9FAF514F9CDF8C7
E147FBD7FEDE0863F89E0623034912B906B20A72010EF6A6F83608A2F4F0FD57
07C30BBEFD39FB12E7CC0CC700C7040DF942FD20F1A8012413DFED480E06F7F0
F9C2060B035B0CE00B93093EE582FC7CF889035006B8FAFFFACEFEFCFDC9EE22
D875F0A00C6803F6EB2FF9DE06840A3EF79DF921176BF4FDF316FC86FEBE053F
0ADF07C004C2FA32FD2D04BA18CAFB1704F71E82ED4AFAA8035DFDA1FCF40051
08340241081E01B30033FA9105270F2601730B37FFF8F8FDF983EBDA04170A43
103AFCCD0929EC29FF96F4DBF0EEE9D8FBA5EFCD167FF2FAFCB91305074B0103
FC9AF6630060FC72F6DD0020E749FD02FF5A0B2B2085FF49039C09B90609EB94
F7B1ED0109A0FBAAFE8FECAFFB881623032BFA18365A033402EAFCC40361E917
012A03E60BBF01F6F1F0EA94EC78E0010EDFE663142EF9A8061D0B2100F3EE9C
ED8DFC3403260004F18CFCDAEF0BE18EE9FF2F41DD4B0B380E7C0B2EF3F7F5B1
FB59F560029F002B050103AAD24402FA0EDE042F0DA606AB07BEDCB9FEFE008E
0413F5290039F8F9FACFF4390260E5EFFF69D7A60FE2FBCFFC5204880BADECE6
F531F964033DECB2EC6804100D7DF3B1004408C30F1FE54DF40BF519145D00B9
F44D06ADFB6DF5FB0D34FDD7FD620566FFE2F12F2BDE028B070A06E80CE50678
0952F27D011EFFDA0213046001210CD20054016A03E900130414FC52FAC200E1
FF4FF7C3FE39F6CAF99EEE76FC03FC82FE1500710070FD2604750BEAF63301B7
F666FB41042703E502B8FBEEF06E04890835FC24F9B9F732FD0401ED1196FA5A
F5C3F8EDFA35F48807060461FF16033AF9D40BA6104DFDC00677F758F9630C56
F3AA01EBF2DAFFC600690AAF096A099FFBFE0153F7000239FED1FBDBE9B40BD7
FF99F7C6FA53FEDBFDBF120A07B309AF03BBFAF3F5BC02390619FC97070305D6
F188140AFE0EFC54FA27F80CFF46FB34FDB5FEB1044FFAB6069305E2F315085A
FE3B0D780463FD5E034AFAFCED1CFE66FC91F5E009DFFA49FD87021BEBE306AD
FCEDFC5204400353045EFC8DFDC91CA0FF0D02AD06A4FD90FBDA05F6020300F8
EC7802FBFB22FF7B01B4013605ABE8340081FC3C067BFE1BFBA2F722F2B5FB86
F7ECF86D03B3FC751127F26104BBF67EF9FD0A1B061CFAD1071EE92BF054EFB3
00D0FA9504DAF9B107EBCE530424EF0BFBD90A40F9F803730002EB55FB1EE0FE
DCBAF55F08FCF1DE06C508C2FD67FC43ECDD03F90F62FDC3FEEB01320D45079C
0FF30147091D024BF5031459F3C1F0530188015301E3FEB2F5BAEA53FF3F059C
F99BFE6109A4FF50F2900B8B087706D60203F4FBE057F3BE0A28004DF8CF000A
0D4FF509FB76FA1EF67AFE65FEDBFF5BF916F88605570098FED0F905F686056A
0047F19D0AA301730DBEFB9CF8AFF23E0C38F6CFFE1D057AF8FCFCE5044401FD
F5E103B706F405FA045405620A7D00AE0840DD58041608E00608F5C0F7ED0E94
FA6FED9B03ACFF5C00DAFADBFBD3139106320173F6A9FCEE0358F582FF07F6C6
070D062DFC0DF9600959F55FFF67F68BFD660E2CF651FD89FEA9FE55F844F547
FF51019B0DD105E1FD7CED5B014C01F2FD0EF45A133EFD5204DAFB75011DB736
0EF5FD10FCD50851FA7F03A60430F55D13F60292E13EFF2EFB42F154FB5BF964
F7590725FD2F06DE0E27169FFBBEF96FF932161C1450F3100EE40AE00630F6D0
FD0AE8B0FCC3FF21F6A7114F00E8F0C3FCC5F90D1C881606F44EFFD8F8F5F3AA
FDE5EF95F6610CF6F440FF240064040D06C9FFD2F864FF2703CA0097F6270739
02CE04F808200718148B046206250034F9B001A20B67FABA07D0042C080AF842
F92407D0107C012405B8078C006EF62FF5DAF2CCFFBAF697F8E3F448FD40FB65
FA0306B1F884FF2B033DF8C7F06906E6FEE4018EFE89040702A2F657019B0FD9
FB2EFB110B4EF8A1037AFAB0FA08FF8A01CF075700EB04FEF4A1EAD00B052034
F96C000C05C5FD56F420F1C5FBC501BBFB2A0B7508E3017C0011F61800F8E686
027BFD66F555FC36047302ACFD6F04BEF71F0E8204D3F61A03DDFF88FCFD0D72
0DB5F1BAFB2E0C91098CF9700749FC8E0383FE0BFA0D04500F8AFBFA00C012F9
FA11F7FC0ACA0572EB21FD9902FE0B2013FF004AF56507F605DA0125FF7503CC
FFB5011AF540F6B70A32FE30FEF1FED1F6F8FD32046406DF03D40AA8FDB6098B
127806D500FB11BE0348F7E107F3FB5AFC431341F722F5D0EF500806FAFD0272
EEB0FE65072CFEAC072F1556FF67EF860B6DF4CF060AFC1A0188F935050B00FD
045BF07E0C39FFA2016D01000A320597F7BA01F2FDACF5F81065F9E004D50337
E85411550091FBC00D0EEDBDF7B5FB38F9EDD7EFE578EA910D00E83A01D6F5CF
F8EE0BC400D2F9551291F3A8F05CF64A024CE701F84BFC520204FE350CF5F700
FA33F72400BA0B9C15E3FB4D038F1172FA35EEB7048804F71727FCA7FF83F1B1
05490DA5F175106A15DED20029B7FEB10B5ADF30D77618D221E1EB270137F057
FE3B0B67EBD5FB780BF1DB0806970BC1FCE0F1AE0D68FB9A0710EB8B03EDE621
0F30F045FCF9F767FF3406410FB603FFFB0200CBF33FFD2311E4FF41F929FA03
062DF61009D5039B0F8C0CDD0C62157EFF0B0DCAFA830007E6CBFC5E06590A75
0DBB0AD3099A07F3183608800D571E90FCB1F79EF88BF30802A0EEB9FB3A0F31
F52BFCC9F1A0FC8DFE8B010FFE9CFA77011FF355054D008701950482F23EF010
FEF6F8670991FCF30633EC0FFD91F1A1F0DBF867F880FF8702D1ED89FC99F4A3
03ECFC47FD95FC2C08D8F8860A9FF15BFF86FAE802A3EC9804E6F4FAED53E791
ED63F67709E3F98E0276047CF5D504E3FE01FA090116052A00740AE9E48D0B67
0719E88BFEFE067C0C790271FDF1FA71E9DFF162F211EF89FCD8E5CBECAE05BC
F16FF3FDF70901BD06F8E5AEF6AAEBC70E9309A2F44E12AA088AF5B4EFBFEC83
FC5805470BE8F82A0EA3FF0B0369FBCA03BAFB7B05E5FA08FA9807FDEBDF0536
F7E7066707490526F3BBFB7FF6A1F6A10C23100106C9FC2CF430FD62EA660EE8
023EEF0B0976FD8D0118FDE8FF68EB99FE2CE170016CF62406EDF4FEEA54F872
12A601D2115AFED100F3E504FC230C5404B8F5AAF8BAF415F0B5F4F1F455FA59
0204F9A3039A08DAFA080B06F7C7021200B6FCBD092BFCC8F5D9F9CFF49D19BB
09AA081A137CFDE304B3DEAB037300CC03DA05C70467FCFCEF7F1613F7D214B0
13CDFFA5FC95FEF4FB82FBBA08D0092700ACFA20016FFD54FDBC1423F5E509C3
EE440F60FDE0FA66EEA1081D0462D02D0D83223F2B64036BFF0F0A3207280C37
034CF5FF0A5DFA3310A508E1EB9405D7EE98E51FDF6AF750F8D80B29049B09E9
101E003204DFFB960352FF75F27A2A1B05FDFFD2F67BF839FD56EC0BED43FA4C
F479F88AFAE6FFF504CEFA10FC6BF90BF09F06E00BB80508F4E4F301F0440448
F914F9AE070CFB560982FD04F9DA1B51015A01D1092700B5F8FB1084F2FCEB73
FB6AF6E1F956FA33FE1E0062F60A1448F961FE930856000104CF0E4B056E0908
F6B1FB35FA710373087012EC00F90017FB520512058DF792048206780683FE8C
09CC0EFDF0EDFB630C44E8BFFABBEA36F05EF4A4F843FD150849F6C603FFFCCB
F9F3EB340CE80647024DFE76FA89FB6DFA27071E0CFC001200FF04B605E30128
E194ED17041709DBF1AD0DC3ED300374F48E0149E5DA1F99F463F43902460589
050901D2FF650D0F0E99EBFFF02FEEB1FA67E392EF130EA7F2E7FE8D09800E30
F3D4FC2C0A50FB0CFDC0FBCD03CD084FF655FCD109A9FF9204010B730563FC14
0C570A96FD6EF72EF5E701FC11A8F9EF13DE047106B3049EED130E3B09F3F7B9
0D16026FFCC90611FBC7F188FDA6F1B6FD00F983F945FBD9FAEEFF3BF965FFDE
EE44F6FB0DF4002601D30A22FB190544064D0151DBE4FEA0F0C5020905890EED
00FA02A200CD001800C400A30621022FFD2FF0F3E1E90070F43CFB2503650955
0BCC0958093604470E49A6E9FD9D12B1F9BAEDB8F95EF5CFFCBA0430024F044D
F1F9FFD50619FA980B84FF43D6E8F6A30C930325E77FEBCDFA640657FDC703B6
F2560A66F2910EFDF906FFEDE03505DAF89903D0FCAF042B1A6307ECF88D0B71
FF8FEB8407B5046615E0FDC6D586FC1CF9AE0C5313E10679FDB8E6CD00850B32
F00503C409BD043411A905220D8208900678EBCBDF37E682ED93022C0575FCCD
0220EC130F4001F10F7104020785EE54FE7DFA41F2C9FECF0EB1061501BB0750
04E4F6380E9AFCB9118B0FA107E7FB0B054E047BFB01F4F90B6AF901FED6F9A5
0342F2840BECFEA7037206B8FE6306F803750BB7079A046F0090FE5CFD54F50C
00EC07EE072001D504261223FCC30072FE64F3D00F07F83DFCE3140EFFB90010
09050426F973FD5FF84B130006E9FC5501481295F3460A1C080D02CAFB64080D
F9F3062712BEFC88FD49FAC1ED5100D0FD7002EAFC70F1600B030D34FCAB07B6
02E006DD0FEA0034F8381754007300AAF850FF86097802F8F7BAFCCE080212CC
02180EFA06A003E30456F690FA52FB7BF778FC21FDF7FD880166FFA9FF5EFF95
03460B59FEA6005DFB0DFD3FFDA4FC950F30FAE701D9FB84F9C60551FAE8FA65
0D56F35AFFF9ECD4FEB50321ECA309B60AAF00E60066FA1100CF0518029106BB
0CF2F429FDE2FB8B0E57F4D8FB23FEC1F593E815FD88FA57013605F10127F83B
E3450BB816BF01C01968F900F0071542077701BB0D46F1D8F85CFD731F46F612
061BEE880273FF01FE58F50E0B9301B8FEBB01FEE8C4F30AFE18EBFF1DCFFF6B
E40E08C60B9B0904FF36F7130256E0660A4EF381E01F0F550522045D18C8021D
11E9FDD7143A061F0C750FE8E3C4FFAA03151669EC2CFBEEED7E235E147804F2
1495ED2A2473FA5D269E0688C04A171BF8520A57B7700077E7BDEC9F1FAC02E3
06390242F85201EBFF35E3FD13D90A8DEC9207B0E857E938EF70F4661C5DEBC2
00EC0C031223FFBEFF76065507D2FEF8FEB31001FACEFA74FB06F69404370B5F
1380089221EC05E90170085BF814102E036FEDC7E96DEDD107980A7E0E11FCFD
0B2FFEFC1657125815E00B7BD1130AD509DFF967E1A0EC5FF7B7F191F7CFFBFF
07E3EC40FFEDFE03FE16088AFEA4FFE8031E07A4F97204FDFD8B017BFB2E0A63
EB040DBDFF4603020507F1320B48FB470458FA78F70EFAA0FD3AFB8BED2C155E
0219FAA8FD2002F90CA9C77CFFB4041D06E1070D05700655F928FFCCF687E03A
06E1FD00035B0C1D09DC0A5EFE9700C600950306017BFE99F8ACFEBFFC5E072F
FCA6EF61F2DFFC65062B027EEC4DFAAD0649EB2CF04CE6C9F1A8FE2301B4F611
0D760C1C0266FD62FE8BFBB104E6081DFCFB081A117DF975F8E1F113EEFDF9C9
FDE505BD0DA6F7BC0202FA01FF4CF8A5FD34F93E01FD0257FA05F7DE088401AE
F1E5F3050937FE490532FEE10496F130006DE004FEB30101FCFAF766FCA9006F
0507F5D1FE42F648F9B50216048C07090453FCB408E8FDCF07E00154F7C60195
04A0FC2FF67805F5F851F06CF8E1123E08D10D30E656FDBCFE3F11B1F71A00CF
0C520D85F586FB30F124E4B601D3FA90FEB6E823021BF635F9610269FC73EBB5
11A4EF5604ACFB0CF5E1CA2C06C5FE25F96BF2B00B1DFF91FA08FB7FE8CEFF7A
F91DEB40F200141E0E6A2132F6A9074502DB1B33D92E064900A0024DF33CDD80
1B55FC3FFAACFEC109D312BFE50409180422ED6E078B0D5404B105390B49FDFB
0B81F17104F7FE74FA2C11E7F463FEE2FB51FA5021C60448FFFAF2ABFC61EBA4
F8E9FBD4FB4513C4FEE8FEFD17D1FECEFE691205E6C7090800FF0782F4ABF59D
0DA6FEF9F7CDFFB904A6F8261639F02AFC1AF44B0A48019010B00E670ADFFAF1
FBE4F1FA03B6F970FA6BF70E04CC071AF714009208CA0B820C7AFF4AEFED01F0
00000000000000000000000000000000E6DC0AEEFDF617A9EEFADD6602F9019B
0000000000000000000000000000000003FBF88C020D0144FF34E2E1F90D043E
00000000000000000000000000000000F578048DF6F50D9FEF5EF9CEFD8207A0
00000000000000000000000000000000F66CFB0001190785FA66F0E200DB0292
00000000000000000000000000000000F5EA003C03AA120C0599E9D80494060D
00000000000000000000000000000000E958FD28F8310910EF60E5290CC004FA
00000000000000000000000000000000ED50FF17F61EF89DF33BDDE90C950252
0000000000000000000000000000000003D0FFAF04531160094DEFA60B3D09F6
00000000000000000000000000000000F39101F2FB310CC9FD8EFC00020DFA90
00000000000000000000000000000000E707FD57056A064BF650EBAC0577F301
00000000000000000000000000000000FE25044DFA2D0285110902CAFF14FA1D
00000000000000000000000000000000FB2A00480E6D04F5053BF92AE2CB0A3E
00000000000000000000000000000000FC42FFE9FF14074DEB49FCB7FB91012C
00000000000000000000000000000000026805F5F72AFEBB05F7EF230A13FFD2
00000000000000000000000000000000018401BE0BD30303128FFC851CA500B7
00000000000000000000000000000000F82EFDB90B5903B9E98FF195113A0A24
00000000000000000000000000000000FC24063BF62B04052F530AA3FFAD08C1
00000000000000000000000000000000FF70FD7D0179FE38F75DE5180014FFE2
00000000000000000000000000000000022BFC52079504090DFDCFC6FA370024
0000000000000000000000000000000001D40690E2C50907FD26089E09D0001F
00000000000000000000000000000000FDDB0C8E01A4002BED860B9AF4E8E09A
00000000000000000000000000000000FD9FFC7DF50CFA86040EF901F54B07AD
00000000000000000000000000000000079EFD85E913022D04CEFFF5F7BE04E4
000000000000000000000000000000000080F58BEEECF728F50C0236F7CCDB11
00000000000000000000000000000000F29DFF4B0328005A00D9D7EFEE8B1AEE
00000000000000000000000000000000FBECFC52FBAEFD9AFB9306AB0C3E09F7
00000000000000000000000000000000FC65F5C6F5410562FFDB0E5B078CF453
00000000000000000000000000000000FFD9FE43034BFCEE05C301F613C7069D
00000000000000000000000000000000FD76FFB2F99B02CDFC7803E90C310899
000000000000000000000000000000000125F733002003F6FF8BF3EF0694F4DD
00000000000000000000000000000000F74A0003FBCBFBDFEEF4FC80FE80F9B8
00000000000000000000000000000000FB75F192007C0190EF3CED2A04BE097C
00000000000000000000000000000000FD920C891653E555EF3CE4AA060CFBAF
0000000000000000000000000000000001DC0126073EF2FD0363F554F6E3FBF9
00000000000000000000000000000000F9330839023B0EBAFCA8F03BFF9EFBEC
0000000000000000000000000000000005630B56F785074ADDB9FEFEF710F7FD
00000000000000000000000000000000FFCF0022FD8A14CBFE64041FFB8AFE09
00000000000000000000000000000000F83B0C6BF7FF0C59FFE1F5690366F2E3
00000000000000000000000000000000E82AF8B6FDAA092D066ECDABFE320BA5
000000000000000000000000000000000986F95BF541004B1610BE0D0151F7C0
000000000000000000000000000000001361F6DC0EA20F45065FD4E7FC35F4D0
0000000000000000000000000000000004E6068D19980C3D035CF03FFE0605FC
000000000000000000000000000000000402FC2802B501D8197CB39F01640669
00000000000000000000000000000000F35E0148EE940AB60483D149F96CFC69
00000000000000000000000000000000DCD201140836047C1F3BA8ACFE91F96D
00000000000000000000000000000000E82FFC4A063BF9CE0BD7A73905750143
00000000000000000000000000000000F761F68C025F0725066BF61C092CFF67
0000000000000000000000000000000006DEFECF038705B4FCC6F6B5FEA5FD57
00000000000000000000000000000000FD1EFFF1FC3402CF033A01780E8702E8
00000000000000000000000000000000F739FB23FEEBFC50EDB4FB8E010B0C4F
00000000000000000000000000000000FDE809F9ED41F438017C05D004D7145C
00000000000000000000000000000000026F0A3A026900800CE9067AFF4CFA0A
0000000000000000000000000000000004390004FE6E09C00B1CFECE032FF4F0
00000000000000000000000000000000FFCF0C7DF915F8E50650F99EF5EAFCB4
00000000000000000000000000000000F4CB05E00EC2FA6D00C4F617FBE3016B
0000000000000000000000000000000008270240FD7505D21F9C0C680504F472
0000000000000000000000000000000003130568FD46ED41FB2E0A0601FF1231
0000000000000000000000000000000008E6021FF7EBF3DAFCDD1AE90785F9DA
00000000000000000000000000000000070EFCF3E330F0DA0ABE274900220C9D
00000000000000000000000000000000F92EF8D10AD7003E16C812C4E6FBDF2B
000000000000000000000000000000000A420D97F580E9491581230FFBEEF479
00000000000000000000000000000000061102E5ED53055B039E18A0F26FFB07
000000000000000000000000000000000DB2FC7B161CF44CECCB19570849F430
0000000000000000000000000000000005D1F2E7F9BC01D90A6717D9F77CF75E
000000000000000000000000000000000587FA54D7D30B47149E092EFF2409D8
00000000000000000000000000000000FFF8F5AC2904035004C20ADA02AE0519
000000000000000000000000000000000518F854BA80021800DE02B3087AF72D
000000000000000000000000000000000E5BF9DFB250FF7C0BC7141E016E1176
0000000000000000000000000000000000EEFE4DF92AF9AE0CB024D501720F21
00000000000000000000000000000000070501AAF555FE2717DC18AD0AB3F10D
00000000000000000000000000000000FF5CF4BFB4D3FA7C08E703F300D908A5
0000000000000000000000000000000001A2FBE1FF08FD150C241219F73A078C
000000000000000000000000000000000F2EFA3A0232047B193C0C6AF7E7EF13
00000000000000000000000000000000FD7FF90CF7C8FA46EAE4F68EF24C04B3
00000000000000000000000000000000FF4B0489FD2701D8F764F2EC06E005B4
000000000000000000000000000000000210FE83F631FD020057EC63F94B0521
00000000000000000000000000000000F990096E0C7AFD82F4C6E98D0892F896
000000000000000000000000000000000683035AFCD607AB056C02DBF86201DB
00000000000000000000000000000000F7B0FB841AA5FE12FB21FCB4F2320240
00000000000000000000000000000000F8E8F18DED90039807DEDF3D0C9602BC
00000000000000000000000000000000F9CF06FDFC6CF156075AE2B801C7038A
0000000000000000000000000000000002C0FAE00FB00D07FACCE28305A6022C
00000000000000000000000000000000FA8EFC47099DFA200E4F1124FBA0F6F2
000000000000000000000000000000000280F30700F6FCF616BF0D2704380361
000000000000000000000000000000000340FB87088D046506191299128AFD12
00000000000000000000000000000000FD4205DC0522F53BF4A2FED907EFFD11
0000000000000000000000000000000013B7F1F80F67029D14C209A0EC6902B9
0000000000000000000000000000000008E2FF3C04F807461012FB98F9E6064D
00000000000000000000000000000000F57606BD1282ECAE01C011DB085EFF81
00000000000000000000000000000000F9FE022003C0F0DEF93503A20339F8C5
00000000000000000000000000000000F7D403950C9505020C4F0BB00037F90C
00000000000000000000000000000000F04D03AEFDB8F6D0FF190429FAABFB43
00000000000000000000000000000000E2ABF6C610FF07CFFFCFF9A7F3DDF50B
00000000000000000000000000000000EFD0F9CF05240A6AEF63EEB101F1FE1F
00000000000000000000000000000000F5B01003FD611C79F86905BEFC94FE9C
00000000000000000000000000000000ED7A10D60BDDF93EF963FBFE0054FDC7
00000000000000000000000000000000EA6FFCD30B8EEBD50284EDB106E6FE8C
0000000000000000000000000000000000C6FFBD02B8FF35FDFD03D7F845FC48
00000000000000000000000000000000EEDA0953FE6C09B314CEF6100C560C98
000000000000000000000000000000000324FDFDFE4BF0390793F9A2FAD3F417
00000000000000000000000000000000F63C0F81F918F4EA0D9BF5F50F930607
00000000000000000000000000000000EDD500511A44F72B125FEEAC103EFEB2
000000000000000000000000000000000824FAA619F0015E0601EF1E07ED08A4
00000000000000000000000000000000076C034C0AA7F557FD6F032BFC160089
00000000000000000000000000000000DB9003E6FFAEFF8D0C1822C9EEF4FBFB
00000000000000000000000000000000ECD401A302C110FD0F04198801F2E4F3
00000000000000000000000000000000EAAF15240AAEECC0FA56F52114650201
0000000000000000000000000000000005781C24198CFA36FDF9FA22FC900AE1
00000000000000000000000000000000F6DB0F111474EEB9EEE2E4D00DF00D66
000000000000000000000000000000001348FCBCEF99126CF080DB11FDA0EED1
00000000000000000000000000000000FEA80701049CFB2EF56EDEF20308E2BB
0000000000000000000000000000000004C305C406D4F6AAFB50D89CE7F5F122
0000000000000000000000000000000005C917E405F0FA0D0DFCF2D2FFFADA75
0000000000000000000000000000000018BE034FF52A0792FE3FCF81D9F9D456
00000000000000000000000000000000176C072503A3F48C0A40DF5FE72EED7D
0000000000000000000000000000000000A1FEC5FB980E6AF9C3F4FB0E33E818
00000000000000000000000000000000FE37FFB604F60C7CF065ED1E1467E98F
000000000000000000000000000000001A1CFAAC068B00530277F3E61458FAA3
00000000000000000000000000000000FCCEFE380301030AFDF0F4A405C1FDB9
000000000000000000000000000000000178FE1307DAFC06F33FF39AE8BE0AFD
00000000000000000000000000000000F93F0420EEA2F885FE4EFE25FDA403BF
00000000000000000000000000000000007D041AFECEF336F9E3FEFB0A3DFF9D
000000000000000000000000000000000773081E08E2F3E10B8EF8370FE5F3A9
00000000000000000000000000000000FF0B00531251FFFF08D1EB19FF9802A3
0000000000000000000000000000000006D705F4F4C0FA98FCB3F4B2F0D8FA8F
000000000000000000000000000000001277F7DA0C5F005FFFB90FB3FE041336
00000000000000000000000000000000FF90FBCBFD78FCF10535F9DF04A2065D
000000000000000000000000000000000067FCD0FA87FC0C0259082801B411CA
000000000000000000000000000000000CAB03880471F2DC0D1816270C400775
00000000000000000000000000000000018906A40615F2410E03146406840359
00000000000000000000000000000000023A04820DF00016FD7A0158FBD400E9
00000000000000000000000000000000F70FF48D07CDEEC5FD091986DCBD31FD
000000000000000000000000000000000D26FB7F0053F4C4060E259EFCC5116F
00000000000000000000000000000000024907F6FF0DFB7EF5010FE300C10A4A
000000000000000000000000000000000FA8FE2407ECEDDF0E760686030C07E6
00000000000000000000000000000000005BFD3FFF1DFB0DF59F1DEFF53411DD
000000000000000000000000000000000583FE300302FE1BF780DD9D075B01BE
00000000000000000000000000000000F8080396217AF9FF05B7F89904A1083E
00000000000000000000000000000000062AFA390D1CF6C5F44AE98302B8032C
0000000000000000000000000000000005B5016DFF05F7ADEF5DF4F8F9FF0143
00000000000000000000000000000000F376FA5F280DDC210988BD00FCC8FBAF
00000000000000000000000000000000E0E1F5A30046FDF4021DEA111F32F661
0000000000000000000000000000000003DEF9ABF9ACFC0EE840DF4EFF6F0CEA
00000000000000000000000000000000F85EFB6A1D99EC080691E7EC0B240E83
00000000000000000000000000000000FA27F8510A05FFE8ECA2F87EF3CAF90C
00000000000000000000000000000000FF64F64E1378F683EFB60B7502BFFFB2
0000000000000000000000000000000012FA02AB04FF0021F98F0A010AC0FA19
0000000000000000000000000000000013BBF0AE039903131440235A0775F820
000000000000000000000000000000001F56F59301DFF84F01700BF70AC4F7C2
00000000000000000000000000000000018F0D8FFE2403C90E69F6C2F5A60E6C
000000000000000000000000000000000D12FB32F83F16C5FBE5E634FCEBF8F5
0000000000000000000000000000000016C509290F0DEF29E87B01B8FBB80289
000000000000000000000000000000000F520CE1035F0CB30FEAF71EFA27F498
000000000000000000000000000000000A42FD2C02DB07E6F7AFF93B014E0659
00000000000000000000000000000000F681FA78036BECEAF8E9ED500B77057A
00000000000000000000000000000000E8CAF4ACFF9CFFCBF69CEB23170A078D
00000000000000000000000000000000EDF90327FEE7F79103D9DDDC034AFFD0
000000000000000000000000000000000A2E0186007AFD3AF22CED20FC3D05B2
00000000000000000000000000000000D81102211D71F6942222CDA9F1530FC7
000000000000000000000000000000000DFAFCE81B5DF7011511BB3FEF9AFFEE
00000000000000000000000000000000E53FFC78F11E03B7053FF9D8009E042C
00000000000000000000000000000000F4C2FCCE01DB06A2F98D9D981397FC1E
00000000000000000000000000000000DDE7F4090B74FD2B12BA962C034600B9
0000000000000000000000000000000007AA01400C2E0EE904C103C5023DFFF5
00000000000000000000000000000000095BFFDAEC78F6DA0741F8C9029CFF67
0000000000000000000000000000000005BEFAD9FB6D16D1F3BCEA82FDFAF8AB
00000000000000000000000000000000F51E0F430052ED1A08C60F03088BF9B6
000000000000000000000000000000000AA4EDF7E7AAE76D01EF0298FD3705E3
000000000000000000000000000000000252112F01200DDCF91A059904D7FC32
00000000000000000000000000000000F41EFC53FD63028A0CD2EFF6FED6042B
0000000000000000000000000000000009B901BBFB9801D8F211069CFCFF00EE
00000000000000000000000000000000084A09A706D20645EE5B03D3FDB5F6D1
00000000000000000000000000000000FE0D0017F8E8FD7FE7D506AB0F48F7EA
000000000000000000000000000000000B3F0A67FF7D009EF7B4E85209A5FFEA
0000000000000000000000000000000004A50749F21EFCB002B9F59A0E87FEFF
00000000000000000000000000000000FB020C090BF402AEF1A609C6E023F300
00000000000000000000000000000000F9DC012208FA03A91BB4D029D26C146D
00000000000000000000000000000000FCCE0843F530005D019DD6D5E7ADFE18
0000000000000000000000000000000000A6022DF656FE92E14CEFB20799F27C
00000000000000000000000000000000084905A005CEFB66090AC9DB17D404EC
0000000000000000000000000000000004C10652F53AFBD71221E44C0C39020D
000000000000000000000000000000000676FD041EE4F8D5EB21189B12AC0CA5
00000000000000000000000000000000178D004A0C500139EF4906CF0B7AFCFE
00000000000000000000000000000000028FFF8BE354FAC4E17DF7730DC204C6
0000000000000000000000000000000019E30D121D25E64CEB3513EE143409CE
0000000000000000000000000000000024C50E5811E1F7F30D4B0EEC089500DC
000000000000000000000000000000001574FF74ECB802DEF82FF5D70196EC32
0000000000000000000000000000000001600550F256E37BDCD90D90EE040812
0000000000000000000000000000000004520AA8FC1FF556D7EA101FE3C40B62
000000000000000000000000000000000706FEB3F3AAFE80EB3816E7E866F3D9
0000000000000000000000000000000005C2FE9D0384FF2A0AFA06E2F8030417
0000000000000000000000000000000004BD05FDFFCD00B8F3D7FC5CF5E60B13
00000000000000000000000000000000041B004B027F0225174204840855FE36
0000000000000000000000000000000004E40253F86303A0020F0CFB0607FB10
0000000000000000000000000000000010D800A7F3EEF66DFCDEF6C309E00655
000000000000000000000000000000000F89F9E0F731F9190E54FB6AFD73FC1A
0000000000000000000000000000000007F3FBAFF21D02BA0DB00DEEFD9605F6
000000000000000000000000000000000EBCF4F9F2D407B70495FA35FD09FDC0
000000000000000000000000000000000220F663F692F9F20479018B029002F7
00000000000000000000000000000000036003E40244F1CA0C0DFAB7FF2EFE56
000000000000000000000000000000000505FE70111EEDEB077B0A3EFA22FA2E
00000000000000000000000000000000FA86FA94F7F70A93FA8708ED0538FB46
0000000000000000000000000000000009B90A630DCEF8D30CF00521F24CEC8F
00000000000000000000000000000000FFE705E001B4F521F63E1DA204EA22CC
00000000000000000000000000000000F9DD01820027FA50FF62045104680089
00000000000000000000000000000000FAC8F4E00B02FF03FF7C052CF9DB0572
00000000000000000000000000000000F9021300151B0F8C0F2AF7ECFD5AFFCE
00000000000000000000000000000000FEF5FEF202A8F7C700DAFE2700300039
00000000000000000000000000000000F9F0FC5F023BF711F64A04BEF9F2FFA1
00000000000000000000000000000000FEA506E00BB60D9602E903C1F68D0CBA
00000000000000000000000000000000033DFE91FD2E01FB095E0BD507C8FD3A
000000000000000000000000000000001204F6F80188F32D0AED02B7FE06F5B1
00000000000000000000000000000000FD69031FF8EC09F50A05EBC90F7B1358
0000000000000000000000000000000009410087F44E07A906B819D40980EFA6
00000000000000000000000000000000FED1FE06F0F8EBAB094302C210F5F806
0000000000000000000000000000000004CAFBD00F590196FAB21C16FF2F024D
0000000000000000000000000000000005740575F731FA5C010418A6F619013A
0000000000000000000000000000000004F0FEF8FB47001E04821124FBF5F515
0000000000000000000000000000000009EF02BC05440F4E0709056FFFCDF652
000000000000000000000000000000000B4A0956FB18FF2EFA63FBD0F93DFB06
000000000000000000000000000000000C89F5CCF91103220BD0005106AB0DF1
000000000000000000000000000000000AC0FB5D0BCF039C177113BF142EFDB7
000000000000000000000000000000000B36FB42EDC90CF6FDD6FCA41BD4FC17
0000000000000000000000000000000009A20446FCBBF78B0BB00BD9F7C7000A
00000000000000000000000000000000FF1BF7D920F7FD04F5EA128FF5090846
0000000000000000000000000000000001DC02AAEBC5045CFD550E1B0021FBD6
00000000000000000000000000000000079EFD0821FC01B90B9C01B60EE8132F
0000000000000000000000000000000004A7FBCE0EE1F3E6000101001A99168C
00000000000000000000000000000000FD74FE1A117CFD5F0AB3FD0C0FAA089A
00000000000000000000000000000000FE50FF1F05E1FDF7F870FC28DF96FCC2
00000000000000000000000000000000FF89FCD9085F05B8F2D90205CC4326E6
0000000000000000000000000000000003A0F8030778109D0A8C0285D2D2FA74
000000000000000000000000000000000542FE070B0803B3F89A0148F8340007
00000000000000000000000000000000F55DFD96F0EE036A042EE0B1E71C139A
00000000000000000000000000000000F8EAF8EF0BA40F46FA6DDC86EA4F0EF9
00000000000000000000000000000000FF6EF4C604FBF70A1956ECDC0A75FC5B
00000000000000000000000000000000F7A8FD9CFAA1FD13E7FDFE6C0A420FA2
00000000000000000000000000000000F17DFB1D060305B715B1F25A09EF0343
00000000000000000000000000000000FCB1F645F4FF02A1E8BFE191FF84FCBB
00000000000000000000000000000000F4F5FF22F3E1080DF70AE843F1AB19EC
00000000000000000000000000000000F889FA2C042BFDE53B16F88B122B0319
00000000000000000000000000000000F95BFD4CF6C0F9EB06D0F797FFB40BDF
00000000000000000000000000000000EBB109DFFDE3EDAE035AF51F0785FE04
00000000000000000000000000000000F8450941FE8FF3E44B28EED4EEF51213
000000000000000000000000000000000ABFF5CAF03DFA47FA720638EF4104C3
0000000000000000000000000000000001B9FC70FA88FBB6EE6D075EEC3DFAD3
000000000000000000000000000000000B520374E95B05050217FC9EF5C2006A
00000000000000000000000000000000011B0302FFCBF91102950ADCF581F337
000000000000000000000000000000000C0D02CD0607FC730F8EEF1BED72F754
0000000000000000000000000000000016F8FD13F5D20767031DD20102B8FB71
0000000000000000000000000000000001D9FE8BF66F013207412BC913D00045
00000000000000000000000000000000FEE9FD41FD57FC2306C1DDAC179D0458
000000000000000000000000000000000663FCBF05200A35F716FE150B9006EA
00000000000000000000000000000000017DFA2DFD74FE4FEA6201A6FAA2F7B1
00000000000000000000000000000000070D04A1FAAB074FF03CF4FEF25009F4
0000000000000000000000000000000000A80013FD7C0640E7D9FBCCF8D9FEED
00000000000000000000000000000000F577FA6C0046F55EF286F842FDF3F8DA
00000000000000000000000000000000F29413ACFDE206D9E9DE02FAF83BF29E
00000000000000000000000000000000F8F8015106C7FA8DED0FDD97FC1A0EE9
0000000000000000000000000000000008A5F286036DFCDBFCA8F69FFA64F88E
00000000000000000000000000000000FF68F726065EFBDEEF9DEEA30D7408AB
00000000000000000000000000000000FBAD021C01790194ED20F221FDED05D6
00000000000000000000000000000000FF3301C9FDA5021205BA06F1F7D800E3
0000000000000000000000000000000000C2F556F8FAFAFBFD41F9401358002B
0000000000000000000000000000000006430758043A025D11CD01E00945F8FD
00000000000000000000000000000000FDEB03EA00D7055CFE9AFF0EFE6D093F
000000000000000000000000000000000062F8C5DF38F9DD10B51DB4117C00B8
00000000000000000000000000000000040FF19D079AF45A0BE6086505CFF825
0000000000000000000000000000000004EC07B6F763FEBE0AA706DDFAB501D7
000000000000000000000000000000000ED60341F67BEF39F9E8FCE9E84406F2
00000000000000000000000000000000F5AEFC52F8A604280BCF0CB0EF53FC6B
0000000000000000000000000000000001B9FDBF016E05BDFC69109A11BD0A82
00000000000000000000000000000000049F10BBFEDE132DFCBFF8FE0619F9A5
00000000000000000000000000000000073306F2F742F940FB1CF627019BFFAA
000000000000000000000000000000000B8907CDFE63FE7706010A49F336FD20
000000000000000000000000000000000210FAF8F2A7F964EF62128DFACDFD92
00000000000000000000000000000000FFFAFE1400140023F629FC7AFB830C48
00000000000000000000000000000000FC07FB71EF17FE9EF8C205E2FB1B0102
00000000000000000000000000000000FCCAF694F2090519FA7EF7A1FFC1F9D0
00000000000000000000000000000000FBD7FE2F02F1F5FBF41501A605580850
0000000000000000000000000000000004ACF5B51019001702E4101DFAF8FFD9
00000000000000000000000000000000FED2F3E80ED30FD804980762FEA3EC50
00000000000000000000000000000000053C04700B08FCC0FF2B017FFA6C04F0
0000000000000000000000000000000004441051E9CE0CFD04871AE20477FF19
00000000000000000000000000000000EF5D087AE5D70B42F4BB1761ED271520
00000000000000000000000000000000F8C40033117207220442FAF009FCFA92
0000000000000000000000000000000006C106B7EEEA0A0F089102080DA6FED8
00000000000000000000000000000000FAA9FCC5FF61FD7500CC0277063DF36F
00000000000000000000000000000000FEEE09DC13640757FFF4E3D303AAFF4C
00000000000000000000000000000000F7690B41FE8D065EF982F309FE3A06E6
00000000000000000000000000000000F118FA8E0010068CFE11EB7F0B580495
00000000000000000000000000000000F253FF54014205400507F73E0864F80F
00000000000000000000000000000000FB82EE6C0105FC87F0AED5CF00BDF1C2
00000000000000000000000000000000F2B9FE5FF629FE9500D9D62BF94802BE
00000000000000000000000000000000FBA50906F5DDFC60EFCFF6C4FFADFC52
00000000000000000000000000000000F7EFFF2A02500502EA05E5C4053BFBA4
00000000000000000000000000000000F5D106B806EE023DEDF1D7DF0D28F6ED
00000000000000000000000000000000FBC5FCC5FD3CFFB9FA53D89E01A804A1
00000000000000000000000000000000056F0518FE3D06610E27F826033AF36C
00000000000000000000000000000000FBF1002E070200AEECD3FAA8F3CCFD03
00000000000000000000000000000000FB9EF818FD6400210898EEA6FB3603E1
0000000000000000000000000000000008F0085A0026F654F6DB025BF0FE0BE3
00000000000000000000000000000000F5B1F479FB05F867EAC112D7F60FEFE6
00000000000000000000000000000000089106A2EC160BA3FDD4EF41E9B0F4D8
00000000000000000000000000000000FD44FD870CA308A90E3EFB7DFBB1FBC2
00000000000000000000000000000000FEA60A390E9006F8F5E0F9B00C2AF906
00000000000000000000000000000000F852046AF9EB02350930F5460494F22F
000000000000000000000000000000000AA507B2FBE8FE26F1FEF9BEF7ADF5AA
000000000000000000000000000000000567FC33EF23F0C4FE56095903080CB3
000000000000000000000000000000000AA8047E09A0007DF3120A0BFA120245
00000000000000000000000000000000030603EFF594F52B0041F916F3C1F6D5
00000000000000000000000000000000FC60066906150F35F6ABFBC403BA0B60
0000000000000000000000000000000005990AF300C80EE7FBB4056DF796FCA4
00000000000000000000000000000000FB95F8FEF03402AB030B04790CE0FFF6
00000000000000000000000000000000FB4C0B2D0694FF69F0C4F2B5FED90166
00000000000000000000000000000000FD8F01BE0E08049602D806F204F305EB
0000000000000000000000000000000005DBFEB6F3D30A740156ED63FC9DEB7F
0000000000000000000000000000000002DBF5B1E21CF9BF030E00F9056EEE7B
00000000000000000000000000000000FA74FB3AF79C13C50387E508F6F2D735
00000000000000000000000000000000023FF7F8F2E715AD0ED7F9A9FACF028E
00000000000000000000000000000000012AFCA1F567FF28F5E00ABE01ABFCAA
00000000000000000000000000000000060AF9F21AC60D75FF4CF6C4FACAE715
0000000000000000000000000000000000550412096302C305AFF644E500E9FE
00000000000000000000000000000000F9640C77FD8507970865032BF536EE8B
0000000000000000000000000000000003480CDB179F0960FF4406D8E737E9A1
0000000000000000000000000000000000E8F4E4069B034900B0F999092EF7EC
00000000000000000000000000000000F84FF87FFB84F7ABF783FC8AFCA7FDBD
00000000000000000000000000000000F799FCC9FF1EFE38071BF142029BFA98
000000000000000000000000000000000B6803DDF2E1FD68040F01390F53FC6D
00000000000000000000000000000000F82AFAA1F6280AF7F6FB01BB057BE301
00000000000000000000000000000000FBF70147F951089EF1CFE886019BF54A
00000000000000000000000000000000F827047603AAFEF00AEF023004B5FEF5
00000000000000000000000000000000F69AFF31F07EFF08002801290521F500
000000000000000000000000000000000206FFE1F8EF02AC035BE736FE5DF4B0
00000000000000000000000000000000FC9E10C2DD661834012A1CA6E9A9E4C6
00000000000000000000000000000000F7FAF002F04A0AEF09C81250F42DF74B
00000000000000000000000000000000FD80EF7CEFF2FFF0EEE7F11DFA741CCC
00000000000000000000000000000000042D0322E9E00924FE4E0F15FB76F568
00000000000000000000000000000000FB9D0B91D45C13BCF4740217EA94B65C
00000000000000000000000000000000F17402E1E4E6113C0B09FD66D4A70A97
000000000000000000000000000000000712F56DFB2AFF740C4F196CF1F4F484
00000000000000000000000000000000111FFBAEF22B03B81D87170DE41AF2F6
0000000000000000000000000000000009F2FE2DF48E177706051471CCB9C9F8
00000000000000000000000000000000FEB70600034103B9FE08FC1703DA0111
00000000000000000000000000000000F66A0C800605015CFB2F04D40DA510EC
00000000000000000000000000000000FE1CFE14048F0172FBEC0A3D120EFBC9
00000000000000000000000000000000FD40FA3A0AAD0211FCB9F447FC50043E
000000000000000000000000000000000BA9F724EEFC06AB024D13700E850A01
00000000000000000000000000000000FF8E0733F25FFCE90457FB40F929F8B2
000000000000000000000000000000000060FCB71D78FD44FEFB0317F7060110
00000000000000000000000000000000F4790223F79CFCAA01E40613ECFD078C
00000000000000000000000000000000F5D3F78E08F2F770FB2415DAF480033F
00000000000000000000000000000000F43802BFF4AB064D0BEC00081534223F
000000000000000000000000000000000AFC00C3EE5D0010FE6A02DF12D7E95F
00000000000000000000000000000000FA4F0220D1C70068060EFEC7126FF2EF
00000000000000000000000000000000F89608ACF00DF9670823036D12011FAB
00000000000000000000000000000000F961FF1EF8E9FC6EF3BB0134079BE8AD
00000000000000000000000000000000FD89F418EFAC00A701A9F719FFB1ED2D
00000000000000000000000000000000FD3D0D91D4A9FA8AF980F1D8E1F71909
000000000000000000000000000000000267FD3EFCA8FE75ED941AE8DED9F3FD
00000000000000000000000000000000F6560A90EE3EFA2AF7B8EF5EE351E867
055905AEF7A0E1F91587047A0A0DF2F9CE75F16F01B005B60EFAF202F3190E6B
FDAB00CF0140094B0510FE4B0999028DFCCAFE3AFD9EFEC5FF660565F92D0177
1127080600AB08D6F141FC7A03C904AC0C10FC26FBCBF3D20D5C0017E5F9E933
0D5B0444F30E0F1BFA060326083E0655F5F9FA4200EB051104E10509E960FBB3
06F101F3FD0C07ACF366015705F209EE02E705B2F817065F0289F881F149F70D
0BD704DB00DE08F9F88C05371D11F462F13F0741EF7020ABFC52FF1C00CCF339
061BFB42FBECE1641A0D059B07B30FD5F318FDF0FCAC08371D3C0A37F87B0971
057A06B9FCFC0009FDFA02A7013906E5FE9D034CFCF203C60238FBAEEC1FF493
03400A91FB1C01CF0270036F08EB071EF32C020CFFAA0171FF82FE1CF0840257
014DFF68FA7403930756FEB50EA1FC96FF2EFFEDFF38FC78048A02DFF56B014A
06E503FBFC01F62200F4058BF768FB5CFD4CFBBE08CE0462F8C308B5F182014A
FF020007FA63FE1AEE8B08C60702FA9A010E0875FC31F93DF931FD51EAE2F914
FC4601B7EE1E14C90298FD7DFDEEFD43106810420010F376039BED2FF6CF0CE6
01C6F3170031FA69000401EB06EC079D144C12CD00DEF1E2FCFA05EAF897F8A8
F727F95BEDFAF99E0EDE01B3FA7DFEF0064C060A08FD07E1FB41F50204AD102D
FC7AFE11001D0069070401E007B4EB7DF9C9011BF94605B3FFF1099211A805D4
EC86F95DF572F8EC059CF210FA89FD3C0E7F0583FFE90B6415380CCF027E0153
057F020C046C01340AB9047A0ACFF645FC7D0C59052AF4DE045B08C6F889EB1E
0230F6FBEAFDF95910A5FCB30BBDF5BC019F0100043F0A63FD5FFE80FB32F4BC
07830184F47E01ACF959F47406B5F162EB51FB3C0EE10C4A0CDDFA2AFE94DA4D
0A5C0BA1FF96BD7FEC1902B1FE19FF8CD236057E093DF7FD033FFEBAE1DDED64
FF23FA6FF236DFE3DE4701FAFB94F705E72C078E07EDF93303B1F974F04BE7E3
FA5FF53512FC05440E6108B008CCFA1B0504FBF7F6A30216FEB7F6190855FFCE
0E29F0850A70124C19B2044E17BAF46DFA2903F20342079BF6651146EC8F0635
00ABFB6607371A4A0D060AA804DA05B6F8B602C5FB27FF170816FBFE0C5B04A0
FEE3015F0519121007E7FA52F467FCBFFDEDF93FFFB9FBC50343021B0D350B82
00D6043FFDD305D00817038FFD70FF3503FD00DDFEF00050004E031811EBFFB7
028F0301032D0847FB5A02F204FE03BAFEA30341FE52FE5AFC68FC5803690597
07D2FB26F85EF6991339FB8FFA31FFFAFB73FE68F707F847091DFE6908D603AB
0890F79EF884EC56F693F70708FB04B4FEE7FD4CFD9E0451F92D034202AD10AE
054AF4340719F6461233FA29004500A5FFAA0301018D03420EF7F3800C0501D8
FF6CF24B0E57FDD60DFEF856039C019801DAFA1FED220935F8D3E7CEFC890140
F338DE1BF9F40DC5B624FAE7EE64FB3E108708640257FE2AE002C9D5F0AFEFB1
01080AFC0B61F67A06E8F8CBED8806E800FAF48201D9021BED2EFB3A0767F1CA
04FC0102F7F00FB303B50453FFCBF66A01A2FD8DF360FFBBFF8AF6940997FAA0
FF8FF530F6201C6EDBB6016C094805C40130FA8A04D903EDF8F6F96B03DDF214
04DEFA3C054B0FCA0EF9FE7FF30203C90B5B004AFDC9FE6003FC02021657FC11
FFD208D4FEAB033EFD65F89B0402015CFE0205EEFC680643FBD6FEA2ED21FF6A
FAB215FAEDAB0643028FFF6E023EFEFFF66E028DF564FC09F53E0629FEADF45B
007BFC67FE75F175015506D409D6036801FE04B60342009BFE86017FF803F9AF
E3F8ECD70B2D0E34EBC804AAEBF0FC2D0AD6FFC2FFFE03FE1102E5FC026BFCF9
03B923F6DC2601DE24A20C9E08F9FAEBFC8408FC0C96FD850451F0EBF86AFCB0
010C0168FB79F4C209ACFB28F6C0FF05FD8703DBFD9B03F8FF5FFB0406B203B2
01FEFD5904AD073CE432010909A808A302D608C7FAB70F3600E5E710FC9D0FC9
0155FF6AF446FB820C89FB2AF7BE08AEFBC6F2BC01C8F203EFFB033901F5FE62
0186F8CA016AF5D0FD65FE66FE630182FADA0053F886088AFDACFF20ED1608D2
F3D1F7ACF39800A207E4F313FBEBFA74DD5CF48A0CB0F52F0003FCC0F6FA17CB
E7FC05DD025901B400B7F58EE93AE96FED1C07950F31F3FAFBD8FB25F0400B35
FF99FC7FFF8607CC1684FF0EFE9304C3EEF0FD6813CF0241F728F5C606440955
EFF703BEF48B0397028B0AD8F93EE2A7DF38014F05FBF944045501DF0BCD13E8
F811FC09F49DFCF5FA4B052904A8FAA2EFED03D106ED06ACF9CCF7D2FDB80F22
F502F76EF2FCF391FD65052600E907CEF16A073DFBF8095AEE990695FECD03E6
F7C7F41F0082E7A80F150569022AE1E0D976FBDD093E02BDF8F6FFC2F78BFDA4
F75405BDFE6BE71D0553FDBD0D14E877E7ABF6B70155F252061B033A06B50C22
F550F3E4F532D001F87BFF80045AF885F74BF514FDF7046EF0B20A09FDF611BD
EDAAF93104D2F8FBFBF70127F70CFB21F891F889048AF7800761FD07F971EEB5
03EE0205256F02A6FDEBF3E7DD78F5E205DDEC070048F69C1403F71DFFCB1035
036F0A7108ADFB50096CFF8507EAF5C5033E05D60279000F03880ABAFF2CF93E
F878062C0987F77A00C7F14E09B809DBFE960146FFA80B65FB78FB8D0BF8035B
ECB0F4EB056BE2ABE259092310EE065AF7D9036D03201049FB8F1377F5AAF4DA
0C18F530FF06F17709CE05DAF7E903ADF8740AA3FB3F06DB04C20007F79DEFDB
018C007D000D06D1FC1EF9CFFD16FE5606120021FDABFF46F9920D740DFD02BE
0277EC14089C07B8FBE5070507000D21014EFB78FC180A40F6CB0A59085303CD
FFD8F94F061BFEBB0D150064F769FFAA0147F9E1FE40FEBC02D9FF14FAD30714
004B070EFFD3FE3CF9D0077D0A0FFFF3FCE3063CFEF2FD9BF93809BB0A890855
0368FDFE03B513CAEE6CFBE701DE08E3FA8B032CF41409420284F901FBDA0738
062F0572021D0CEDFA580233138605FAF299086A02960154FB95FB84F86BF7E2
06790459FE000238FBC0002F08500373095103E3FF7CF738F945067800CC11F5
1FB1FEB6F241098608D60B0810270F60104E04C701280015023D0DD908DE10D4
0230FF8AF8351AEFF80FFC9F0B2601C2FDA2093DFF820160FF98FA27047E040C
FA42097A06BAF71315BF03B90BC104E7F95605BA05ACF630FFF20CD405BB0481
05A8F5C50DA2FD76137512F8119C0524F6770335FC67F245F6DB0B480802F1FC
EC0A09E50632FF91FF680C860E0E0520FBBC0590FA80F0FF078402550A890273
0AB90C970D9EEB55F689043504CEFA48FAB9F9DBED99F972F8B100690263F3BA
08B9F165E3E9F65EF99EF58CF750ED6EFE0E037DF09A0942093701AF0009FDB8
09FCFBF9F4400FA5F77D08C6107711670689080AF9CFFE86F6C6033600BB05D2
02690448042C063AF80BF659F547055708280AE8F56D03E40AA2F956F79C026A
08130EF6F4F7FBDC0A48F0AA0371F7AAFCA1ED76FFD6F7C8EB00099EF0D0F411
F629F78AF88D0413FC401473FAF1F5EC08B408100A89F7D802B9F988EDA20B79
0589FE37FDD00012F893FFCA0E41FF591A34F8B3FDF106B2F4CC042FEB9FFFEB
FBEA0283E9EBF8F6FFDF10E005A1F627FC8CECBA03ADF837024A08DC07DC02B2
EE3BEF60F8FC118EEC22FD18F5CA00AE014BF8C000E90BF202CE037B0294010E
FB1A0024FFA9F1A6EE6800A3013803810A3D03D4FC4201C5FC4DFB5BFE62F723
FB29018A04C101E0F34EFD66EBF502AA0762FEE3F828041D0FB3FFE4F8E7FFA2
06EB04580E24F869FC2E0AC802310086FF5FFE42FC98F63906DC07B1FD9A027D
FA9F071010C2F9F2F9D5F6CFEF1EF592076DFCB20896FAB01836161FFE9A09C5
07C91912FD8FF5BE12FF08BF1CE4151B0952FE95F69D09E5102BEF9E01390475
F4E1F99B01A8ED87FED20584FD420623F23EF61E0E07197713FDF932F40FFDFD
FCCF04580F68F8B0FB4EFA6D01D60060049E014212E6F916016500940F850190
FB8114090267FE15F5BAFF86FE9D017AFC750434FECF14D1F8EDF2E7107009E0
FC480D920227FD75F59803141058FA3501FC0655FB6BFD83FE08F9EBF9950513
EF45F818039DDFC717BEF523054E00F10603F851F8F40576189EF816F3B500A1
EFC2FE55015EDFAC138EFDF1FF7BEE9FF7E0FA03F6CE07860EBBFE3CFE90FCF0
0CE0FC10E9A0E01D01FDF470FBC904080F890224FD0314010ED50143FC640073
FA63FC5D0625D7E9088AF64EEF8EF987EC62FE8F011801F022170C3FEF29F7B3
FFAFFA960066DADC211AFB01E59A0580F0DFF3710C110CFF0E6606B3EF52F3B3
EA5B0CBAFD1BD205011302C1FCE70C7FFCA2089E0889F6F01C4F087E06C9F36C
FD0EF183F7FFEFD608CAFAD20859035EFEFB015DEEBA050E1764FF33FD730737
FA21F4A8F1B3F5FBF6D6FC90071A03D5F67E0AB0055AF67212F2FEFCF1B6062C
0579F723F785F238FE74F857FDE70473FC8C006901140B0EFDAD00CEF08D0DE9
FFF1F746FA52FA430A2BFD09ED8904490015FFAAF54C064DFDC302CA163C04EE
FA000222F814F43BFC05F98DEBD700EA05FAFF1DFAED040B0847FA510364089C
F8D40246057806E40AA0FE22F7DEFD63F55D019DFF8908D60A9C00EBFCC900E5
03E4029A0890F49AFD2CF87FEB4AFC94FE27FA4AF9A3FD510877FE930A3DF67E
04BEFBEDF5590AB2DC5A04E8F2A705BFFC2D0FDCFDCC0A7CDBC1F19DF620F7F8
FB0201E30AE91173093506E1F55DFCC0F65F041D01B200AF13910494F539FEC6
FC4700AAFB91034E089DFDF3F52303500659045F0127FD5604A2035409D404F1
044206A40446FEF30021F473F7C102A602CF0243FB7517F509EEFC1409B20787
FBAB0393FFE416E5FF88FF53FB6BFF1E0007FE47FC5102F30AB8027FFB9C0405
019F0DB1FF68074906930BBF0976FB250EABF6B5FFC4F0C0136C08A7069604E3
F78AECF211230E10ED320203F798FC0B07C20627F9A80DF3005B020603B004E6
FC63050E02E4045AFD280EEBF043FD8EF78A076FFE3904B700D30DA903D0F901
01CA00540F300477FE49004008F7FC15FC2DF290FA610500FCD908C212A308EA
FC580EB70AFA0682FCFFFEEA06D805870B21F70EF3970E34129102340C55EF05
FDB70494FD04FE5C0CB1043603A2F2A1FDA5F1B5F393058C01FDFAC706D3F97A
F6BAF96F0968FF9C01F3FD5104C310900892F5850BCDFF8CFC790601F07AF12C
02DFFDEEF4740C9F1329F907FFEDEE4B05430F28FFCB08D8EC6C0341F7830FB7
0100093F03430880F2A0F5A5003FFD33ED6EFF7802B8FE1DF352ED24FC770587
06EF0289FA40F6F7006CFB0CFE7908DE04A00311F97104D30102F83C013EFBB6
F1200B6A0D3301FDFD4F013A01FBFF36FDE4038E0C9902BF0132FC0FF9FCFB39
061A019207AAF78E09620054EB95FED70407FE4506F80311F9FBF801F676FB65
12C80C90FF22F768F643F90FE4790D6A078A0860FD71FD3B0504F42501BB0023
FC60040806090189FAEBFBC2FA920139097FFC040350037C09FBFC72F72AFA20
054109600BE1FB1A0664010FE7160548094F038F0288003AFC39029DFBBE05CF
FF7B0F530BCF0329FC79074AEB51FFD308B207A906CDF55900B1F408F39E027E
07C007BE0C9FEF96FFA3FE07D9B1F42DFA1201381A2FFF3B036F01C1D10B002B
06F009C70F48F25FFD8AFCEACFFAF89101F305EC0D6B017AFD400424EB87FC71
0A1BF8A0F544018BF61DFBAD1134F1D00EA6FD97081F0F030FE5025C02A907D4
109AF37FFBA5153BF1F10037012101E8F887FEF1FA6DFEA8FCAAF25B0AC908CB
FC38F14806EBFFD3060F00090A13F3350373029802A2F8C8F30F01D60CBC03B3
F10FFB6C03A8F08202610239FD580593FDD2085EF16BF29801C8FA16057E0964
02C60550F9DDFC5F02FE094BF8C307B1FB33F4CFFF62F866FC46FBC80A73FB7A
F8BDFC240D1311520DD20010FBE2F8D6F5AC0CFD12F6F230FFA2F2C70B370568
013D08F607A2075DFC99FCB702AEF49B08B7FCACFD58016FFC660216017D10C1
0083FA320C560395063D007D0A990389122CF3EAF866F6400BBCEED0F148152B
F2D5F8C9F7BEF1B7F494FF11063EF6490E07F55FF3F2F980000401E2027CF654
0E08FF6302D6EEA90954FFB0F14301430306FF2C02A7009FFF9B01EC073FFF43
0B4206060470F48A02CB052701CCF9DB0611081C0168EB9D00E707880D84F756
FE79FC9AFE4DF12F0A6001920243FF870658029B0590001902D20ACF0EC006BE
12C70C11FBB0F0A5FCEFF9AFF4BC071A03D9061D0D3702C8FB4509FCFFDBE99A
FF4C0963FB0DFF82E36DF9BC029309C5F60704570FAC17CDE59300C501E1FADB
FDD1FD86FA28060805AA0611F0E40650081E003904BB025501F5FE0709BF010F
01FBFE3DFE4B01A20139056AFBFE032706D1071A03250015FE84FF23F13DFDF4
F49702D1005A16550C9214AE02E1F8CFF0B708CC054DF0610DFEFBCE025811BE
FF1D018D0103F575F8DDFBBBEAAC00630830FF7705DF05D202C1093DEF6EFA12
F820FF69F93CFFBCF164FD88015E0387FE1CFFA9FADDF957FEE1FD0E00750142
00710BC7FE81F34EFCB7FD900F89FDF5FE250267FCC7043AFF35F486FEAFFE6C
F761FE33FD1B01AFFE53F9A5FD51FF90FD5EFCE6FE08FF8FFEE2FFFC02730551
0730F52B1B4AF330FE4512C2223AE927F3C2FA11F05AEE8A0912009F06C5FAC5
0CC9152A0997EEBB16990BFB241EFF5F00640402FFD5F4BDFD8807E2047EF46D
0A5704A90721F957FC3504B80F96041400F2FB45FC70F93101080292045BF714
0981C75B170C143EFFBAFAFAEFE1E7870FC4E58E06B6E99602F909B52FF1F237
0222FC58FFA5E6D51605104C1044F82D02A01825FEF9193FF31BEC95F3B8FEAE
04CF0031F1E1EB4402BE0689FE0200B8F897082E030501320034F463057F09BF
FA0400CF035409AAFAA7F9E2141507DEFB970982FB5F0FA90602F8A40C1FF363
0452F2690A6F098008CBF0981712F69F0FE3F7FA02C6F788F7A2F77601690114
030BFCC0070915E5FE5CF9970BE10603FC0A0875FC37E764F9BE00E10550FF0C
FF14057000B00CFF056EFB1F0784000D0312F957F7310ED00080EC2D0040FD48
087FF782004309D41226FA750576E94B06DDDEA6FE3DF2AC036F0605E54B1319
FC04F8E200F6177F0428FEEC010FF81F01A10C810131F81104BE01C50889FA39
F85E0278FE2A105CFBBA060A044E03E8FD9D073602A80A1B0092F75701BEF065
007100FA042D11A9FF29FDBA07040674021A0338FF730B8705FBF660F6C8F1EB
F66CFF6DFADA0AF804580618152205ACFE2F0C2A00EEFB67FF4D037C0D25F007
F510030E13F3092DF624008B09AFF6700018FE3216A4EF90F647FE5AFAD2FEB8
0579F631F6F8078006AF0280111EFD4A06D3F1D7FEDDF5B9FCE600FAF69A0C65
ED27FFFFFCF1F3E108A60488055C031C0926028AFAD308DCF8AC066A127B030E
F6450D0E00D416600435F998F920FE660677F3170DE6FA0EF6E60594EA70F1D7
FBCDF4E11E8023700643FFEAF7E3C1E50E69D9E8FD5DFA440F5A0A55F32A0AC8
FE30FFFD0510E9C4049FF718F1AFED89FCFCFB7B0BF5FFE1EAAB06970E6EF944
06D9F97C00440DFE0B3608C80B29F3B8F5E302640A64FFF5FDEA095C06D3054F
0DE40BEE0ABC1F9A0765F7CD00F9EE7C1396F898FCF3FD32FECFF282FFE3FFF6
0F22FFABF623EEE112690943FD87FDA100AD03C80450F788FB4401F513B805CE
EFB1FC44052601C1F25EF43104E0016E03060020F9FE06030136FA0FFBDBEA0E
F74B1B7D031F09B1FC3909E3FC55FB5D0A1604660175E2E2F7BCEDCF0281F794
FC67FD02FFD90AAAF942FD1E06EF053A02D5FFE300EC0687FF43091B052DF4B1
113DFBC806BFE981049A02F51A43FB8BF41403A2021311ECEAD4F74FF7D9CDE0
202105040DE1FB8E1185FDA00E58F321FF83051906B7FBC5EFA6F2C0F31BE479
00B20092027D00C5FBA101AE0DD4FA9900BDFDD50734093603E607220764F02E
10FF13D2F5F7F744FED8042C07F302EEFCD0092E01450B3AFC13FA6DF2B0EB32
04DB13C2FC2A01C7062E0642FA0EF841FFC7099203E2FD1D01FFFB97F36DEE7F
0461FF3A0042FA28FDDDF6F1FBF5FA17F99705EE01FE0452FEACFF67FD85FCE5
E200FC62070A179BFF9D079E0151FDE3FF4D020003400D2BF9F9FEDDFC26F26A
0F47EEDB05110812FBD503C9FA4903CCF6DA06A6F835F8E0FC1800D80590F11D
04E7F225FBF4014D02BFFE020440FD80FD0A0448FC7A06D10116056EFAB002F1
1F9E0DA0E8DFFCB1E518051E0075F61AF80AEAF00977F62EFC8BFDF0F323F414
DD0C133FF9D5EDA5DEA502AA15F4E796F135EAB50F9D08C8EDC5F679ED79DF61
F8B2055EF7D20EBBFDC100A1FB4AFA78018E025A0564FCE2F9CBFEE4FBF00DBC
F609F7F609EDF762FF21FD7BF945FE10FC5BFBF701FEFCA403A500F00048FCA5
09250431088005ACF9E7FB37F2E905D501E50559F74EFAB600BCFE7DF80603AB
F7C106E3FA7A022A07FAFFE30D620727FDBEFC44007401840EC306F8005AFF9E
099D0817037A0178078CFD1C0977FE7E012601CB0607FE6706D50AF90100014E
079C01F503E0FD98F8B8045BFF52F681F95DFDA3041EF4A104B1FACD009F025D
F764089A01C0067808B2FCA5011DFB9803C7FEC10135F9B2033E031C084B0326
F46B008BF3FF05D109E80B57FBC901E203E105C3018704B5FCE403BEF938FEF2
129DF99806E0F847EC7F085FFE9AFF19FA90FA64155401C00171EC71F422FAE8
0093FB9EFF2BFD950309FF56FA72FB51FAB202FE0146F198FB36F8B90A380B92
0A37FCC8F86904EB0915015703AEFD4BFC3EFEFA011603A5FF8EFE47EFED029E
0529023D01E5007DF7AEFC45F5A7FD6AFDC3FCC7037CF78EFA2BE6B8003F0A50
03C5FE2BFF09007A0764FC98FA62F8AB05DF00E40185F71DFD1DFFC70E4F098F
F50A029AFD4FEF85FF130918E43508AE0356E43E141DF75C03910E05073EF4CE
026A18B4F3A2DEAD0C7D11B7ECC4059AEF1802201DF111ED128607CA06D4FC45
FB9E07C6FBC9DEDDF6790793FB32FD440014002E0BF40E53FC59F3ADE6B8F6BF
EFB30334193A86BC0D6910B8CE80261CFCC7EF32FD3ED1AC07F1E984FE87330C
FA9DD4F2F705F53A0F50083E1CE4FF1FF3AC02350E9708E612C1089815A00F90
02B4F9510028042B05C5FD130AE9FB6DFA90026AF37BFD68057006C8F31904F8
F835F6ABFD4AE686FCD80CBA1B4E0FA2FAE10C6B0004FD950F96F2FFD0E7FB4C
0E22F7840A89FF69FFA71A960FBE0150EACD01DCFC6C15F507700B57F79AFE85
006903000411F9C9FD12044A007205C2FC9900A2FD86FF5F00FB03C4E679FC7A
E5EDF96CFFEFFC90F46CF4E506F40434034B01AFFA811191F93C0203F50C02AF
0831072301910460E9C20A66EDD8FC04FCA3F8A5FA4DFD9E0A97EAABF02EF6DE
FD4F057103AC018BFE750321F7C1FDC2F9D9F943F7F8FD920BDBF256F7A60599
FE3DF3EDFD72F589008602D513B1FF24F12FFB7EFB621507F37E103BF18DEBC1
F32EE6841F3B043701D60772F852FB69030EFFDEE895F1241CEEED9301E7EFDB
099D07C8FCF9FEDEF375F85EFE70FC52FE5F0B19F75EE76CEDC1025A178505EC
FB62FC54FFECF957164EF7BFF7D0F98C026EF90D006C07DE0134093EFF900485
013AF04008EBF74D03F7045C0858F4E3FD3AFA38FECD04C40709FB02FEEC0656
FE5905E800F3FB85097CFE16FFE9FEFAFBEBFC66FEA8F20F00F7016508720094
02A4FA260C26104B05D9FF91E8DC0664074809FA0BE5FAB00790FFDFFA61FD4E
FEC1F362F3A9FA45006BFEC5F3280050F7BB07DEFBD2F7F10082FDB9FC8DF11F
02F7E9B9F71D146E10E9F96FEA71FDCFFEB9F861F718F79B0026FB18F99D003B
F5C00D40FEF0FCE2FC100E5EFBF00217FD750E70F8F9F9E7FECAF5D6F866F9F5
0496FE3CFED307B10C5304A200C0074C06BEFE10FF10FAB0035BF733061005EC
FED204EAFA8702AC04D3F82FDD1D10900B230AB3F7EC04AC0231FBB30814F642
F8CF003E07CAF50F04ACFEF7E288FD5BFB8208B8167FF250FB7205EDFFB0FE35
FE3805C8F20CFF4A074A0B4CF6860465077A0839073FF778F9B2066D011F1228
052A0255001A11780D0AFD60E4E1FE58FC5102570201FB3A135EF97EFAEE0A80
0199FFB4F9B402BFF2DF03E2F9FA00C1FECDFF570169F9190056038F0A87EB01
F85401A00212FB1101EB0A49FABFF89AFEBE001C013C0076FC7D03C7FF04F903
FF8FFE31FE91022EFFE304DC007BFFF2FDE3FCC404C009D5FEA003BA06EAE6F5
F7E3FE6C0B460F72E17B0FEC0600F8D2FE9505530A8D0941FA67F097F671E647
15EB164CFA5307B0F190077D0E720981F7F108D200D40D6AF522F090FF36F21A
FDB3FD2109D10093E37302EAFA7BF88E013D019D0BCD027EEFB8F14DF906EDD3
04DE02F205760702FBD805ACF896FE7001A9FCBFFF7406CD014CF891FDE5F011
FF760224FBC30F0A020F03E3FCFCF552F61501E503D8FEB6F88CF30BEE39FDED
FD04FDFFFEF10754F6A10803FDE3FDC8FCA7FFBC02E5014FF977EF7005CAEA59
0D4EFD38020D0BE0FBE3FC46E058F023F3CDFAE4EF87FA4503570340F4F118C7
F767F6660059FA62075B07FE069700EE013D02810B8BF6D0FAC80E4510C0FDBC
0347F905FA2701A6FB5BFA10FE1DFB350391FBFFFB5C079104FB0365F95FFF49
C2922145200705CCECE1201EECD2040A1015EEC1DC6306F8E8F50A05F53AF407
F404E2FAF10D1997237F1AD00F7FE11FFE32FC0E0A0DE64EEE0713820F520476
F5A1035F03781C66FB0A0B35F6B9091FFDBC09C3F561FF11F9810EF1F079F4A5
CC5A2D140CC4FEFBB85A09111254E943FA7EFBA70752318FA97C084EF6E3D398
057DF7DCEFE4F0342D40E9BFFA94FAD6047212F50B46FF01EE7607461E41F7F3
07E9F47E0267F406F8A7F2B90E88F25707CA08FD05B418D102F7F5DDEC72FD7E
0826EEA8FCE0EA98039AFDB90258FD95FB15FD90FD61148CF06E06EE0456F529
EE7AFA22FDB9FD8E0D88F04002C9EFF6FA0FFDFDFDFD07D8F63000F8FCC3F860
FDB10213FECDED40FC34000DFA77F9E3FB84FB0204A307FAFEF601D5ECC8088F
FC0BF02DF38DF713EF130004F78301B4F6E4F9A5EF6005520553FF9C096FF52F
0729F745FD01036405F0F4D1F217F713FA67F924F8D0F8B1FCEFFBABFF61FF82
F218F97E0251EF94002D03720AFB026CFD48FE1501750BC5FC0FF9E4FB9306C6
FAE4F611FD39DB3DF96CFEC2FCBCFC1FFA35FF32FC4A13F50234FCEB05180B30
FF1EFAEF0243F61F0CB50308F36CF8140221FD1AFC850A4202FE048BF80202E7
FC32FAAEFFF8EFEE07ADF8BBFBBDF787FBA8FE8BFAB5038F0A690B56F19B0728
FB00086FEF96F1A01B9D0F0F072A06420923079206D3FA08FF220D7FF91B015C
ED790A3DF872F343F6D0FFBB17CD039F0B610E380BAAFD75ECC80D91FFE1FB20
FC36025601E7EAE2FC8C00FEEF4F068701D9F2DCFCC1F1D9F951F274F4CE177C
0D3B0153FCD9FDE7085DF1CBFD9B08140A5E05B6FDBD0AB809CCFAE3F804F183
1552F78B015FEECE0790FAC3F458098E18E303970E890802090CE8D5F8720312
0297FEB1FBE8F3FEF0940B720F91FA2F08E4FA94082DF192F53E023CF81710A6
004302D9FFB606ACF780FCFB016404F7F77901B5FBAA0379FFB7030AF9CDF9A3
FB02EEA4094A14B7008409B8F3ED02C40512F3C4FA39EF20075507EEF38CF980
FA26FB9000100B0CF9E4F5DCFB34048B0392FB5D0249F4270A82124BF2C505BB
FCA0FF3608BDFC790938FB5300D2FCFC021FF7760795055C0699FBF4004608D8
08AF006BFA27F929FB75FF51F9A4F35DFB74FC4504B8032014CC063C048505C4
0E54032AFB09FC8F0B36FF070642F6480699FC250370F822FE0E06B8013107BB
01020217104CF9FB1236FA7BFA26F4E6F960F49E0392F2A20848039EFFF0EEBE
F52A0470FC20ED3104F10ADBFD7BFFAAF820FDF5025B0DC6FB7007B405C0F50E
16580048F4A5EF8201FA09A7F79DFF990603F11A0160EFDB03BF0A6B06B20997
0009F73D04AB02AC17B7F7F0F89BF59A041BF27C0043FC39F8091794FB630041
0D3101A1FC44FDBEF980FA1302BAF3EA0274FDC6FCD409630D7D150C049AF3F2
0B3AF922FC00FDD80F62FAF2FD27FDBE01C8F40C092509AFF73E0EE7FB111390
09360C2309CF045B0A18F8F30921FCD9FDC7E959008A09BD00250BD30A6D0793
037515FD0D00FEB10D04FFB4036CFB5F0BFDFD6E005B0F83EFB2FF5FF416FE66
03B1F4EA10580F28F99EFFEAF2C907D5FC62FF6BF50DF3C000790477089B0219
FE88F69DFB06FB40FC36FFB5F93F107A0277F39A0C4CF4581546F7FBFD7C02CB
071EF76DF275ED150C33F837FE870E52F9AFF56700E4F713F0140EAF05EAFDFF
029AF9D6056904990109FABCF3B3FF740818FAF501D9FFE9F526FAC707ACFFF5
EA49FF10F6B1ECD1EE570EDE0D66125704D7FE8CFE1FFFAB031602A107A300EC
026B052CF62E0C49099C08570977FF930859ECE008F702A7033B09B9F34AFC22
FA11FE02F5D505A9FE84F9E2F84AF4F3FCC00B9500EFF1E3F97C0F98007B0193
FF1B043708E906B3F72F0149F7EF0159074803940593FEA9FD03FBAFFEA60621
EAD0099FE5F9058E0A46F254FDAC033909EA0580FEF70E4FFFE5FE6603D4F48C
F3C9F40721F20A51F0B00BA20D02FFBFFD64F7260327E2E5FF710D12059EF37F
F1B2F68D07DCFD4D09E7FE31FA18007202D3002504E1FFF2F854059A044408D4
F23DFD99045C06581F29EACDED6214FA0DC8FCBF037908DD06B1127A0397E966
F7F2F239F94009DB041D12CAF924F2141392E2BE067FF9C5002B02A607FAF773
FA2DFC3A00A4F370FBC2FB9C034DF7970104FE4F060F06DAFDC4FED3F57C0589
F9201B3AF53607111A0BEC04011A01211031040AF991017603A108BF0D1BDFCD
15A7FF9AFF5006F6F9070329FD53FCF80988FD2D01DDDE740284F8BEFF09FE33
0B4802DB0574FCBCFAF9FBC0FD0AFCCFF4CFFC7FFEE7F2C4FE79FAE209E50F92
F2FC04700394F6BBF42D01CFFD9DFB28FDDDF98D0528F2510236071E08740597
FD6BF9810102F9750A9C03240170FCDF0430FA15045CFA6603A900BA06270C52
04F2003708D30A12012DFFFBF8C1F43CE8B2FDE00BA7F81F049EFEC204D40D73
FC9D071DF690F71FFAF2F909F9EFFBF3023204EF0818FEB7F86C11C1EBEC15DA
0242FCF3FC75121A0B1A0730FCE00221FC80003002E5097A02FBFFC4F5980816
03F100CC009F0924FF1E03F0FE80FFFC018001E90353F8DDFA94F89509F70898
FF79FB92013D02FFF3AA0277F93F0219FCF2F91E0854001BF68703D6FF570B02
02B9FEE0021AFD850940034700A7FF870166FF5F0648035BFF53027CF98E084A
0C73FFBD05CE113FF45202780290F930FCC003710711FEA8FFF8F9620BA2E7CD
1448FE700A6A1061F806FFE7FC24FA99F125FE3A09D4FD200068FDDA00F0EC21
0A100022FF6619E1FE2BFBCC05E3FF09019F04F0FF34FFAEFCF5FA50099CE99A
0487004402550042E40003B4099AFECEFB3D0685003C08AC0069082300DBD14D
062AFE0B0509F8D2E9EFFBC5002E0603F71F01AA02D10591F58B071CF0B8D97C
0ACAFE6DFE4D01EDE7F9037BFBA4FD0D01DCFDA3004300A3FAAE01B5FCE4D6EC
00BB03BC0479087B01B3009A04FCFF680063FF4E0594017B0026075904A5E4C8
09080204060A07B10DB2004B00EF00FB04AB025500A5056F000F0F84F6DFF09E
052B020705EE0188F755FC3B0148FD7DFD4FFD89049D03B0FE35FEA2F80BE752
F9C10750FF40164A0064FFC4112A027B07580884017F02E0003E0143167AFC89
0622FC8200E31CFB005F02E70BEB0AE904E502D1FBEAF418FFB800740EE2FD81
00C5022DFD60100FF93000170304029C02A30366FF67FA9C03AE04100292FC2A
11470B9FFA091FC6022000D714510C910FF907DB031709C9FE15F9861688FF9D
090602C102E7484E0900019A04A7054E140F068500E702BF017001C702E906CF
0505016BFF450725FD5F007404FC03AA02EEFEE90206044BFF3800B50BBD0114
017D05D50307043DF8EFFF2F075E0429F9F5038F05B80513FE6F079C1700F30E
008805B00382077CFC1BFE4C062002A304060422003FFE08FC8004A209020046
01A7FEDEFF9F06E1FAB2FE7A01BF02EBFD95FEA100CCFF56FE950426F6A3FEE4
069EFB0FFD5607340203FFDB0510F889EED6F847011D034607BB0618029AFF4D
F924FF7AFC5707BA07B5FCB2F46FFD37FFCCF88EF81DFA2D0A6F04120AF9FB7A
F06F01B30E2AFD50069A0346FD5E007906A0FC7FFBE610E0012CFBE4092A06B2
F196F660026605F6FB05FFEDF3C4FC3E03B0FC37FE51F15D0224FE05FF50F6A9
01DAFF4402D2FE6F1139F403E4B6FF330986FBC9ED2BFFA1FFF9F41600F8FB47
FF10F7CA0D5003C0068BF6DA04C9012D07B500FBF32505D9067F02410EB4104F
FBF0FF17FDD51558F953FFBC0BD8035CFCA8FEA408EBFB24FC18FB45FE0C0090
FFA40F6EF56B01D701B20BE200FEFD31FEE30386FF40FE4106D3FEF806E3027F
F596106D00150A43FC9402B91F92F8B60336058FFA6402C805C9041FFB6A0698
FC2C0A6CFB08036C00710858F9ABEE030625FBD90144F59AF39300D1023C006D
F87F1363FFA41047EC630277F71AF783FC65F5F007F301640DD409B40A1DF136
FB1E0A8CF64B1F12072301DFF9F5F9C00B56FD5F02290C40F4A106B205E6F65A
020C1B45006AD064F77B0A03F045FC91F97506570BE0ECF6087E03FAF578024B
0061163312FFEC83FB1203B1037EF55400E4F2F91D7803B91485FF4FFDC0F58D
F9C9F894F92BF78F00DAEDE9EBC0FEECFF00F8B4F7C20095FBD5044C0E1A02E4
FB7BFB77F13CDACF0356F9E1F6EFF67D094EFE13031EFBB71DEC0722E0AB12F5
F52F089FF734E59901600623E76AF12CF419FECAFF09F1EDFA01F050F3500674
F6C0FC93FA40F98C0D5502F6F564FA2CF3A7FC46FCE2074400DBFCEDFB920199
07E40AEE0A4412AFF5A3FEDBF3B8FFCCF6E803B20EC1F9E8F8040318FD51FE3F
09B702DF06E10751EE6D0091FC9B08FDF5E9056202B20325113804660060DF7A
FABE060E01750902082500AEEDEDF99AF061FF62005AFA8C048900BBFC26F7E0
F3F908130D83FF390952FFB7FA7DF30009EDFF1A0F39F42102AB084AFA740ADE
040EFCF309B712B6076FFB0516600DA7EFE216C40BB4033409560D2007FAFF1E
0313F7A0FDB50C41087500A8FC3BF7A205D8F4F702A7FAC00342001905630DF2
FAF503E30146FB260AC0018AF250FAA9F144F9D00439F756E7C30074FD7AFD85
06240BCBFDF6098BF206FDAE08B502B4EEE1058500D5FA3D0B68F9C9025711BC
FF0005E10057F9CE1168FF58F7ACFB3CEA87FFCDFD3BFBE6FC53E13E03D10E97
04AA10D7FC7CFC98F2250199FC0AFEEAFCE60167FFECFEED07E7FB5807440A20
0765015A0612F2F0EF95061004B4F5EDFA91F98A0059E8B2FDBF094F045CFDD0
132A075BF61502EEFB1BFCD4047F03220321064303FAF867FD60F0C003B0FC86
FBC9FC08FDB70580FAD70536F2990233FF1D05E1065207F6FC6FFE43FDDBFEE4
0038FF92E988E037EBBBFDEE11C6F1F4F636EF1A1157EF39FECF0EB3016EFC6F
09CAF5B102D30E010A33F674F47AFC3EFFF713D6005B04D5F3CF020E07E3F1BA
018EFA53015001971E08FE9AFDD8FE1B01C7FF8FFD6E089904DF0570F31D0DB8
FCECFB5D0524E1000964FF58FBC705B4F92404880B91FE4BFAA5F8A9F8F0041D
0069F3C3FC49EE180ED1FE2107F8F68EFAEA0253015FF459FE53FD6E06A80134
FC06FE84F34AF2CC06250904F9FE0A62FE4507F2FD950B75028B03AD062B0295
03C40AA402D0F510F5D4FC78FEDE0395149E0760FC1E02C102F6070B10860634
F70503E9056BFC3900C108E101AB0219FF250676025FFEC0033F04F7075702D7
FF60FE50FF0F089B0DD4034AEFB6FAA51449FAA7F3F1021502460075FAD21063
FC6BEE3006AB1063091400ECEC86F19D084CFC87FDD7F76EFB5EF53DEAA60511
FE52FC12FC23F6A2F597FC38FAFEFA8C01F3FE47FC78F28303ACFB5D05A9FFAD
FD9F0053FB6A06DFF8600006024E033013330137F23B0F990017F35B0D96003E
074102030DEF0901035101C1F74AFFF60F2DFFEAFC7F0690FBF3FC03F4C7FD51
F95708840407F9C1017B0AEFFD9B051B031E049C02E7FC250909FEE00339FCBD
02DD07A6FA770A1109EC03490F49F935EC5AD4380296099A08DE02680EED0886
FC480000052C0226FF61050F06B1FF89FA56FFF403B8FE48FC9BFD09FE99FB09
E7F70405FEDEF6DCF4AD04C3F8110AA70622FF65F873F6A4EB640371FE4BF869
E375084D03BE0BBB0492FF86FA2DFAAA0269FDA7FBE1FBDEFBEF06F806C6F77D
EA8502C80504051803BF02FBFF900413050CFF7303D203ADFF14FECBFD9AFF0C
DA72F7DEFFA81623F8FE0845FB3EF3A5E6DF000BF83D07E8EF59025D050810DD
F6EFF9B8FC8D0402FF6BF0F20EE604FFF762FD02FDC7F29AFA390912F982FF95
F866FF3B0489FFCF0075FFFCFA810606044FFCC802EEFDF503030186FC0905AA
FD49FEEEFF520436026CFC7FF38D053F04A4FFE7FADDFD2D022A013E096903A4
0DB0FB8D026105F2FF9400D8023401C00241FCC6FB77012B0573FD41FF01FA2D
FBD8FD17FC74FC970BCD0A2C0889063B11F90BEFFD1F0E2400A6F1B203DF03A4
FB7B08C0F3EB0FF00EC8FAD1FDB3FC0C139C0757FD170CC3F2AE14F10483F2F4
03CAFCE5F77E016F0B3F05A6F74E0A23018AFB39ED03F98C0BA2FC190DF9FE07
0C33ED94FE8BF846028CFC80FC20FB6D0F51FD88FEF2FCEEF984EE66F8DE0473
FA70EE8DFE30FA0AF2D9FCF002BF03B20124ED98F7F8F6BBFA30FDC4005E09E0
F7FCF0A4FE9E00BA0297FB73F7190530049B05A1F4D4FA16F6A5F832F6D606E7
FB57F5AEF3A4F85BF426061AFA5D07FB096D03F7FCF8EF2AFE420B910AD011E2
F20BFB1DF63DFE420478FAED0071F4C10189F3E7F42CFF3C0AA50653007D012E
0122F4B2FD2F0204024B03A4F61B0274F0BAF1AC0023FED3F67909BE014F00CE
1777FBDFF920F6FAF79A08ACDF59F968FF9F01D91801F186083B02620654FFF3
0C37F020081202CCF48C0537E4A9F6A00A2B0B4B14E4FE74F42C0D4503CEE903
F6F0F699FD28F9A90AD706E9E0BFF1C3FECE044A129FF0DD02A206DDF96CFFEC
0BD8063B0440049D0F000BB804340C4CFA5B05CCF8D5FCCDFDC4F2C1F5171F35
0BCD142A07E8139802A5F8E602DF077A0B8306BDED8901ED044601A7FBA319BA
F6810BB90E72FA4A0CE902F8FEA40A0F02460649FFEFFD7313F9FE7FFCB719A8
FAA90DCC04AC07CB09D2FE46FDEA0327F8ECFE79005003FF03BD05C3FAD708CA
F74AFF3FFA1BFEBBF21704EA0C3301D2FD5105E503EBFA0F035AFC3A02FEFFE7
04EA0545003C02260144FEA8F9BA00D503C7FB5B047DFDB4002F01BAFAFEF8B9
F135FDE8FC7AF4F60158F0C00781022E018606ACF99F076703E306A20308F97F
FCE40540F67AFA590A2EEEDDFD34F431FE01F80DF651FEF6F80EFC63F79FF430
FF67FC870112F6F50955FC7B1A41FD5104C909530A830908F96A06541042FAEF
D5E0FB8B08090CA703250E4AFF21EFAEF5B10C9B038B045AF555F56307100199
D86705390160FB80D467F632B6C508B0DF62052DF0C814180855F3F6FE93FA4C
F57FF57F051610CCF0F20BE3FA9B01E1FDA002D1FE0BE2A70427F739F9E2F71A
F284FBE101B4062F0064F797EBD3FAB0F8A20C4F0F8903CF075300A6FF730358
EFFBF8E705BD00C1FF5D030CE98DF85006BF055C0024025FF1DEFD8FFF17F55A
F891FF7CFDB8F903039807A002A4FBFDFEB3043803E1FE96F9880153FE7501FE
DFC4F11BFCADF728F92B03D2E21804040E2302BBFA980126F19D034E0430030F
0DE9FE6C0276F913019113CFF933FC03FED806A2FC430BBF0316FA490A031526
FDC2033907F502800618094802C8FBAAFE70077AF95F083006AE038BFEA70601
FBBAF444F269FC94F263ECBAF9DBF557FF82FA4F04EDE0ED0856004BE4EBFBEA
140713590ABF11AD1613033000AAFE49F0F8EF7C01DB198FF2490447EC230DA8
FE91062AFE54FFDB023D016BFF0D01F2F655017004F30665FB58FF8006960353
037EF3C1FAD20688FFB50237EEE602C40FDAF4E4F6C8F19FF7BE044BF658FBB4
FE16F813FD38FFBFFDA2116102CE03C000820629FD8109E9EFFEFAE40115F317
F049058801EBF91B00DC0692007D0352008AF9FCFA4706C905EC03700015FBB4
0B23139EF7C91050FA86E6C4EE41060AF892F30FF98101A80860F61A060BF9B9
0688F8CBF1B90640FC3FE69007DBF961F7B5E12AF363E5A618B3EDEC0175F973
05581389FB110DB101F2F9EAF4C801D4F0B5FCB90089F271FD9BF757F89EF6A8
FA030135F8DB0A6A01E0E0D5FF97FD47EE29FE9D010B003001900E4A07C90626
0A92FD41075D08FCED24E670127A0CF8E70AE5A7F75AF8480CDAF84CF1D9F279
1AA603C904F509C1133EE37E005D0005FE24F659FCBDF8FF08D20C47FD170C51
F865088DF63A1D1EFD97E584F978FEB105B50268F8DEFEF011CFF96EF201FC99
012003F70486117000A1F42108F70D72EAA9FA62039DFA33FFBFF84BEFA50746
FE760684F6E21DDFFD3FF23E06A308A8F91B028DFE11FC4F023FFFBB0EC50061
129EFA6600480CCBFE00F37C01B1F61DEB92FD0BF84DF9150B1EF920F9F2FC35
F900F4ACFE50EDB0E4D7FD5708210C1103D5051DFA9CF843F1EA04DD0EDE05B2
00B0FC87FD15046D045DFB93104501C90329FA72EF50FB57FF5F0305F5E80572
03910259022703830BEAF2AC05C4FE4EFBBFE46900B4E389FD26092DF2E8F904
F974066FFDA1F9E112DBEE63071504501858EE6900D60CEB0105ED9B0FD40FFC
FF3CF7450372FC0DF76C09F002C8FDDEFCDA07AF017E0165F787033504530590
079C0513F87402CDFCFD0849F87FFDDCF219F959F665006D083908FBFDAB04F7
05A911AC07F10441011F0933E677026C0206F5D805A5079AFF38008001A30772
F937FD4B020FFE83035D0748F9C901FB006FF7C1093BFBFD0158FACD05A7FF2E
0495FDF1051505DFFA0802BDFAE70629060CFB97015F07EAF69203E001BC07E6
004307EB0095FEE7060C05FD087CFF0C09A90120FFF9062AFA0500EBFEC9F97E
F40C0351035A027F079707B6013F04DF094A04330AFCF6490328FD0501BF0DA3
0298FE260A370AE4057206E1FC74FD8BFF24FEC6FDD30DA2FB97FF8AFB3F0A67
0A7900BE04DBFA700881FD2B09540C95F4A9F8DCEFDD0C3BF89F085301740446
F3E5FCB50A6F052BFE98F6A90E0CFFCC0036F90FF9ECEF91FCA7036DFABD0950
FD8B09970331FC8904810807EDA8FFC7FE6A045E021B08EBFCE3001B02C0FEEA
0D3301E9FF300825F45D04DEF674FBEC00CF03CA02FA0979FA9A085AFEE6193D
F580046904F2F88C02E0FF890B5CFEE50A00023403450058F42DFE94FBF30A3C
FC80FAA50DBC036908BD0C1703B0F932F7800623E9CB16E1FC64F118FF94EB82
14AF03580BCCEF75045800EC0EFD05FCEC0EF56DF468FC4B00E0FE53FD5CFF89
036DF100FD0EFB8005DD003606E9049F0437022B00F50F640742E5B6F3AC05F7
08E2F1280B620A75F7F60B32FF94FDAB162AF69F06F51163FA0EF88603BEFC83
FF38EFC1EDF412050A8303CB1341EEF0FEBFFED1F9FBFF830AA0FE2CF721FF2C
F2DEFE26059503E7F17A05B5FE41EEF5FCC2F57FF8130EB4F806F04DF7AAFC02
0B180664FEF6FA2AFB32014412A7023A0D140802F0B1FD6BF7D2FD1404F6F86E
0BD002BBF4F00C930E8D04E50E6EF36AF85E0807EE33FA96F58AE957FED70D4D
01F104D802120C1C00C201B3FBA70A54FF52EF6A029B04BE0FE4FACEF12E087C
FFCFFC750036F46300E90295FC98039D05DB040C077E0541F621FA01FD51FCFE
00C504C3F4EAFBDEF72BFA80FB3EF30304DE06C1FF9F03AEECEF027E0596F707
103F0599FF15FD92FFA9F1470DB80BAC0906FD6B0E13EFCDF676FE1303E3F716
F6B700C5048207B0F7CBDEE700D8FED9F3D21026FB870414025BFF2AFCAC0DA2
FE5405C60D3D06EA08DDF79E01DC094AF924EAA3FCE8083EEADF111B02070699
07E4FDBFF7ECFA5DF6DFFC69FBB5F9A3079A08E4FBED0418F7F1006004C0F9AC
FE8E044801980341FE3DFE7203B301BB084400C3FF3D09CFF83DFED7112EF447
F4B204DBFE330A160615F7AE018A08500C93F2620620F4EA036E0781F92EFB66
036A02A001E500DD07FFF995F3FA0629087C06DB0B36FB46F50BF4910132F844
15D606CD07B710AA07A5F962006FF45FF5F5F5E301DB06EE0496096EFD4D05FB
01A8FA91FBFD021B06D40333113AF6980158F8F010BD0912027606FC08BC0127
E56B09B8024D01D70739F3FA01D3F54FF1B30DB3FFEF0692054A067EF683128B
0006F950053CF9BE06C8FF9E068A025A0170EC98013AFD5509A3017A02040B3C
EC71FD26FFA107D10661122809A4F93DFBF5EF290F08D944F096F12215BB0EC2
E51BF4EEFB1504F80483FFA7F910F77AF784030E009B029DFE97077FF1F6134D
0AD7F8CFFB33FCA3F958FD360EC8F612FC33FF40F797FBD909030082066CFB18
F04D07D2F84EFA2509C0FA0A017FF148FFA602F2034A04570B28FCABED0905E6
0C150CA301FEF6221106FB2D0822F9BFF1DE0554F40B16AC01B50363F8D0F667
0707FFA5FFE8FD840524F6D2012D012CFD93FBD8FC310775F7ABFA91F7F7F5E6
DAF4FF3EFD47F48E026802C908D305A50150FF11FB9203CDFBD002D90618FDD2
FD2BFEBEFF7FF3FB01B400AFFF9EFB63FD3DFD87FA82033DFB98FD78FA260ED2
E2831D1A00FB00F8042606770C7909EEFCF3F88C1144F329F8C0FC2F030EE681
A9D80CD9F14EFFA8FCAA0CC6046908C30C540F10073D0468F0C9F938012CF3B6
EB5703B80892F4A4057209FE029DFCBCFA1AFD8804740454F16EF74DF5AFFEE6
F5BBFA60FC8FF931029603770CCB01B301CF0615FECBFF6CF78B0169022A083D
E9BAFEDB04CAFBF70799F9400777FEBEFDBEFDA3FE28FBA3F9B002F8FF20106D
10CF01A4FDF1FAEA00E8075D0528FD2EFDCF00BF0593007EF2B6FCF8032704F0
FFB705D2FF7A0180FA0D0BC5FA960D400549F607060A0780F9D3F50F07E6FE46
08C5F702050C0436F26BFEA70F190385142AFA6D00DAF2D6048110B1112903D9
F60E023EFC4502FBFE3E02F9EB9D0D130778FBC802C811FDFB91061D06EBFC83
EAEE0869FC35115206EEFACAFA06024C0CFC04440DDD040604A006E5F8CAF960
ED3BFE450AAF03EEFD41080E1185E8DE0406FF29FDBEF3D8065C005E02E8FE91
FD40071E0F100F40F3D412ABFF250115F21CFF97F31B04D014490399FD530663
03CCEBDD0C7DF5C00C4F05A8F3DDF891FEFD12D205E109CEF22EF907001B023B
F43D0600FA3FF0E8F9C20B37092BF74312E2054AF62CF64604F1F23D0DEE0056
04FBFABFFA7503040F350AC2FAAB1364FC820B9D13C2FF660C2E04470915FFFC
FE25FDC200E4F987014FFBE0013DFFFA00470437F7AB026FFE59FDC600D80526
02D6FE5A03E3FFFEFA13F952FB8DFD67017CFE05FE3EFDD8F3E7FE8FFE1F0800
FA37FEEA01E4FEFE0816F557F559014BFCB8FFFEECC7FF50FA8D000DFDD4FF27
F8ADF1990265FC78FC220E0503C60544061708F3FF3A0621F89C00DCFD72090E
F788FB730E4806F00FC3F971FCF3012DF31BF9BFFEC9FD4D0C880333069806A4
FFDCF0A40332F99B0182F7D6F961F138FD60FD670201FEF8FBCC05400B21FB96
FCEA03960A15FDA10BC303BB07AF00A104C90CC3018AF47BF60AF9C104D3F3A3
14AE05460A9CFBE10BB4059BF97F03B10541EFCE0538047E0B87FF50042EF44C
FCD5FFB50784002A0F4B00ECFC0603E006DBFF40FC1AF77D0141F6CDFDEAFD95
0EB10D470E48094B1004FEFB00ED03A3EBBEFF450EF50B5EEAFBFA9CF5D806BF
F27F00B21007F7720715F48106030763FB2F109B0501F2AD0E13F5AF03EDF99A
FEBCF4DFFB74F24303EF068CF1DEF972FA2C0A4D0329097FFF98064D13FF0618
FA5E0144076EFEF10E4A08820717EFF8F3D002A9F3B10C2D012BECFB03A309DB
FB77087100BFF591FCC6F760FC02FBC0FC5CF5930081F68F1233FFEB044705E8
0A24ED7E11FEF6B90102FC7304E9FCEDF998F3B3FCF1FB26FC7E0B6FFB29FA6B
FEDEF6550C3E04581145EA1503A9FB0CF58F0523F7A8F1C0063604BF03F5EDF6
040707D5F503EF06FF48F6A6F2A30274FB00F0FDFD2FF330F3F206B0FF8F0262
005AF195FF4BF672151EFCA102F7002E09EBEBD0093CF885053D0270006FFB7D
FDF50455FD38FF14FDCBFCD301B0019A04DD020BFE24FF90F91D037DFF87FE63
0B31FF5BF65A0742040207D6F4E3020803CA0689032AFE041156058FF9580247
0515FBF8FDAF0411FFF5FF6B0284037FFD7A0163FEAEFBC801FF03D90113F8CE
FC5F039BFA7BF935FE7312F2054805760DE616740EA7F619FFE90580184E0B1D
F0940FB00424F6120AF9F76BF1E009720800F59EED990FED008FFD360EAAEFA0
FDF1FB26FA21021C057BFE7AFFCB0352FF4F021F0544028307FC0037FD5F09CE
1169FFE8045E08ECFFDA019607CE011602A907880CB5FB2EFBABF9EDFD5D04C6
FA7B02EC0C8CFCBA01D7076908F6F17004A80EB707290E070611F137FC89FEDB
05A40362002CFEEE0235037DFD2BFF22F5F503F81222FB51008C00FDF8A2FBF3
000FFDD504B5F864000DF8FA0354FF04FAE4FF5AFF4D00DBFAF4FA60FE12FD62
FFED07CB06D70AD9FE3A08EAFA3E0660010DFFC2053A0A3FF660000F090BFAFA
F224FE4AFD1CF448FAD1FDE7002DFA56FCF6004201A801FB050BFB9A024C0683
04DDF940F3AD1469F82B2019166DFD18F3420AB20B8202F2E3C908CFFCBDF66B
13A90B3CFE0F1AC0E3901676F888066F0FAE0E240E7F030505321035056EEDD2
EA9100CBFF7E0A86FDBC0A99077B0A4D0279019B013BFEB2093206860722FEE9
1DE10C7DF01A399A0F8DC937F617FB7BDEE4C01DFC72BA70FC1BF457055008E1
ED670384082C2E5A0FBEF6EAF558168B10041F47E792F8EBF18301FD1B24E47D
E7DC0C97FE6204CB0714FC46F62301F702850BF9FFD70B4E162501F3FE91F113
E9D4069406AE0176010808F1FC020975FF3D0406075000EB0851066100B900E9
01B1F58BFB22015CFE320ADCFA6D0B46128409410BEDF6F2205D0992FE19030C
08FE007B0273FA5A07CA0B60E7E206260FC5177E0882093FFA2705A200B815D3
F4BF0118FD89FBFBFD2C0BF71040151902F9EDE8FF6007B5F2B00E71F9B4FC4C
0832FD7FFD610B9B01B61DB20BDB19E7F165EE2B1140E1FD21E1236DF2E0F46D
0FA80AB1F81B030FFF8B0FB9F6BA02A3029B16080D350D510C59159F09460CD7
F70A02CAFE810518FD7F0FA102C1083B013DFAFA0474FACFFA5E0598F03FE827
0250038DFFB605DB02A1011F00A207C6027BF9C6FEC8FDFE0BB20C26FFC3F1D3
02D0FDD706FE02BD0471FD37FAA40264FEED013601EA07D503C104D8F8B1F6C6
0026F8EE03551224FC4A0C70FD6AF5E4F67CE9B31F68EC71EF540066F0C2F1D6
0F79F3CE08A5EC05036612F9000407D1000C0BB3F905F2B11BD5FD3904F505E9
0111ED54FC4704250030F6F9054206840062FB6BFDA7FD381004FF5FF97A07C0
123DF9FEF72503E5F5250890F623F8A60387FCB9FE9CECBAFE8E0A19085E021E
F0BFFD940481FDC50C7107AAF4D604FDE7FBF5ADCEB7FC9926DC05C707431181
0262069BF75CFCFBF6D6FDC20CD9033CFAC30192E6BAFB4A04C202B108D7F4DB
F98EFC92F72B0A7203F4F41FFF81FE360D7D01872C5DD59DF0BAFA63FCDFEC85
06D40A04F6F5041500D81046F8D605A2F160099E0024E2650056F7E706F0F2A7
0AA1FFBAF6B5FFE5F79E088203190083FAE4FC4703ACD7A501F7F9EAF093F00A
F07B09A404AAFE3DFF4201770037FDF4FCD7F96B10C2F41EFA67F9D80E8C00E0
0B27FA7FF8E10200F0371B40DBC5F0B101C812DBFE9925ACFEC3FF70FA850264
07B60028FFED04D40119FB8CF6DDFEC00537FEA8FB9AF959FBAA05BFFE4402D1
0D85FC31FD87FB5E03F60FB9F1A7FD8EFDC80E6904AD0A4BF79EF1A6037A037F
F35D030C068AFF5008A117BA00E803C405EA06080073F31E10790480FD5E063F
06130473058B04100C80F98907F1026C01020194060107E50B4A035D05E009A6
F0B905A90395F56600940429FEAFFF2E03AD015A070EFCD2F877034CFDC6F47D
FEBB03500121FA2AFDAF057A07A6FC0EFBF106F3FE7F0231062AFBFCF93606A9
04F3FE3C0494FEDF0045F71C0129F74FFE1205CEF813FF56022700EFF9850041
070BFD51FE640A47FD0608F6FFABFEE5004BF3C808E6E7290918069AFD40002A
FD4002F1FF01094101060784FA3401840B93EBB4F9F506B01DDFFC67F410FB8F
043C04DD021EFC4A046FFD7411B9FF9901DE027A0B4BFFD4092B019B0569FFF3
E972FCC7F9AFEFF9FC33EFB8F84204C40D75F9C50EF6FF9412C80A4705F4009D
E456F60F0465F42CF9DCFCDBEE3A020B0C6D015FE25FE9381895F0C30AAF0385
03B9FED7025C0A55FAD0EE710222FC61FC3CFB6B059BFFB80A62FF13FC28005A
03E6FD760720052006DDF91D0633FD28FFCBFF02FE02FBD107BAFC36F8ED011C
0745095AF713F8B6060AF2D5033D0944FBB2FD47FBC9F99C05F903F908D2F90A
0E03FA5EF9D9029705ACFC61002A048309190006FAFE09FC002F068A06E8072E
03DD09380951FD0F007C0D94042706D90AA007100CE507300D85FFEF083011DC
ACE3FFBC02E801BE025A01740C60FC9F098208F4058E00E9FD6706AAFE55FEB6
EB8EFECEFFFF0604FF6201F3FE93FFF601B602CEFD30FB6907A6FF160033FD76
E9DFF241FA8BFD4D021007131115FECE0E1D08BDFBA4F44DF86AFC6A061AD90F
CB3A0205F889F1D3F6F414390D04FBC2083A02CBFC9F1B0802DBFBF3FC57FE1C
E4B40249058E0768069903690061FDE9036B0389013CFEAC059D037E00770557
F320030007AB0824061B1169FD69022F040C092F09F4FB3F0976FDB2FBED04DF
DAA809D5F428FFB107300E0CFFD503E006B7085509EAFC19FDA0008B03A4FD64
FE81FDA8FC4F01C60109FC9BFDF4FE88028B0491FC80FDBA04E1FFA5FAEDF8BF
FF3216C6000DF6AD070F07BDFF5CFFD9058EEA5FF22BEA05E2F40F29FD01F7F6
EE162196003CFCE000F5ED5F06F6EF88E7F4E24AFAFE1064F2DF08CCE4D71913
1765098BFB9501340A1E00A0FC7B00BD058FF8F100E10635FBC3024F00900401
0455F443F37FFFC30589040EF65EF2C5DFA6FD9D27BEF801E9E0117902EFE02A
FDF1126507D00501F674FF16113AFA4FFF45E05608CE1EE9E101FEFBFE8B06E9
21EFFCC40506F6EEFC9303370033006C03A401980C7FFD950857FE2302D0F797
FF25FDE1EFBBFFCCF77115F001640B460C8FFD181EA61976EEEFF3CB0245F84E
EE610E0AFE29E6730759F0DB2432FE6BF11FED52F279DA51F91F0ED9F73D1731
1AAF07C3076A037D02EE00AC011B042FFBBAFE120436F4990479FE6BF804FD38
06EFF8FE0368FBEA01F00F55150A0530FC94EC6CFCE3F44902D8F7150AB8F4FF
0AF8059C0A02F802F3E51176E45E01F90268FEF915B80959FDB2F6D50B38FB1A
FA3B00C2FFB4FBA6FAB50F7CE68100A8034B083B078F0D4F0378FC6C005BF7D0
0A2BE86C0531FC8B0DB305A905CFFFAAFCD902B8E3AA064D0039FAC7F516F4D6
F6D7F867F00407E5F7F52DC11B32F3730CC40060F56A0C0F04850D96FA0908B0
F6A207BFFBEA051E056D0282F0B50087FE4AFFB4FC08F693005CF762F9D9F615
FCAFFEFEFA94070E0394FB190D3DFF0FF4D5FE8DFF64084F08470E10023A0E11
126AFFA5F27003C8FEADF9DF0FC6FA53084904C80A44EBEBFE34070E06F8FBE3
F57F01C7FBA1FC05FBA5016011730556FB58FB85038CF7AC0663FCCC0221FAF2
FBB8FD0B00FAFFEA0EBA015BFEAA13AF04600440FB2E0E5E0594FFB7F7E8FBF8
0D9307A7060502101266FFFA058E0E72F9FCF6C6EE6007440978F6910DFB02BC
0438F668058A035FFFCBF42C0E7302C1F3E8EFA8F3D401FF0ACBFD7503E50539
FFA9FF5507AB007B0E510881FFEA06E1154001F7EDF70A27FC9AF75B0677F8C9
0DA7FD0C0C1002F9FF94F242068CF5CA0CA4F7EFECA1FDB80795EFDFFB23FB6A
FA9C0182FAA1FB320D69FC2F0540027B0A8D012FF5D903FF05B203EC0DB6058D
FE85F67303C80A2400EC05AEF2490DD00BFD0B1F006C15101140F64EFBF60213
0267FB74FFC90241F69CFF3AF3B1FFF70AD906ECDB1D0371096BF679FFC705C1
09DC00EA0032F53206D6FFD0F9FB0BC70B01F8EF02AAFC79F9ECF3DBF1AD025D
173301ABF99107560684FC81ED6E0556FAAC0409048203A6FEA1033C0C8BFF37
0F69FCC5FFCC07900043091BF5080526000F00CB0F7200960130035F054BF998
145DFE91FDCF03F509DAFBF5F49302F8FB650300FF1AFB990CAB068F0A9307BF
F98A059B008305410112F7EEE784FF84028005BE0B94FFEC17C7017804B8147A
0A52FE52F7D6018E040F016FE34607030090F5AFF2970A9101B9FB46028FF359
F84FFEA1073409E804AFFF1FEFC7071202B207BB0D760B64096C03BD09920640
1DCE0133FF21088B046D0370F78805C6FB9EFD450806FD410C6807D008D4F908
108504C9002BFE86006411F8F63E031AF89604850955F85808F40224FE51104F
0FD8FFB7FE3D062CFFC7FE75EF9B0569033C063E0AF905D60D16FFDC0E5D0C1A
05B7044003D8F9A8070E11CEF7A0F7660392FE86F810097AFDA3FA960240F588
0C09F5CCF7DB0F22FAA1148E04510E8301280A41101CFADE1292028D07FF0776
15ADFEB70350FC12FC3603460481FF56FAC6FF30FCB1FFD8020FF95B06A2FFE0
F9682407FF5D01D0114F031C01BAE776EECDF037CEF307900E93FFF3E882F0BC
02D4F8D1FDDF10461ABC0346103A0A25F7E9DD85FF7000F41DAD0E66E9CF1D15
1A900E33009505DA0432FADE08BC00A8F7AFF63FEEC40201EC50049DF4751012
067E0EBBEF63E614D4F3F49AF4B02FA7261B1A8F2A34B5C7C6F7EE101C451E2D
FE96D35BF770135602AC02F4262311A708A6093B174E149C1C5C0C0A1AEE0D67
1008F753F8ADF4AFFD73FB70FCCF002306C80262FD38036E006200930DD6F9FD
F6A5017B058B063408AFFA420462064FFED5F5B5FD0CF9ADF65000B4F722F421
EF51FDF70288FD4AF9FAFB78E84E0048FD24F24DFA66F586F50AFD34F1D60302
0B9B0110FCC203A6FDBCFEB3FFF8013AFC0500110161FBCEF452021E0170F98D
F0B40BE4FBF5057EFECAFC0F0FD3FE39FD4CF80002D1F70FFC9AFF7BF305F7ED
F6F2F2D5FE07FE04FB26FD200D9DFB35F58000BC03ABF13809FAF5B80964F122
1122FDA30212006FFC900255F9E5FD2401B70548FAEE06F4026B06600CDE0B71
06C702510337068601C7FF9B0CAA03F1F936FC020BD5FEC2FE3EFD9DF728F994
0C4806EC04770109FEEC02D50FD70B33FE6FFAC3088DF970FA49FB1EFC84FF73
11BF007701A5027500C4FBE70A2EFF42FC67FA6C0526F4BDFEADFC400094F9D5
F5FE031E01B0FF25023F1206FFA106C1FE3D0A28039B06E0F19D020A02FE0573
F626F8C1FA1C0E660BD7011906C60556EC9003E6F3F8F93DFB02FF86E816F98F
F5E7FE2BFB2803B6EB01F904E553FDABF894F90FF8FA0646FE8DFCC3F424F4FF
FC420C730A05F5D002B508E70804048F0019FC830600E10FF9BEF8FE06A40068
FD4D00A101DFF867FF0B09B01F77F836087E0CF5FC2D049EE73C0B0A0EFEEF8B
0E910679F54DF7E60D570718F76803EA04DC093605781CABF0D7FF1A0CCF02A8
F808FFEB07CA084301020CAA0023042E0483FBADFE8FF583FBD2FDF7FBC0F4B2
1983FD09FF340EE704CCFC30F84D033C052807340113FB740018F70B0C15F7B8
FA0502A4054BFB90FA0801DD0645F8AAFA48FDEC024D04C5FFF00401FD81F7C5
049FF44CFED40201FE2A020F09A70581FED0FA0BF2820D7FE06EFF09F6730617
04F3052903DD0DC807C1F41304E3FEB9EDEAFFF4FB41F12FF95303F8108F079A
1569017801010212F9A0F83D10B90414FE9DFD2D04840639EAEBFBBB0344FFAC
F618F572070003DC09BFEF15016EF88AECA0F137F02AF834FBAFFD26F9711428
FDD0069C0776FF96015A03D405A10575F8ECF2BAFAC2F006032209F5FC1B0294
F766005DF6ED0327FABA05AA09A3049FFA7AEFD8FC98F831F7B1F9EBFD78FBD0
0DEAF8F3043D0840089CF473FA5BF677F323F6C5ED7D0026FA73038BFE14037E
0283FB5108F90519FC9AFDA2F98C03F7FAACF270F5ECFBE203360957FF6DFCBE
02EF05BD00E90998FEDAF37908EDFF3FF978F79FFC58F453FE87031E03DEF8D9
F7700056FD7C060EF286F50CFD25F1FBF690F30C031AFA9FF9FEFE93F7550776
FF2003CBFF9B0219001D02A90823FB4D0C490B15FD590AE4F917103100A2FF65
034BF34E03E8F6E1F8FB01EB092E0948FB340BAF10200C830B270723055AF7DC
FF0005C3F44FFDE3117203E3F0100804F80EF566ECEC01A0FCFF118DFAB80D37
08FDF264F609EDA1FA40F7B813D2FEE0EE580AE100101069146A0E63F3AB0264
F7CFFDFFFDCC0432060202B6047700A6FB01F64DF8BA0ECAFCC2FA02F9BB0896
0D14076B06A30E9AF75EF242FD410E0C083A117CEF4509BC1427FD590988096B
FF25F8A6FC4416C118FEFAA9022D16DBFAF300A4EAA40A890945FBB3F3FB0315
FE7307C1096901A5F6ED05410950008DFDD2FD13F40C057DF83BEF26017F0FC0
01CBFE8A0169FC3FFEDCFF24F8DA003B0118FE2BFA0403B8FB9905AF00990221
DD1AF68BF53002A110AE06F501F40292FD48E9040F06F31FFC4BFF6BF2D50936
00280A8FF937F6FC07A00A3FF12B0E2F1FF6F4DD070103BF09F00D22FF03FA0E
0EB9F78BFB0FFF74F4EAFEF2F3AAF57EFAEDFB93F584F7B40348FC3C053F141B
EBEDEF780A6FEB6B056419C50119050EFC26E0741547EC4D110C0242FD7417E3
00F003F2FFB606AF00CBF203FB060220125DF6C5FAF9FDC9FD51089105C3092F
1CA7F7DAF72BFA8BFF78FD0FFCF9071D03D4FF6FF5B6F959FDBD00EA0260FABF
E8E0037DEECB03C7114C08020006FB241647DBBD05C2E43015BE08F2FA610B3B
09A402D3FCB1FE4C0CBB00EBF67609B40CBFEAF2FAE104C0F44C0C7AEC4AFBB5
D485FF84FE1FFFDA01A3F3A7F49BFD9C00DA0774FDF50AB6FE36FDCC044E0833
DB71F9C00573FFD9FF1BFF7EF69401E0FAD908AFF93408F905D203120AF3060C
E286FF4F0490035F05F2FD1303A9FE18FA99034FFB40FCC909A4030003CF099F
EBA7034602DB05C4FAB5F8BCF79200B4FE8DFEF60BD50A3B0A050022F8571677
0441F426F8F40135001EF6E1ED6AF5DE034CFB77FCBDE9A8FBA0FA9DFFFCD4A7
ED36046DFE5AFEED0059F93D0150FDB7FD71001DFC73098DFE1C082202EE04C0
E478FEFBFC6101D4FD8AFD2AF5D7FE2B0018FC85FE4802E0071DFE4DFE20FE95
D90AFFF8FE660007045EFE83E3FE05DEFF1501FFF9A7163F0CC4029C03C91379
CE0AFEB70183025A033501B0FCA0039D02EA034E047D0C1E0BB90682039C023D
0B9A0416FE0305CA0162F8D4FCC1FC8805FA00F105EAF88F0862004CFD500C09
1CCA020E04170960059DFC5F0E2D055405470062FFC0FB5C12450112064F01D7
00D400EEFEAB0608F9E1FF73FA600076032B0150FFABFA4303FAFB9300970611
0B74FFBD0149FE85FE34FD2A03E2040F00CEFD5A02EBF41916B8006705BC0F5D
0C0905EBF837FC69F564FA4705D0F9C10483FEA80E53FB12DF5EF9AFFBA9F5EA
0BC7FFF90996017803FCFEFDF67D00EDFF74FB980112FBD314AD0113034E0131
0E8702B70183FDF203460264F8030582FFC7FF20003B02660D79047F0A2802AC
0A6605EF036100AF003A01ABF58201AD0164FB0D0A11F49A052A033A0201FB02
058302DD073B0044039EFD6AF345FD790252FF2BFF93FBA70D530104067E0940
E71EFDD5FF370185FE5CFBF5F7FEF75507E4058CFF97F770EC6FFD25081EF058
03900205FC55FDAB0690020CF0DA003E0422099800D20E13F87202CC010FFC21
0368006CFD4600F5FBB0FCC0F8DAFE1BFD37FE72FF4C0429E951FF5DFD68F5BA
FCD30A43FEFAF9B30180F8790000FB31075108D4042703C4E92508EA0B9DF3B6
109008060935F5BE09FD0924FEDBFDFBFC5B0987F5AC0A0FFAD501EEFFE90E39
066701980091FD5401C6FA60F4DBFE5E017FFF8EFD2F00B9EAC800C0FFDBFC8C
F5E7FD79FEA3FD5002A1FDCB031DFD0B063D08EC062905A1F6DF03F2050FEE86
0A8500070515000501F2FA0202D6FB9D0302FC3F02D10088F397008BFF78F323
F8F903110099FF490331F9FCFE2800EFFE710161005904CA00FD024002E9F89E
FB13FE850627FFB2F847FDA701FCF9B4FD5E00A2FD4EFA3F0F610509F9FD0AFC
F3990A050A25FBD601DE024A00CAFE35F9E0F9DBFC39F18D05F403A9FA4BFAE4
FAE4FBCC024FF6E8FBDDFB19F046FB09F9C6F299012007E71F2CFBCC00140A8F
0593FAD70F11098801EF057C00D4F77004DCF5EAFFAAFD9B11EF0A110365012C
094AF7690632FDCB02790608F4DAF7F70691FB370DAEFC0E0CC1078F01A51B3E
FC6AFA27061CF30DFD63FCAFF18804C3F3C1FE2103E005FD1A18F91103DA10C5
08BBF2930A09FF6D08040E790CD4066A0AEF05C3001607E90176FE030D7EEBD2
0922F7D905DAF8E9F96819E412A304970E36019C0B56FBD50E69FD63FAEED56F
08A1F64407D0F9EB03B3099E07C2FE0202E407DB0C7800D6113E019A06F103D5
19220D8107560B42FFEF0987F4C7F9CA045D03AA0D2BF9C3EAEEFD0C01AE0342
0918FA1D05860158FE81F65CFD92FE7FEFD4FAD9F73E1035F7710426067BF9F9
05640298FA270613F74CFD010277039EF644FBF6F5F4F655FCAEFB6109B01060
12DA0EB40554F7D9FC5A00EAF651F74CEE5F0FD310AB0125E6460300150AF57E
E638FEDE0083F6FB00C410C2F623FC6AFC69F394F52F0F81F898071F0D2AFFF3
E7180626FDB809460D9800D6026EF68FFDD50159EA21FFD6FCCF0F62FD470D1D
109DF771FC5AF881EF0BFC410C950640FD3307FB0219FF04F1BBF92B10D9EE61
00E2F077F1560D350B68033AFE83F585FA51089EEF5A0840F6F00932FDD00619
FC6DF3B307A3FFE70155F31DFF4F02E506E1FBA00422F8C5EEBFFA23093408FD
FD7A00490642F9CFF85DFE5C0CEFF85A0F7E016CF8A50490FE4E01D604A20540
0670092DFD68FAEA087FF88C189A034201A60A19F3F8133A0D4F02AE00E4FF02
FE82010100B1057DFDF705670527FE73FB46004605C40840FEFF0A2500B3F787
FA70FD31FD06FD8FF686F286F602F8730088072501CC0B47FFE7FA1006DC0BD3
FE86FD300695FDBB0D3EF16E01280915084C0CF6F2790E6F1486FBEC001B0B8D
EFBEFBD5080B08D403E00A3F1081FC7DFDE7F953FB7BF23601B1FDF1F549FB24
0CC90339F9CE0948F40BFCF7E8A7F886FC6CFC4AFAEF00A1FD630187076FFD62
099205560260FCD50410F5A7DDA0FC530165FD30FEC601A11C25FF4006D91327
FB050247FD5D017DF4400759FB45F9ABF620FD7807ABF369F4DF039E02D1F88B
EE62059DF75FFF0B01DEF940F430002403110DE40413FFA6FB0906ED0D9FF99D
F0DF070B010DFF51FCA7064F13A702F30B3606690853F75B00D1F724024FF65E
EFAF08AEFBE908AEF50A09E2FC4F023A0741FF9708AD01880176025B0231F918
077DF79DF9A2F8C2FFFB0222F02CFF3D03CB0218FFC4FEDBFF01FF2D00260148
0D7CFF810DAE0210FC22089DF209FFFAF9CC08112891232E059CFA1A05C7041F
F2EF094DF7CBFE2902FFF50C0CCD062AF7B0F97DF3C2F28406E00B28F731075C
FCD6F9D8F87BFEC8FBC0FB64017008ADFD97FB4EF7FDFE68009FFDA8FEE1FEDD
1685F0B9F711FA3E06F9101BF65D0937109E0EA1F4630E8BFF9CFE1508F5FD3A
15BDF87502B5FDF907B5FAED018FF677038A026FFA26FA61068802750035F799
F316013DFF860709FD1306E5F2E40474FA81FD560457FF2BFF000327042D0A6C
0253FB97FC34F81BF4370C49FAA7F9F6058308FDFE770E4AF314FFEA06AAF55C
FA0AFAAC03510223034E01DC017105A4053100CD009C0460036504AFFDB5F33A
F6610185FDFFFABA0A20054AFDA50F7108EAF1CEFF52F091048EFB72F69CFD9E
109505EBF4F30D8802B014FA00C40EFCFCC61BB30C48EC4D0AB41423FD33FE01
122DFBE1019707CE0BA70757F816FEBCFFA20C2801D0FEE30523024502F4FC75
F93AFC8BFEACF92BFB90042B06850BAB0190F13AF719FD18FFFFFDFCFC5E05B3
13B3FF21FFB0012606C906E901A00614021EFAA2F7E8FAC813F7058BFFA80164
FDB30468035EFD24FCE603C7FD7D017303420054060F046F0ACEFF18030205B3
00000000000000000000000000000000FD5506E7D547F44EFE88FE270BCB0AC2
000000000000000000000000000000000482FEFEF9B8078AFF4BFC8CF74302A8
00000000000000000000000000000000F6C4F67FFCEE08C0EE950786EFA1039A
00000000000000000000000000000000F6A1FA19012BF6F6F54B023FFED4FDE6
00000000000000000000000000000000F79402E503B4028602C3FE8F029AF938
00000000000000000000000000000000012CFAFA015B04D603420D6F07B5EBF4
00000000000000000000000000000000ED510B40F68F0113FD2AF3FEF53FFBBF
00000000000000000000000000000000FC4F017C00CB012C070BFC44FC7E0272
0000000000000000000000000000000001ED04B905910486020401460376F879
0000000000000000000000000000000009D7FC9E0183033DF75E068901FE0251
00000000000000000000000000000000F82F096F046BF977FE8B158AFF7F0224
000000000000000000000000000000000099FD60FCBDF64FF2CDF3A6024C1013
0000000000000000000000000000000014D404CA0685F7EA07AEF5CF04D2130F
00000000000000000000000000000000EE1EF62CF74E00C6F81FF9B30FD0F1A0
00000000000000000000000000000000F4450226FC77FA200B2AF5E8022D0106
000000000000000000000000000000000C6FF60CFB2CF62610000FDD0067014A
000000000000000000000000000000000CFD05E9EC03F5E8F70303D5F804F816
000000000000000000000000000000000298F2E105DE0510FD5DED3D0D030B72
00000000000000000000000000000000EE440766FF6E055DF16509A10D44F15B
00000000000000000000000000000000E7120622FF78FD8C125FF9BA0498F56B
00000000000000000000000000000000FBC20BEE0A54F9D01AD40B4E09D6071F
00000000000000000000000000000000E5FEFD06FF0E004C2013FD84F937FCB6
000000000000000000000000000000000B48F7CEFC3E11E7DBEAF4001388031A
000000000000000000000000000000000B5C0459FFD3059DF5A2066222F6F768
000000000000000000000000000000000CFBED50022309FFF860F7AC13DE08D6
00000000000000000000000000000000FD7CFADDF8390ADBFB02FE800974F7AC
000000000000000000000000000000000597FCB302ABFDB8013302DE02F0FE90
0000000000000000000000000000000000CC0071FD17097104030480005BFE62
00000000000000000000000000000000041CF867F3700247FB220079FDE2F64C
0000000000000000000000000000000004DEF583154FF181F8590249F358FBBC
0000000000000000000000000000000000BA00B0FA3C05FE015FFA98033AF5E0
000000000000000000000000000000000DA2FF1A041AF657159A0264F8FEF4CE
00000000000000000000000000000000DCC011C10D151DFD115BF60DFF6708A5
00000000000000000000000000000000E89F0EC6FF0EFDE304410065EA0A0113
00000000000000000000000000000000184AFAC5FCA3FBE0098AFA3CFF9EFAA8
00000000000000000000000000000000056508EC089E0489EAC2EF45F6CAFDAB
00000000000000000000000000000000FBFC020109D4039405F0FB5FF8F60082
00000000000000000000000000000000FCC90979FC74026AFD6401E9021A0A7F
00000000000000000000000000000000FDD1079DF75DFE3107F70A0C0A63F8CB
0000000000000000000000000000000006AFFD29FBF6047D0319FCE70870007D
000000000000000000000000000000000698FA53FB1DFDC5F132FB50062B14AC
00000000000000000000000000000000F2D505BAE424F6F516330A96170809AB
0000000000000000000000000000000008CCFD79F62A019B0259FB800844FCAB
00000000000000000000000000000000F71B090C02C6067BFDA6F268FF1E0092
00000000000000000000000000000000FAEEFE470F5CFC59FAD2F800F8A8FD89
00000000000000000000000000000000FB4FF736FFC0FF490064003D000107D5
00000000000000000000000000000000E92AF36402E00186FAE809C0F6E5183D
00000000000000000000000000000000F10A07B1F753101CCE010CC308550A2E
00000000000000000000000000000000DFAB0CE2F4570498E882F84AEE3114A2
000000000000000000000000000000000836EB22EAD3FFD3FA98F80A01D60EA3
00000000000000000000000000000000FE1BF18EEE9AEF48E47202E9142903A3
00000000000000000000000000000000037CF81906950A53F83AFFCDF8B60D6C
00000000000000000000000000000000FAB7F5DB030B02480A8A000BF691FD1A
00000000000000000000000000000000FAE7FD9DE8F4F8F9ED3A01D207AF04F5
00000000000000000000000000000000FE25F4C3F197FDF204A7024BF8AD1479
00000000000000000000000000000000FA20F63F06DAFFE2F812EC9DFD4E08CC
00000000000000000000000000000000F39BFF9A11E8085CE94B091EF46AFDDF
00000000000000000000000000000000FCA504D8102703B7F8E41188FA150069
00000000000000000000000000000000ECDC02E80F3E0B18F888FF090E0AFA92
00000000000000000000000000000000F5570DB0DEF509C0F87F1774F757FBB2
00000000000000000000000000000000FEE6001B04ABFADDFD7FF420FF5AFCE2
00000000000000000000000000000000FD1EF88EFF31FE8FEFA50112FB8E0021
00000000000000000000000000000000FE3BF68AFAC1FD34FE0E0178FDF2F350
00000000000000000000000000000000FDB5F485FF01003BF9C4FE5B07E20028
00000000000000000000000000000000FE04028201B7FF89F6BAFBF9042C0AA0
0000000000000000000000000000000006D4F89F0310F8F1FF7D09E2FBA20E9E
00000000000000000000000000000000FED5007C075C02C0FBA9FD2E014708F1
000000000000000000000000000000000B94FCBCFF30FD00FFB8FCE0025F13A7
00000000000000000000000000000000FC67F93308A1FC7A0A670710EEA603C6
000000000000000000000000000000000A48058907BC03FD0322FE07F86F121B
000000000000000000000000000000000D6F04FB000105CBFC0DFA74009A09FE
000000000000000000000000000000000BECFA43F54D03090A0DF8920B6C084D
0000000000000000000000000000000004B90980F32704E00737F9FC01F9082C
00000000000000000000000000000000FF78F2FF078904CD07BE04320162F932
0000000000000000000000000000000003FDF3420649FAF00A75F7BCFC0D0085
00000000000000000000000000000000FD62F603002BFFD6FEB504B4E9340D88
000000000000000000000000000000000818F6E3095EEF99064CFFAA0283F3B8
00000000000000000000000000000000FF78038B04DEF5AB093AFEEEEA32013B
00000000000000000000000000000000FCF0FF8110ECF938FF67F439F672FD7E
00000000000000000000000000000000FE8AFC30F3EA0052F2F2F573FDFC0D4D
00000000000000000000000000000000EFBF07FAFF030B98F09C0547EEA314C0
00000000000000000000000000000000097113D4FFDAF13EFF9AFDAFFB530103
00000000000000000000000000000000036304CAFF350AF702080A370577FE21
00000000000000000000000000000000FE45F9A90E64F012FF8600E8001300CC
00000000000000000000000000000000042704B70DCA09EC0E8D040C0441F002
0000000000000000000000000000000003E7F58DFC06FDFF0486015D0E7C0203
0000000000000000000000000000000000AFFEB0EB35FD87047708F4F0D40330
000000000000000000000000000000000810F9E8F6C9FC360345FFC5F6290891
00000000000000000000000000000000F4ED027604B404A3010F075E0E6F0146
000000000000000000000000000000000449FC88FE62079907190245FEBA032B
0000000000000000000000000000000000A5017F050201EB04C8FF6C0011FFA4
00000000000000000000000000000000FDE9F99DEF46F615E29008BC0202F7E6
000000000000000000000000000000000CCA09E0ED5FEE5ADA8F0691F811EBB9
00000000000000000000000000000000FC35E8B6FA29EEB2E75306BA00B7F49A
00000000000000000000000000000000F3A7082AFB43F021FBF10AD0F7240B7C
000000000000000000000000000000000674F407F50EFDD9FC3A13B803A4E6B6
0000000000000000000000000000000014EC03860969EFEDF4551354F1980608
00000000000000000000000000000000FC83ED47FE5CF16C051F00980344F857
00000000000000000000000000000000FEE4FCFDF91AFE0606E000B1E9E5F54B
0000000000000000000000000000000004EBF98BEDFBF852F40205B2011DFD41
0000000000000000000000000000000002BEFB23FD1F0422F56A0498F820FF2A
0000000000000000000000000000000002510534FAEDFD6F071012C3F6B4FAFB
000000000000000000000000000000000D7AFF9DF303FC2F0A8E07B2016003D4
00000000000000000000000000000000047BF673F8E0FE7FF9A1FFF7097301EF
00000000000000000000000000000000056CF6C5F903FCD2024A1456FB85F6AC
000000000000000000000000000000000171FE0CFDBBF71A0D02092805FCFD80
00000000000000000000000000000000FB6600D800F7FB51F6940797FD0906B9
00000000000000000000000000000000054BFF70FE28F779F79B08E8FD3707CF
0000000000000000000000000000000005C1F439FD50F9C9FCCE08EAFEE200BA
00000000000000000000000000000000F620FF14F963023606FFECB2FB3AF856
000000000000000000000000000000000340F131038E0038FECAF042F88CF24F
000000000000000000000000000000000398FA1AFF7BFCBC074B040B033AFB35
000000000000000000000000000000000090FF81EFA4FBFD071D0D24F3B70140
00000000000000000000000000000000FE5204D0F84308070582FA68028A06D4
000000000000000000000000000000000ADC0B54015604270B6A05D005C4044D
00000000000000000000000000000000FBB101FE034D0DC90AA8015FF5E8F631
00000000000000000000000000000000FBFCFC0EF495F22CF502FFCAF8A3F44E
0000000000000000000000000000000004ACF9BD0A3BFD6A06E4F7E0F996FD8F
00000000000000000000000000000000F9A505170063063C06C00140017FFAD4
0000000000000000000000000000000006130488FBA105E1F1A60549FD8E004F
00000000000000000000000000000000FCFC0A7BFE62058BFFDC021605E2FFB9
00000000000000000000000000000000F751F842F754FE7F0363086300E90483
0000000000000000000000000000000000350912FCAE0121F51712BAF928F3D7
00000000000000000000000000000000EC16FD93F839FDB10B7C01CB001A08CD
00000000000000000000000000000000044D120C03D505EA09070B1201AE059B
000000000000000000000000000000000B0B0A2FF8AB11F7F59A0C3BEE4C0A3C
00000000000000000000000000000000F8A81644082E0F77FA98045200A90D73
00000000000000000000000000000000097F07320B2A050F002BEDF9021802BE
00000000000000000000000000000000FAB1FBC1FAA3FEB0FF5105F9FBE7FFAC
0000000000000000000000000000000000ADF8B30768FF0BF418FED8FBD604F6
00000000000000000000000000000000054D0A200377F20DED57006C05A1FD65
00000000000000000000000000000000FE83F4461355F60F05F405A2FBD614D9
0000000000000000000000000000000004E90431F94007F60078EC8E077C0644
00000000000000000000000000000000032A045CF2C6033FFD95FB25F13D118E
00000000000000000000000000000000FFC80402025902ACFD22F8E90293FB43
00000000000000000000000000000000FFEB023CF6C80AA60C1BFE55F9F2F1B7
000000000000000000000000000000000304F9C8FBEDFA0DFC1C037FFE8A0251
00000000000000000000000000000000F3EC019C0AA4000F0022FD3EF4D208AF
00000000000000000000000000000000FEEB069BFF4C007DF4F7FD0CFD220AC0
00000000000000000000000000000000F8B108B4F6DFFADB1AD6151F04160123
00000000000000000000000000000000F5BD0D12FDE115112F51043DF4D5E7DF
0000000000000000000000000000000001AD0148FB67FB4E251101E502F1FDBE
0000000000000000000000000000000005BE0522FBF8FBE2010D0C660210FD3A
0000000000000000000000000000000017170607165FF9F29D94F60A0044F61E
0000000000000000000000000000000001CC0230F840FC771AEB06E3026800F0
00000000000000000000000000000000F002FF9D0043FCB0067505D302D8FC71
0000000000000000000000000000000002C4060DF93B0A9DFCB402A70691FE7B
0000000000000000000000000000000001C0FD1AFB20FBDA0329FC5CFD060015
0000000000000000000000000000000008AE02320AC6DC01F957DD93F2390CE7
00000000000000000000000000000000F92DF23C1843FF98F803F70D06B106D1
0000000000000000000000000000000006DFF38E0E31F617F330FD00FB9105C0
00000000000000000000000000000000021EEED1FD80DB35D2FC0EE00800225B
00000000000000000000000000000000E7F12A29009B0BFE0E3E114E12800CC4
000000000000000000000000000000000742011FFDD00AF0FA65FF6D0CBEFF58
00000000000000000000000000000000F4C8FC5802230505024B02D8F92901E3
000000000000000000000000000000000BA1F847FD09F986138C050F02FF02B8
00000000000000000000000000000000FD7E0691078B03860DBF092DFE350314
00000000000000000000000000000000004AF4B4F67302DE1688054DFF230204
000000000000000000000000000000001CEBFE0907D808D512FEFF870419089F
00000000000000000000000000000000FDD20B30F92D04F9135C0ADEF42B06AB
00000000000000000000000000000000F36BF93304DC029A0DED0716F8A6FD03
00000000000000000000000000000000033FFDFB063008211A37043C092CFDC5
00000000000000000000000000000000F499001005C9FD5202B203FCF9F5FD61
00000000000000000000000000000000FEE40A3FFD680A362775FDF6FD40F4A7
0000000000000000000000000000000004100006F84B04FFEF00080C04A8F919
000000000000000000000000000000000913065A016C0A1CFF1FFE1C03DCF57F
00000000000000000000000000000000F22D0B57F122F05E244802E713F3EFD8
000000000000000000000000000000000926029EF9960ADADD460566F80102C9
00000000000000000000000000000000048EFF53FD5D02290621062CF952002B
000000000000000000000000000000000E0103A3FD0803293659FDFC0CA5FC67
00000000000000000000000000000000F97C15FD0D731723E5CF01120232F010
00000000000000000000000000000000FA07FE720553019DF7D8010EF80AF931
00000000000000000000000000000000FC7303960F38F7B90983FC9AFD32FBC8
00000000000000000000000000000000F36D0980F94E010603F7FD2602A90979
0000000000000000000000000000000002CE001703BBF932FCA903CA001D018C
000000000000000000000000000000000778041C0501F8341336FF3DF2B0F8F3
00000000000000000000000000000000F7C611AA1ABC0697E1FC0BE707B61008
00000000000000000000000000000000FC5BFCB80AA5F3AB07220843053802F1
00000000000000000000000000000000FF9104D1FEF4055C045AF82BF50CFDE3
00000000000000000000000000000000031809540303FDD601B705A1FCF9022F
00000000000000000000000000000000FCB805CF0229F83302A80035FF1804D2
0000000000000000000000000000000001D304440572FED60DB6FB08016F0771
00000000000000000000000000000000F99FF7EE0D7BF1C809EE031FF67FFFC5
000000000000000000000000000000000B02F26FFF6C00A5F684F8BA0031F9F3
00000000000000000000000000000000047B064FF3B3068BD43CF43701D00877
00000000000000000000000000000000DAC5EF41FE74EAFA1C3D096B0B57F7E6
000000000000000000000000000000000A35FC470167F9FE016F06E60553057B
000000000000000000000000000000000201F8FC04AB00D7F9E7FFDD065A049A
00000000000000000000000000000000046AF9F2F94B022DFA1EF6B60C25F8FB
0000000000000000000000000000000011B1FF65F83A079F00120275FF8CFE4E
0000000000000000000000000000000003DF02F1F93402860C6807900166FB2B
0000000000000000000000000000000009400076031DF8261C21FCD9FF90054F
000000000000000000000000000000000599011A0382FFDD03DF04C3017D0880
00000000000000000000000000000000154B13FB078803B2F47A0271FDE4F599
00000000000000000000000000000000ED2DFEC506A602D23B1FFE0203BCF746
00000000000000000000000000000000EA97FDBDFEE8FFEF068C046E0365FFE5
0000000000000000000000000000000002E5FAC9FE5CFC90F95AFE37002DF168
000000000000000000000000000000000B4D0315F8B60467195301D7FCAD0014
00000000000000000000000000000000FD5B0485FD7E026A08B10101FE63FECF
00000000000000000000000000000000E499179EE2E1F6A5200012740AEFF6F0
0000000000000000000000000000000018B6FA3CF4031D3C018EFB6507100EFA
000000000000000000000000000000000259047AF7D30541113A04CAFD81020A
00000000000000000000000000000000CCE5F8A0EF9B046BA195F59CFE1CFAC8
0000000000000000000000000000000011090B94FD661798F1CCD6B8EBD7FEAD
00000000000000000000000000000000FFA9052000DA0244F798F80C060B044B
00000000000000000000000000000000C9D00C4EFC3B16B61B40FBA8FE220255
00000000000000000000000000000000F7E2EEE10B45F0550BC9F0A8FB6BFF26
00000000000000000000000000000000071401D2FF6DFCD2FF97017F02DF0430
00000000000000000000000000000000FFBC029A12DAFEB70DDE005DF4A7F6A9
00000000000000000000000000000000056209B0EEEDFDDE06E1FE3006CAF6EB
000000000000000000000000000000000130FD1AFB2BFFFC01CBF40702C001C6
0000000000000000000000000000000011D3043AFFC60A0B041DFA2EE8FD03C9
000000000000000000000000000000000136FA8F03ECE3391C4503C30A70EE2F
000000000000000000000000000000000ACFFFABF60701E3E303F80B08D1FCB8
0000000000000000000000000000000006ADF53A01FE031A03DA014A071BF833
00000000000000000000000000000000FBC7F687F777F8D1011403E7FC140708
00000000000000000000000000000000FA6F04B704EB0BBEF063F689FF2B007C
0000000000000000000000000000000001F4FDDDFF50FD980AFA04E5F856FDA3
00000000000000000000000000000000FF0304A502AE0B3808D702EEF893F885
00000000000000000000000000000000FE5BF24F02FB0AA51991FCE5055BFC1F
00000000000000000000000000000000F9BB0F87FC350755E54505C70B1602B7
0000000000000000000000000000000004BFF17500F7FAA3E61EEAF3F3EE08AB
00000000000000000000000000000000FC5E024407D106C3FC3AEF3AFEBD07D1
00000000000000000000000000000000002A0B17FD280113EC6902A6FCC3017F
0000000000000000000000000000000005E11154F925FA24E47EEF69F8440D18
00000000000000000000000000000000FD0406FDFBD1FA5BEB05FE17057CF8B3
000000000000000000000000000000000807FB250FBBFCF70546020C015AFD2D
0000000000000000000000000000000005450604FF79FA830507FD7FFCC4FD30
0000000000000000000000000000000008B0FC510C85FF5CFFEC003CFF9B023A
000000000000000000000000000000000207140A13BBFD740604F32803C7FD58
00000000000000000000000000000000FEF20684041509B407860B620985FE0B
00000000000000000000000000000000F45B09221513FFC5078FF9D100B5FD30
00000000000000000000000000000000052303630771061004BD011303B4F705
00000000000000000000000000000000FD4A09ED09070247F13AFD70FB00FE46
00000000000000000000000000000000FD5B092809B90514F779FD420136FF6E
00000000000000000000000000000000099BFB6F05AFEB0C054F008AF908FAA4
000000000000000000000000000000000DA1F7C00A0103DDF5DFFC2DF6B80657
00000000000000000000000000000000FA74FB680510FD69FFEEFE3B035E04B3
00000000000000000000000000000000F46A14F2E938053715FA1DF7DA2FD1E4
000000000000000000000000000000000BE215F0EFFA0015031812EEE8D4EBEA
0000000000000000000000000000000007C0F790FDE00433EFEA05ADFD30F251
00000000000000000000000000000000E004E39BC575FC1E227807F2D5D5F38B
00000000000000000000000000000000FD590C55F792131102570B88F03A1B27
00000000000000000000000000000000ECC6FF26FE8505490C0FFE2E077003F4
00000000000000000000000000000000FE7CFB89F97B0071F4B1F8CCF2D8FDBB
00000000000000000000000000000000FA6D0044F0EEF665F31E0227F50110CF
00000000000000000000000000000000040BF8B3FBF2FB16FA1C049C0052FABC
000000000000000000000000000000000745F6EFFF2BFDFCEF6AFA3EF8AF034A
000000000000000000000000000000000406FD320456F879F27E00B9FB9F044F
0000000000000000000000000000000008F20678FEA6FF89F9B3FE2F0367049D
000000000000000000000000000000000001F96F057AFA3FFF92F625FD12FCD1
00000000000000000000000000000000026CFBDE0910FD280355F47A0052FBFA
00000000000000000000000000000000FF76F7E70428F793FABDFDFF014CFF6D
00000000000000000000000000000000056A0612EB220B9AFEAB0528057BF1E7
00000000000000000000000000000000F977014FEEF80AE6FCAEFDC40BE60BD1
00000000000000000000000000000000FD0B05EEF3B30685F527FC6AFC2F02F6
000000000000000000000000000000000286020600A2FB2E082F0E3A075BF782
00000000000000000000000000000000FD6CEDBC118A056304730C4BF2FAFCE9
00000000000000000000000000000000FC76FC0308A80AA2FE0D0B1B091B0823
0000000000000000000000000000000002590291FD4F075EF48AF601FCB6002E
0000000000000000000000000000000011DE039306F4046E045502850B05EFA5
000000000000000000000000000000000755F6080AF7FB08F7B3FB62FCE4FB5B
00000000000000000000000000000000FEFEFE3B02B0FA3DFAE30A51FFADFBDA
0000000000000000000000000000000003E1F25D1438FC93FA410A110429FB54
0000000000000000000000000000000002DFFAE909D5FA4806D7FF740A46FF43
00000000000000000000000000000000FEA5058CFBF0010FF705088107F60F8C
0000000000000000000000000000000001B8049206F816090B2DF0B8EB5EFC7C
000000000000000000000000000000000388F152FE3FF94D0A8C07EBFB94F65C
00000000000000000000000000000000019BF64DFCCBFF2F127904EC00E7FF92
00000000000000000000000000000000095FEEB6FFB7FA1714C1F6F2FCA3FE93
000000000000000000000000000000000557F454FC90F8CCFFC2F9ADFC2E0709
00000000000000000000000000000000F8E6001F00EDFEA5FCC80441023F0447
000000000000000000000000000000000624F615FFB9FC6E059EEFA10A570717
00000000000000000000000000000000F3B1F6B70521FC28120BF562FB930231
0000000000000000000000000000000002D7FAD009F50BEAF321FD380A96F318
00000000000000000000000000000000F6BF047A02DCFCF60D5C0B78070AFAF4
00000000000000000000000000000000007DFBABFF830354EBD403E602C602E0
00000000000000000000000000000000F44BEEDEEEBCFEBA06BF0CFA0971F47F
00000000000000000000000000000000F73E02D506970B27F862FEBB0684F193
000000000000000000000000000000000BFFF86D0B4A054AF770F8F00298EEBC
00000000000000000000000000000000F8690140FC51FCE4FC37032FFFB20114
000000000000000000000000000000000C64F98D09040A82D912F7440A20014B
00000000000000000000000000000000F85107C4FA35E91DF54CF163FEE2F3F0
000000000000000000000000000000000B440922FD0E043D038C0541084CF812
000000000000000000000000000000001BB8F8D7F46FF846E32CEE0A19A604A2
0000000000000000000000000000000012D41E13FCDBF3EFE57FF3C0031BEEF9
00000000000000000000000000000000FD52FB1F06D1FBCBFCBB090000910384
00000000000000000000000000000000005FFADAFBB30184F3FF15121A900DA1
00000000000000000000000000000000FC44FF120790F136D4AFF5EF0039FCA9
000000000000000000000000000000000398058409D3FC61FD46FAFC05310883
00000000000000000000000000000000FA740666F756FF0F028EFDF0086CFB3E
00000000000000000000000000000000FFAFFDE0013D0263031D02A4FEC50175
00000000000000000000000000000000FC2BFB2DFA87F69D0758FF4C088E0267
00000000000000000000000000000000F4970E1217D708420C720C1DFBF8F2B8
000000000000000000000000000000000841F929FDBCFE2502C2FFB902DAFA3A
0000000000000000000000000000000004F201BD0038FAC9FAEEFE66FC9D044D
00000000000000000000000000000000F65FFC72F345F5580B49000C07ABFEA3
0000000000000000000000000000000000A9FFEC0498FA9105BEFF36FF92FD79
00000000000000000000000000000000FF7F027A0EE4FB040E6DFC8104550701
00000000000000000000000000000000F38FFA1F1436FE3612A6014E03CDFA40
00000000000000000000000000000000FC29FEDC0D8FFE10FE45012A02810876
00000000000000000000000000000000FE510549141109E2105BFCF3FC800074
00000000000000000000000000000000F8D102F307FFFE0008ECFB1CF9A5F566
00000000000000000000000000000000F6C2FFC715DB02190D5BFAB1F9560068
0000000000000000000000000000000002DE02E5095F04CBFFA2FE9D0378FC3D
0000000000000000000000000000000008FBF8AF0639FF5203F003D6FF18FCCA
00000000000000000000000000000000028100FB0A6EFE4CFC54FD930403FF2B
0000000000000000000000000000000003180761015EFCF20860FF15078BFE64
00000000000000000000000000000000009BFC36F98A021B0AF0FCE9FFF5FF0A
00000000000000000000000000000000097201D402B6FF4A00E000520044FF78
00000000000000000000000000000000F4B5026C0329FF2104F4FD48FB8BFC99
000000000000000000000000000000000ECB00640CCC04610577FA6C00C20F0E
000000000000000000000000000000000292FE1701A6FD0008DFFE46FD3D0298
00000000000000000000000000000000054407A50646FACBFFEBFD7F00D2002B
00000000000000000000000000000000FE1003ABFFDD04100280FCE5022001E9
000000000000000000000000000000000357FC6800E0FEC8FDE5FC4FFFCDFC26
0000000000000000000000000000000005300260F3AE038AFF5A0195F9F6FBCD
000000000000000000000000000000000549FB52EB6706480ABC02CCFD5105A7
0000000000000000000000000000000003A40197F78E007BFFD5007B00FF02AC
00000000000000000000000000000000FB1AF457FDFBFC45EDB700A4FA3FFEBE
00000000000000000000000000000000F53AFE7BEEC9F22C0158FD1FF4FEF8DA
00000000000000000000000000000000F5BEF505FD8FF72CF523FD4702BA0AA8
0000000000000000000000000000000008D7007612A5FF6AF786FFBEFE19087C
00000000000000000000000000000000065B00F20E9AF629F1810C32026A0698
00000000000000000000000000000000FA84091A0DD3FD99EF48031404431234
0000000000000000000000000000000001BF007F007EF9AB0A11FFB2FB5D0470
00000000000000000000000000000000FA78F130018405CAF799FF51FCD5FBAA
000000000000000000000000000000000A9FF924FE9BF5E805CC02C6001403EF
00000000000000000000000000000000013C137AF14AF20AE334081106B6052C
0000000000000000000000000000000001C204DA03650C51DEEAF9EA00BEFEB3
00000000000000000000000000000000F5CE050EF74F0082D865048E0D4C0CC7
00000000000000000000000000000000F9CEFD250234EE8EFC04FCA0141A03E3
00000000000000000000000000000000FBE202E500A914DDFC4A1AAD0E71F9EF
00000000000000000000000000000000F646FF26F1D80286F81FF834FB94FC02
00000000000000000000000000000000E4F610CC01FA04AB026D069D005AFE30
0000000000000000000000000000000000660D05FE970706EC11036F078D01F8
00000000000000000000000000000000F66A093AF7AB02E1E51502A8FE84FE92
00000000000000000000000000000000FD240D28FCACF9C3FB50FE8F0A4BFB7F
000000000000000000000000000000000E5600AFF5EC0B9AEC00FDB102F11184
0000000000000000000000000000000003B100F5043202CCF06A0704FE8FEF5C
000000000000000000000000000000000A600318FECAFF67018D0C2E0617F131
0000000000000000000000000000000013A60D2FF9AF08D4EA02F9FA01620258
000000000000000000000000000000000A5BFFF8F9650103D1130563FFCA0169
00000000000000000000000000000000F9C6FA3B04EDFDDAFC63FBCD0998FE0C
00000000000000000000000000000000FF280E34120900EEFD4D01F301CE0E56
00000000000000000000000000000000EF9FFCB30C1D01EBFA61F845EE5009D6
00000000000000000000000000000000FCA0FBE7FEDC0226FCBEFCA50842015E
00000000000000000000000000000000FB5705EAF178F1030D3DFDACFD00013C
00000000000000000000000000000000F46AFEE5076006EAEF31023DF63C1037
00000000000000000000000000000000FBD2FE90FE4602250464017402880690
00000000000000000000000000000000F8750666FD9E0042097F071EFBEE0C9D
00000000000000000000000000000000073CFD66FBD806EBF433000F0406FE31
0000000000000000000000000000000002D8FE8AF9A503D3001EFB12F9D9FCA0
00000000000000000000000000000000F85407B1F72EFB3CFC880B5C058B07A1
00000000000000000000000000000000F57E07FBFB6A02F5F7B9FB5AFD1BFB1B
00000000000000000000000000000000FE0CF4B4030907C002BD0325FCE40FF5
000000000000000000000000000000000ADD0D78F201082EF2370119052E0C06
000000000000000000000000000000000096FBB104A2033DF1220462FC9FFC45
000000000000000000000000000000000F62F82CFD98079707180068F98D0F94
00000000000000000000000000000000FE42036909A6086303DF0346029A0C76
00000000000000000000000000000000FE0D05A507A60320F5E0FB58FC7202E7
23EDF501073CFEA6FD63003CF223006BF3491B22FF15FAD82BD3003FF735FF6E
FD6B0393012C0BFC068702A2F8D3FDE4028B016C06B9F1EBE4D40388E952ECE7
0B44F64103FFE6D0F83D0392065FFC8803C90F4BF84DFF3D107D130EF6A403BD
04850238FF870A04FEBE0685F25209CF0435FDB0100BF8C6F936046DE977FC7F
09AEF993FC9DFCCF0A9408A3EF2307FCF6D4FC94053DFDC4058AF95AFE77F598
0FC30352FFE7FA14F9DEFF9DEB82F99EFD58FD370E8409D609E80DADFA1420D1
1624FDE4FCB0FCA3011C025EED99FAE30B91FFCE0681FB2B17B5F6AEFD49FB28
08AD09DFF8F9FBC5FD1E0883DE420472FC2F0E430701FBBEFB5B0052F47BFD92
1F5AF2AE0A77F75407E0FDD90174F96CFFC7F774F741FA5AFADFFB2DFBD301D3
0A2DFFFBF9F00EA8070700BCFE2B11B6FBD307E7173DF961FDB506D2F1B6F998
0EFF00BCF33119A20092F5D7FF19F7EFFD1B05CA118F03A7F5EBF6F1138D0470
F633F6B410F20A310322045D08030322F126F5B7FF6C0A5A0C410E9DF338FB01
03A90097029C197B0EABF8BE030F0A3EFE83F5ADF4C6EF6600A8FE38073DFC28
037FF7EA038617B4F5D60636FBD7038B05C202D1FD7A04300895006AF6A5F3C3
F5E800F4FE981186FF58036CF2C9054E057413E9F0A5F59106D6F07A020DFECE
085AFC1505650244FA9BF29AFDD2F8A3081EF5C60586F742125603AFFC4CFC46
FB7801D3F5DE022E0CE20652052005EFFDE7F59403C904F61169090909F6F5A9
F232F6AF094110DA035F036EFC29FC58FA3DF84604CC0031025A1000FFB5FB14
F11801B4F95A19670DB2FF200952FF7BF191F294FDF5F2C106C2FB110256FCD4
0EB9EDC0F2C9F77DE7F4F7FB04D0FAC6E0780B150725FC1CEFEE070001770D3D
0D3A0AF4EF53F756F70D1698024A0CDF0726FD1A1786079BFD0AED55F407E5DD
0CF5029C0F251222F919EDBD021800A7F305FEE3FA13FC780DD608B1FB3703F6
00A8FFFA0388F9D5F0FBF9BC0591E91605DCF69CFF51FF5DF6C90BC0F6F300DE
0F4C0875E1A50F0EF585FE1BFDE30B93FA5008E51042FCA1FC02FE510DEE08C3
0DD00A0402370B23EA63FEDEF2900A98F78903C3F97AFE6A0019FA60FD6BFB2F
1127FD04EFC5F71C0724F8E1F72A0BA7FD390C700F9CF69600FDF237FFB80082
1610FFCEFB140E68F94707CAFF06158201E8FCB308260B7CF99F02020A2506A0
0EF5FD49003F0535FE6DF240F76BFE53F74EF3D7F4D409C3FA80FCD3F813F011
1095F9F3F9980C67020C11E90314019501130A8A02DAF479E9A8EF30FB74FA4A
0CBCF612048C0B20EA99024204D5F567F662FD57F9ED0EADEC4EF7C9F3D10069
18BC0702F8B8F9F6FC5FF2A4030103B1FC25092A02D70049F91F0BC9FBC405FD
1030F647F1EA015BFC82FF4DFDDC1CE90A0F0BB8003F076EEE3B0676FA8F0790
1FD8FA4BF4F7FAEB0024EE4DEC99098F0ABB05ADF983080D066603F103B8FB1D
FC2FFAB50703FB40FC0C03F0FCC1094502B30A790E5FF662FD0401B2FFA3F696
1752FC41F954021EFD85FE1903E4088504EF02FEF988F622FDBB08020155F5CD
158503B70709ECFD04A7055116DBEDFCF33FF5710889F6DD0A760A2403E0EFD5
08B4FF8AF8010B17F7CA00640BF803D1F873FD1C0545F794FAE2FCBD072A044C
083CF0CDF88104D2F65F049F0610FF6A093CFF41FD61F38BEDC0FCBCF90DFA24
040008E9049EFFB10226FDAB075A0AEC07360BDAF6F8FEE5F5F002C200F4EF96
03A7FCF2FC430D2EF488FB83052D0E0D00660172F92D065003240332FA16FB41
10A8F12CF58CFC5BF32E05CF0BAB0A15F89811960183030202B1F47B01C0F95F
11BFEF4208E4FE99EF7CFD8507E10493011205B9F80F095201F6F95902FDFAE5
EBDDFBAB0B8FEEAAF4D10E1700CE01740978067CF62FFA4FFCC0F7980924F8A7
00F1FE5CE44BE95EFB15FB49F31F0D42FD84078E0266F656F2CFF966FB3BFC4D
FE7F00C50B59FAFF0063FFD6F78D09C2010D0404F464FB60FFA20E5FFE51F259
00F6FC710509EF43062EF2E70173FEDFF76203A7F3AFFC2F0170F870F87D019A
115F0092E68509D4FABF12E5FF5408F006A7FDC3F82EFDD1E561FADDF88CED2B
061E1C3206D5FC86FB8CF278F0DB051C02E5017D0278F849ED210DA4070CF452
1498EB020F650708081AFDA405F604EA1403FB7A07DEF8F4FA4CFE40F6ED0435
094DFCDFF395FFD7117AF6DB026DF6B2F018F72FF46610A7FD4EF7F80AD8F161
1992F83E1176FA1DF691F1DB004BFE3CD22702F7F3AD0F06F58DF55AFC630EAC
FF4602F3D9DD02ACFAF8053B04D7FDC8F7FEF31713980379F4AA0832EEC40F64
F2680DECEF1D032A02A903890A580D3909B2F83B03F3110F043A1010ECFAF834
0DC904B60DA70AF2F97D0DE8FFF8E7E010250154EB39F357041C04E5EBD2F44E
F4840088EF7A050F0946F2F303F0FA350F02F931082C0552046DF4D902850FE8
081206040950EE9C0F26EC88E2E9FB53E186EF01EBEA1CDCF3170C0910ACED88
03F6EEA3083AF888F5E7EF34FEC410A60F54FB7B1694F9F8F892FBA121BA1718
0589F9E0FAAD03AE00FF0281FAD5F9A0F8A1044CF3170D5DFDA9FC9EF209FD12
0A96FD9D118AFA1A0DA6DB50152BF6DE06CCF898F98AF4C8066317850454EBE5
111CF5BDF79BF4A60044166211A0272E254A0A80274CE894064BF40308FA0D73
1B53EFE8FD63040E010FED850F88F710F6C9F697EBCDF862F88DF5640E9B00E9
EFC6FF4509BE11F2F79CEAC815AF06EEF284F0F3EFD30CDB10CAF6C1139CE572
0BBCEE8EED32FC810D700765D5B2229B14B00D3B1D51F0D1F52AE60BEEF20467
0144072D02C60BD11387F0EC1D27E74EE58FEED8F8D40AADF45803C204A709F4
FD2304E6FCC80553F1560C65FEE0007203BBB87108A00547F2B5FA21FC8AFCEA
066014B80807034F0855FC8DF422FE3400ED3322F9A60372ED3206B7011A04FC
0F0C0E6EF7A0FCDEF55F08B60200F70F11B9E0560CEA024FE639FAAB02280287
E1050084056101640BE0053D0009F9050401E657F1B706B3F2AE075A053CFF3A
026504F707920DDBFCECF16F033CF5E1F1F1E08AF70A017CF6140717F59C0627
F9C00C2BEC9412B10352FB6A044106060450EE421C580338FD3AFD4600F6FDA7
F4E308260BAC08A60C7D08540708011FFC07F94FFC99FE5EEACF0760FDDD0604
F5650CAA0EB900DFEE92FD6C0ACCF9D600E905B81183FB2906C70B76052DF7EA
DED50339FD63FD7C05D4FC560E15FDD9FD11E4370A25F9650BC105AD02B504D1
0671FAC0EFAC05E0EAA3173E06A9050E0B9E10D80658EFF6E7170034E782189E
1623F952103F00C8F39C18791221FA82F5F6F75DFDD5E4EDFF5D0D9DEA550AE8
2219FB12F619F147EE57FE5DF83F0730139C05310967F97F04D0077CFD12F962
0990040AF874F82CEFC3EFFCE01C0C07FB18028AFA71098CE9F9F5260DF7FEB5
20BDF11018940064FA15374407B9FFBFE35DFDD01099F7C30CCF01EAF8081E44
1352F2C3FA2AEFC4051AD26F0E49F2DAEF3FFED307EA13C80A460FA5FA080256
0A46FB68059FE9780FF4F72DFA8F079204FE024BFD3603C8EEB010E8FD21015B
15500963EEE30466096D0E8302B70D7B127A0DC320DF0088155DFC7EEFB90B2E
084F075A10D4F6AEF30B02E6EBD004D8FF7A0A6FE876001E049604DE066800C0
185DEBB10A27F34D0055013008DAFC950338F95000ED03640D3DFDDAFE210BDE
207AFD32FFBE011CF64A094D05C6FFBE10070491FEEEFD6A08BA01CC062305B7
28B1E9AC028FEB2E028DFE9BFD53FC290292FD720748FCBD04BEFA5C03110104
0D4F0CF6F7B5035A0817FF1402B6FE31FABD01B702F509F90F41FD2DFE940A5A
19DC085AEB682B5B0048F73BF33812F7F21FF248FAA218520A16FFE9ECE5FA68
10C508E505D218AE0741F6B40027F319F5750D65024B110F088202BB02CAF70C
0D53FB3108A7064102BE01630428EECD0677017604700AE60AA40323FDF0F1A5
23AC0CBE061E05C3021404BF05AFFF10FF330105FFCF07BEF2A4FD840458F91E
FEB9DEE1019CE55BFC410DE3F782FF210C7303E30263FFFFF24A02EA016001E9
1BC303950103F18AEF5EF1DB04E2F11C01D50FF505150990DD1BFE570BAAFDDD
1175FA8207C5F23703430AB4147C0DA70408093F012902120278FF050345FE6C
1474F8F00DD0F5CEFDF2FB631295027302000FF9F16001A9FC06FD0DF703FC64
240DF403F2FDFF1601590F54F9E906C2FBCD0ABC0D020595FEBC07B1E91B0661
1025F52117E9F647FE19FBCBE5490879F3870E5D02C6F996FC1402C7F95D0A4A
18EFFF94FE1BF78DF887FF41E8C00AF617970D62ECD6FD470BF5048A04EA040D
163002BEF3E4F0C5FFA51190FA01FC4FEC0D0E2D10ADEFD3032BF903024B0524
1E91108B144DF57011BDFA1AFDA6F51E0603FF59F633FF22F91E0CD311F009A7
2325FBA4F36E0506F7AAFC9AFDBB0642FADB024BFF32005D0FF4F3AD0838F661
FA1BFBB6F0E6FFA3F251F5E6EC1313DAEA86F87FEA4D0107F86D03C9EF1E0123
063B09C9F863FBF7F4A5FB5EFA191316ED93FA29EDFB07B20DF00059FDD30ED9
0B51FA9AFA6803B7F6D6FCA9E31D0F06DEEBFEC3F96CFFE4036D02EFEF3C077F
FF2FF996059404410044070AF2E3FFD106710077F8EDF4F40B0B00C0E55AF77F
2BD30C850CBDFB53F7E6FBFE0C78E5EDEE8507B3026104B6F7AC07D112DF0183
2C2CEFC7FB99F8F209A90B07FCDF0A9E0288FCC104D4FCA90E7007B5E331F7F1
1B00017D0591FB01FF61FC80E1890588FB25FDB3DF1E0633145309E302C100AD
1032FC4EEB2302F5FC8502FEF6E50637FE3509E1EC730CD7FEEFFD0FEC3D1206
15920717FBBDFB29F7BFE5E8E01E08ACE70AFE78FB210021FEFA094304AC0583
21ADF888058C0E21F847F6B8FCF308F30000F1BB013805EE05C9FA06FCDA032C
279F00D2095004D5FA980B31FC4105D80609FCEC0708036CFF68F9120706FDE0
2A3E0624079E0860F6F5053E031807CC0065E538FB1507F6F7E1F9E7FF1B0662
D09BF53A0DE402AEEC94FC71037FF1C3F162F6E10A1CEC93098EE21C03D31037
CCA8EEC406E90F0EF536FC9E07FCEE2E0787EDAB09AFFF68000B0BAAFC751F8B
C4CBF741040CF57CF346FF6C030FF9EF0486E9770052F8E4FDE6F380FDB707B2
C8D70166ED5BF94DF7AA0407026C07ABFC81E58705140272E953F5A403900100
CA31F5D405C0FA9E00DC007B0AAFFA5106ABEDE6FF1209F3FFC9022002FF0892
B2890BCCFEF6F725FD1004A10671109AFB32EEB9F60DF859118BF17402270DB9
08EFFB19039DF837FD5601E4027EF915FAD30582FA3C0173F744069B063BF786
130509DB00A70A07F127086E0D5BF4C6FB92F5DF0AD8EFB6FB00026A19FF08B0
0E0D08BE046D104CFE20EC120C82F26DEC930638ED150A72FCEB107E0C41FF38
059900A3176EF8C5FAEFEB0BED3106E204EA00D0FCDAFDA3F996F456F86909B3
0DDF063FF1501349F5B90734FA33101DFB3D00911EAA00B2F2490A59D2C01C8C
0EAA0798FEAC1EB8ED4E0679E8A80FE02699109EF6D5193F10D5025EF31BF0B9
EC7CF4790EBAFDD4EDCD038C022AE222F74BF318EF7BF60A030801F70C75035B
0619041CFEAB0018020EF4B50FE70475FD5EFD7924A1F1ED072500171528F748
11ABFD1FF831FA06E91E056D015DF3621112FB83F15F031AF7C20DA6039FF6F3
0703F8490154EE73F5E2066E03D0011809B609FBFEA0FC62EFA6046808310B59
191300D70D13E8E5F2AFF4D4FABBEEEDD704EC4AEB3C045C05E7014B0CE0113A
06CE0554F1730765EB830F2FECDC0ABD016AFD0908ABFC10082F023A148CFF92
1482F9DCE6800E5901171B8408591A1A15C60FE91B3FEC84FAFFEFD7FB880062
0A7EFBFC2D25FEC90A37FBF1271DDD7B036A06D9E2E202DEFDB604D1FAA6F002
0C041064FB8AFE3DF3A506081044040B1432FF9E0116F4C2F4FEFE71EC76FB70
1AD3FFE7FD9B0384ECC41252E95318FCF824FE5814F90554F70BF91503750E4F
1D0CFC2707DB043701E6E463F6DCF4B1F38DFF0FF55BFCABF890FA1E090FFD97
0D66F241F76CFCF2FC570919F27D065F0215FE060BAE028DEA6D0974043C0419
1EB7F5FE05A803AF0FE1F4DBFE4FFC66FE6703BEFC36FDFEED76FF63FCC803A6
57A1F71CFBB4ED59FF8905FE00A60A1FF9AB029803C4F63316D5FA15018305C5
62B90B6B03540581F13EF77BFB53048C071A0488FFDC00B00850019A061BF67F
FC2CF53D0984F94CFB1DF9ECF9AF01ED0350FE23F49CFD800204FCF806C90952
370E13F5EC6B048DF8D30ACD09E2F473FA97FCF10A8DF5A806CB10400B8CFFEB
428FF6F30C9305F510C7F8410453F8C2F86004FEF707FC9D05DAFA24FA3F0070
F92FED7B04F7FF9BF8C3FEF9013DF312FA8C049E0647F8D00249FF6CFC7AF58B
38F2F5ACE8131B91FCBAF046FAF40E11072F03FC065A0B5D10F104C5EC1A02A0
417E10AF019B0B4EFE67130AE486FFDDFCD6124CF06DF3AD0368049FEC0BE47F
0BE202B203830DC3EA17FDB90D3EF611022602C50084018B01980D49F7CEF637
0FBB0A3CF30E00AD09291414066C0388053AF8A60485094D03F20B78F6DDFAB5
0B43095C1B5FFB94FB61FE320852F3B0F65A0A5DF1C409C2FA1601E70367F2DF
F91E079CF8A4FAB50316FB990DE1008CFE6505D80188F09CFFC8FDF4FFAFFF3F
0D010C1CEF1BFAF9F735FA49F39CFAD901540A33F9CFF216FDE5F434001FF7CB
0B060D53FAF70582F2BA13AC03611098FA060BE8F31AF805FA740019F5D3F41F
E3D20059084CFEC7FB20F79AFCA6FAB202EE016E02FA01B0FDE90A2F03B9F66B
070E0BACFF7D07F40962FB2A0152042E0378FE7F07E703690927012BFFB90D48
0291FEDD050C0205F8C2FEDEF059FFCAFE180833027F05D40A6106D50BFAFD66
0288FBCA01D0FADEF515121E057807890BA1038102F1F97FDEA8FCB3067AF6BB
022F0C060BAC07AC03AFF41B0616E9CEFCAB08C004E009F70A4300A4098508E9
028CEC010100ED40F33BFC6B0A28EE6CDB62F485FE7AF3871E8DFDA80E43070A
01DA02AF05DDEDA10832F05C0772FC33FA7E03BE0E9CFDBAFB3B0D0C0586FD28
1797FEFEEE680D3BEF92ED88E19B0BCC1A361203124FEF51FFB6EFAEFACD0FE3
0A24F88110F5FF8607B7F8B105DE10280DBA0D2BEE4BFEAB034408CEF70C06C1
08960AE80D6EFBC6F8E611A50E64027DFEA8023DF7FFF97DF81BFC8DFB5CFBA1
18BE0901F47307E7F15DF7CEFB02FF7BEF310320FD8400081246FE5013EE018A
0ED1E92D06B7EDF4F04802A9F80E02D5F44DF742FECDFE0DFE12FCF907BFFDFC
178DFAF001E9F4781173E51DF37BF2020856EC78F9450A9EEEB613E503DEFBE6
1A62FB18F25D0E9BF3B20D14ED3E06FCF8E1EC77F74AFB410FFCF760FA1B0919
1837FE3FFA73F333094E05B7FA080BA9FB35F16F0528F3C9FE010582FD09FB05
07EC023C0BEDF37EF2DDF82AF89D06910807FAFCF81BFE7EE38A060CFDEF0C25
01A20E2C0576FE81FD180BBCFEACFDD1F67DFDE1FAC2F14BFB540B3B0BAE1A9F
FEF20665E728FA56066619F1FEA6F61A0499ECBA0EBFEECBFCB10AFCFEBF0593
082EF75C0E41092A005501BC03B2FF700066FEB6F822F692EE940D060712F505
1D34036C0CF9F8E3ECBDE87F0CEFE3FC02A7F3A9FFA60ACE08E60C4A08F51096
03D3F2AEF4C8FB180050F6D30A9D0B3DF7BEF48F0574F3A5095E081E037405E0
FA5406F605A6FA010639FFB1FF18EFE2F8BFFD75FF88F7D90E38F4FB005FFD0D
1720FA7FF90A04A7E7B8F153FDC2FC6400CDF8A8012100EF04A1018B04B3088A
18B7035FFFCE036BFCDF0BCF017AF5D6FA9801C806B9FB73F46DFD2FFC8CFE7A
020B0B3F0833005A0146070BFF1EF111042CFBD50384FB5E0D0A0A06FD72093D
3DFA08BA099B0A85095E06C7093306DD06D10B5017B4F3AB0B6BFF830668FA39
25BE0934FB5700A5FE140845001BF88100B6011CF8B502D7FE95FCD302440978
162100C3FE0A16F9EBD700A80711F487010BFF9203E8FB6110A402C40272FDB0
3BFEFCE005AE0DC30084FEEE017E03A5FC6C0991FC0DFF740424FE1F03BD020D
27CEFE55004D03E5FE3AFB3202B9E75B0372F13A05E1FC95FA9D01300300FDFF
4E6C0694014B0F27FA7D0CF5F9AEFA4D0149F69DF999F738E3E3025703DDF05A
5224F8E7FF9C08BDF8BEF63D0199FF7507C014DEFB7416E1F994F880F603FC1E
2575FE87FC80EE5AF3DF047FFF37FA3CEF82F720FC5202BEFD9DFDD00560077D
4B450625F63EF116FBDFFE6607C10FC9FC0A004DF44E033BED860800F6C2EC08
496DF7F3F7C7234C0FC6ED96F2080FDB2BB109E303440CDF00ECEEC1145405CD
224C181E097E0981F9E0F28E07CFF2FFDEF20307FD11063F04EA02FCFC3D03C6
F5D9FAFC0F14E97010F2EF8F01BFE4C30151F18EF082F1DAE9260A6D05F8155D
094CF2E7F209003AF44FF5E5F8C00F77184C06F0146200EAFD22F46EFA41F153
CD6804440C7CFC68F3B308C0F2A0FF78011F0512F1AB0935F68605BBF9310283
02F8F654F180EF0FFBD1121108BAFF420253FE6B0A15F2EEFE54FFCA0399F3AE
127123D4FE69F8B9EF73F9E10F401112FE0601C8F977F5FDED2DFC64FC8CFC60
04FB123C08E60423F31D025FFC3CFBCE010A020A001A08E3F7EEFA85FEA7F9A9
FB4018D6F96EFF3403CE05FEF9B800210426F8CB02890F4D09F202A802C8F87C
05752EFC085A03EAEA7AED1BEDA7FE9801B4F266FB8C112C035CF7C0F41CFF43
EEA110E0FB850F2003FA125DFE70FCA6E89EFE641047FEAAF8A201B8055CF53B
F453FED8081AFB07F922F1BE0626F23204690120FC52FED9FB85FCC207370B03
E8401642006BF7871490074300CB0980125BF7BD002BED3D1079034FFDF2021D
FA06028407F8F79507EDFC8BFC8FFD90FD75064EF973FE86F8DD000CFA00FBC7
0E2E0707069B059A1333FFA5F3671171015706460287FC500F8BFF0DF6500172
1BC2005EF7C00032FA77FBAB0B6F09A3126CF797FFDD031DEC7CFF1CF09FF516
3DD5E0E70CF5F808F0F6043503460ED220CB11E200870A2FFC990312FC29FC8B
D8660E0FFFFC078CFCF20BA810B6F038F0B9E6E1F232FDD60DBD01D5047B0958
0B7F0FC8066EFD5C08FC1D151BCC1191FBC5F46C0B8CF9BD0E9D163517E1E7DF
FF38F7840F23ECD5F083FF0CFAE7075819F503BBEBEB0616047CED2002330D15
CCB808D6F7270C24001CFF0AF57DFF59FFFE16250BBD0B3B12D706ABFA1D0A05
EF4308380EDAF8B101C3F9020F31EB3EE364F05FF3790588FC770B57F8470339
E709F8A100B8FC35E9770784F2280D42080411B9035B073E07E0F04F02430613
F4A3FCC4F4D1067A04EE18E70BC9007DF9AF034E109B007DEE01F970F36000BD
0033F4AC0C30FCF6F95BF674135CFD52FFC21933F665138D031EFA85E584EEFE
FDE8EBFDFEFEF3F6F74701190045F851EFE603090C6907A6EF98F884F153FEA4
F1D00E86EB7112BFFAD0FA84FE681A280B170B3C144EFB4CF40B01460831F5B1
EC32F632F26A0001FB980B34DC0606932C5BF4B1DE41FA51FACC00642229F8F0
DA21F94FF3D8FEAC086CFCF504AAEFFAFC98F2A913CCF41BFF08FA7B0361FFC8
EFDBFFB6021A03660288F8E8009FED36F8E5FDD9FFDCFBF4E4D4F4680023FAFB
F0B806020037FE6DFDA9001215D7E458E6D0FC94E7E20DA70053011910990219
E682FEDD004FFC5101E1F9AF09A6FC57F899FBF70EEFFB43FBF8F95DFC61FF6E
009D01540CB1FA0EFD6EFD1B01C90DF5FE24FB850D8E06BBEF9E025BFA13036C
08ED023F147F029DF197EF82F11B0A461207F2C4F2ECFE6E04600598EAAAFE3E
06D713B0ECDD02CFEB1610A1EDC405F4208EFF460046028E029CFA85FD4610F2
F26808AC1DAAFC7BFACB06AFF23E090BEADEF38E086FFD2A021B0249F802FD55
FB98FEB113AEFA15FDD6FEDB0897EDF8F1CFFAA0032BFDBA1077046A063104C6
F67B0C76E1D709F1FEC6FF570D5E09B8068EED7AF6AB0454F712FDF201C9049B
0868FEB40033FB0CE708FC3009F901C5F2A1F1E4F489FED6066B0DF5110102C6
F291084711C8F00DF1470CA719CAF9B2EE4AF3360C2AFD481269030704C0F9DA
F94BEA9FFB68F425FC040E0F04560BD00A60F330045D0734016A0DD5F6C5FEEB
0B21098CFD6BFFFC0B4FFA2504AB006006D409931339FC39F5A50112FC29F9E7
1517F87B00EFF72BFDFD0409FFDF05A7F9FEFEA1FD97FAC7047C0618FDBD1522
0154FDBB0AC6F125F46D00DD05B3F46DF9D707DCEFAEF23A0707050CFAC4F292
1698FBB70922FC4A06AC050903ECFBADFF45F73701F8F554F67C0BCC0711ECEF
175FFC6308110223F4FFF7040FD6F1FD0A93FE3F101E02C70010F3B200A409DA
0B03F684FBF3F700FC7AFFDB06110624F29909D6041506840BB1F2E305560049
1DCC0A8EEA8608D6FCFCF6E301901193FC98FAD6FE8B0578F171F793EF7A00CC
11870AFF13D006A4EB6B00C2FEE3FAE014A9FFB0EFC6FB8304DE0EF009C2F82A
0B87024CFED7F621FBF7E79307D9F1A5F2F4FB76E9E3047F07C90855F57E04C9
07B6FEEF0E50FB13F589EE63FD3FEFC2FE4D039FF5E2F82FEBB7F6EE04C10291
0A72FF5DF1D5073705B01DA1F27111150AF00737FD6E025CFD71098CF812F786
F46D0C500210F6D10976EF74FB6A040AEAB4066AFF330157FE6E0E7B08DC0EF8
FC4711C1154E092C095A016F0D0F006DFE95FCB1F3630068DEA50C9FF91E0B3E
ED96045CD2130A63F6B904A8F9EB077D13A1FF720E98FD5A006A0677FA92EA82
FCBEFE84128AF1F7EA48E407148BEBB3F2CC0175F18206B1099EFE32F0BFFA97
08130CF00C1A1BE90372FF9E0212F7D1FFD6085703B006D5F05DFDE705AB07FB
036E1807E3F60D90EEF7FFBEFB7B153BFFB2FAD515AB005E0630FD27F345F8BC
F67D03FBFB70F096F85A0B0BF5A0EF9A0060021EFC1DF859EFFE047506ACF641
EE44FD16F5A3FBB6EFA2100FFD6A0373FC1EFFDC0103F61D03EF097C0E5FFC41
04130261063F071204C0F9DC02A500E900AEFB21FE520107FC8EFD8810A90959
065F08E005350512F0F501D4FD43F050EDD00128FE3BFE15F3F3011400620742
09940770EF240831F0B305BD07EA07A70591FC7C0F970E33F903FD2CEC2EEE48
11EC078AFE0B164CF395FD56FD7906230EEC054EECB110ACEE6A0BEFEDE8FEBA
FF94041C046E0294EA95EE1D0A750102F17AF971FA85077A067FFE50F65700C0
F9DA00B5FA2F095103D70CE1F5420D720FE50689087D00BD074203020B60FA8C
1ED700FBFED009F80E60FF9BEA600A8C0DB5055AF909F906F930005FF9C6067B
FA2100CE13760283EACB07DAFC22F7A8034CFC4BFDB2F88A08B1038004EAF176
1D2F00D7003EF9E900FC0C5C06A6F2530239FA2B06A5F5F3D962FDD2E4CF05C5
0C51FB19EDEA0B8CF61404D808FCFCE4F420FB330486F7230DCBEAA7F7D9F7E7
FFC8EE1905610473FD6CF68902F7FAF9FB68F3A1F7620611F474FE890146FB35
FF1BF40C07510EEDFF22FE54F8790617FD7CEF5B078207D9F679F40617D4F7AC
FE441AAFF4100166EC0EF32B0391165D00130EEC127B05EF00FDF86C17ED0597
0C7AFE1103CAF318016BF4A5001EF3FB18430B5EE6770BCF0055FD5202230053
098D072503CBFBB8098500E3FA8A063FF6F8F7D40A330115F9E3F9A6EFA70B56
064DF1DAF85AF079FB4BF44400CB036D004907FAF42C15A70404F19F00F60F36
FDEEFD81FCF6089001A1FD32F505E73EFFEDF942F9C6FA9706120CE7FC330794
1557F91F054BF538FEC7EE04FD88097AFABDFA67F7C80273CD69069FF9BE0AE9
1032F3D2F9C9F4FD086C02F0FF1EFE771BDEFD66FCE2004105DCFB42E6EEFCAC
0AECF64103A50C410694FF2C08CB048505BE012A129F06CDFD6CF250F1DFF188
0CAFF76D10CCF25BFC9D025CFD23F2F3F54906620409FA92DB1F0EFD076AFBAB
1ECAFB81FACDDF0302B607C113BDF3F8FEEEFC550BD6FEC7F777F6EB2E5E01EB
0C2AF112F8891A72F36B0835FDB20C1A0AE108D3FEC8F4060664F9F01DABF96B
096EFBAEF9010296F0D1F8E9FAC1F321FE24FE2DFB730127E4300426FBCE0E84
0D25FF5101DC017F0C96FA150820FB6FF96FFC3EEEB10901FC77F9F2EB1AFE3D
10EC0790F893068F097104B3F6A601FFFBF0FC19F83A07D3F173F712F30100DB
3DF4F319FB8505D1EE97F909F88A038302B1054AF09BFB5BEEF909B4F7CFFF08
4AAC04250D1113F6FEC90944FE16042E0316F774095609300689FD5C02BC0A0F
39D0F78DF21D02C2F99AFF9C0453FA8DF79502DD09960777FB01FF9DEF990F22
05FF003FFC800D18FD9B0AC7134DF5D3FD61FA3DF0BA03520023FC6807CDF9DA
2E940A8D083516BDEA7DFAB90E6FEEE2FCD60392FDAE087FF3F6F73D08F90230
1A83026DF8920DD8F1C101B5FC9F10B600B4FC2D073000A9059AFBC6FCEE0E2F
F178EEA0F892EB69063901B9FA82045CFF4E100C0EF1FB58F4C5F310F72D0E4F
1F15F8E6FFFA122701AF0B06F1D704360D48F7A1E8AA0CD50F15FE72055DF3CA
01E7F541042E02D301DBF2F60472F6CEF961083410AE04A5F8AC01360CAC0291
FC94F7DDE5DEFC4D0A3EEA98FDB906E4FB31FE80D23BFB37FAC9F978065AF384
F1B405FFFA790538FC6EF9AE03BF189316B3FA75E99905C9E587F459F8BEF573
FD12FCBCD7ABFD140B31F891FE940251064906E2E5B4FF4AEB4DF9C200A60525
131CFE61EDEAEF23062704FBFF62F5E3E4B60964FFED0244FF10027802DB006A
07680AC713C802ABF7EE11ED0C2B0851FF63F8E72626F50B10510749FFF2ECEE
03AEFBF00785F407F8DEF0DAFC820369F5650715F6D006CF0981FD8D000B1622
13A9FC72D828085E0754DEB8FADF12830439F937DDA1FE340616EF78082A021B
169801F6EECEF3F8F9CA15A906AB015AFE5D020FE957086E082D1563FD2700C3
0FCDFBE0D827FDF2EB58E8230997165C1481FA50E660008004ACFDF108E5FF7C
0E92FCCFF71100DAFD3A08560A47F6440B27FCF7059A0088E76AFC0EF9A5FF78
1124F04D078BF5040083F2EBFB66F46008E60C6CF215F42A0F080624F26FFE56
1612F4EEF1D2FF70FDBA054E04F2F901FF4FF8750BEFF84604C7081B079C023F
0CF30837028B02ABF35D0D9D0AE602EFF2D8FDCF01F209DCF172085F0B32F888
21D717FD0BC3117AEEDA0A89FCE10307FBE0FE66FF860698094101811DB5FF2F
0AE20976FB64EFC1F7E2F80903B5FDD1F7D002040A3D0DB01037024BFA3A0FC7
16B1F6A00601F2180874F8360274FC85FDDF074AF788FBCD09B0FCFDF4AE136C
1F9000DEFAFEFDAF085105DDFD86053710EC17D9F89CFE2D0777F2CDEB65F937
21B5F99505AFF875F000FCCDFBF7058E0CA90316F26B03100D4A04BFFD9FFAD5
0BDBE8E40E480156EB43EEA1F66607F50573F932040703F7126D021B03B0FD08
10281139F3240D5AFFF410ABF511FDA114F50C60F9CC07E8FD200B2901410676
FCD00227EFF60ACE0118F542F84BFD75F6E4FBE7041305690B3FFBEC04AC00A2
039BF9F00777091FFCC1EA920D00F0C5F3C900D3FD80FAFBE8EFFA7906210444
01AC083917541307E908247CE5A8020C10120B7EFFD212FEFC71086EF3D90EBB
0579FEC4EC0C0F30F96CFAE8F78DFDB7E977ED0B0C7BFF8809740D78FBF208FE
05E9027AF443F5ABF50BED0C072206EDF9CE0B1EFFE207B1FE970875F6ACF81F
F7ACFACC1818095BF377151807C8FAE1111B03D7F72BF3780081F6DEF98A0092
EB64F897EDC3EE02FC7AF6030AED0923FA2C0A1C0C20F5940C9EFB4FFC43F6E1
FC2D0409018CF659EF31F38805B6F654EC1AF7CAFA1D0287F3E808D70874F6B7
031108A3FC2F14F8F3F608800C030F7D0A2E037E0A5A0AC8F018026DF57800C9
07EA0A970BD00925F787F4190772FFBE0D2608DAEC38F6BA0055FEDEF186FE22
084F0CF4F8060AB1FB34F600007D0BC418E009B21224FB22FCFFFC31FF64FFDD
0D130FE21BFD0272EADE14E2E54F0300E8A5FA51EEC512F70E470E2FFDE70A06
F6690B29FDCF0632F66E07A6ECDD0520DFF4F10113A2FDA409B7026F1232084B
00DCFF3EF3D90B35E83BFA24F3EA1E470D5DF27A0FFBFEC8FB81021A04210010
0F08084A0DBF048C022D142DF77DF1B907AB081FF2FF00960B5E1298F288F4D0
FA9FF8B4FF7B01AEF77D030911C10D65FD7BF59B0103F3EA0A86F9F1FFF4050A
FEC207BAFB9A0DE4ED7402B1FF59FCEE068F04EAF7AF064037B7089AFED610BA
0515125DF3A6FF1000A9F776F6A5F989F9EAFD0CFFD8074B00A205F80137FB18
14B3F9E9072BFB8AFA1AFFCE00560167FBB0FA33FDD203A2FC64030D00930288
E7F1FB110BF2FE06F4F60CB6FBFAFF13FE3FF299FD71FCC112990B9305A4FBF0
EE40122EF5EE09B2ED14FCC203A4088D0F421046021608B60ED9FDF0FD1CF393
F34A08EDFEA706280A680478FDAAFBB2014BF88CF6D0F8541468FFB7FE07F6CC
F50EF64EF04011CC0323FA2EF9D1EFCAFA9D0AB2F8510A5F0167F237FF7409EA
EB52082106D80256079906A4FDB5F6830124F07EF619054CEF91004DFEDC0392
EC2B0446FC73FF43F1F9F7770051FCD900D4FF6A089EF9E4EF8EFED005C70291
04A71759EF1D0686F87A0270FE44F9130688FDC00104066D00BBF53C0A7AED1A
0517087500BDF6890340F372F8A6F089F398009CF56A1B33155011B0FF80FC64
F51F1DAEFE1015A5F30303EDF9ED0677E867F2F614D9F840FC82F9390CD9FF6B
0BBC0555DC51083EF1A4F1D007A90DD40805FEF2080F0D83F1340A27FF79F8AB
F97203F5123AFACFFFD2078E073FEA990374FDB6F548139B0C3202512092F839
EDBB01E10B07F462F65B15160D980189F9E2024CFC7B004D13F80F700B7D0C7A
FD0506BEFC8EEF7CF6DAF8230FA4F48E03FCFCF1FC5FF7A9F515FCECFC55FDE5
FC830892EA00F51205C1FE1E0D3A152A014503A91259F8EB05680289E1300454
FE360050084BFE130939F023F2E0F95B0D31FCE1EDFD0B3FF28EF56FEB1D0790
0CC005D70A1805AAE8E8EE4CF695FCC30179FF99FC7FFF12EB21F922038A0111
127FF275F022EE44F1741408F2E2117E044E00EBF739FCB00E1DF1F8F6680162
17AAF87F03FE0B1F00EDF69B02F6F4A7F8A2F18FFB8005BDFD9AFBCE03EF039A
F715FEBF15410853F87CFB330BAFF7ABFFC60318F1C208CAF621F91C00570CE0
F0DCEED50C09EE5D09D213120E86EFE3FA91F1C8F8760498FBCB1553FDCCFF01
E69FF6ECE64DEFA8033E0505FCEC1224026FFD3A090AF983FAF30661F7CDF1B0
E0840319DD531D76FE20F971F258130D03F4FDA31043028508A1F94FF6910380
E16007CA072D070003271F70F57B0E6B08550821F8AF12521C7EFF54F3420CBE
F9A01CC811421A24F062E7620A3BE71EF8CA01FCF88D1271007C025706A30E4C
FCCAFD52F8F20C70F57EFF20FCF7ED740AA4FD8DFCCDED9BE5E8F669F4960F95
1151F76EF584FB4CEC620B09020BFD78EA2E00320B0FF30B0A4D02CEF91A047B
02D4F8E011FDF51A02C2FBE901B2FF34099806A4FFD0EFB51B920203F646FEE1
F840007402760BFDE9B7FA80F36BED83FA4FFF30E4FA14090343F9B0FCADFC7E
FC060913F22D035007BC1869EC4BF704F644FEFE0CD3028F1A3A01F60490EE60
11E5EDE7161AFA9C0486EA9C0DC40242E9A1F48510E7FAB2FFC9F9640C68FCA7
049CF2060DD50D4A02B0F2A70784F2271440F97CF57DFB70FAD70C9D050F0342
08A7012CF8280D19FA2006230020039BF671FB1D0866FFC40B1508D5FF04F74E
0C88E428045AF6B4F6A40B380516FF9E01C001F50B44FF11FAB90DFAFCCD005C
F13CDE02FDD9F59B02400309FAF10100F608FBACECE0073E223301CD011BFE89
F997E366F883FC07F743F664F789083EF8F50B690F980D25F6BAFDDE0629F6F3
09BCDBE509AEFF9C0354FA24FEA2000108F8ECCC04C708DC00930003F6E2F9C8
094DF6BF0853FB73F5FAFDC5FDE2FF2606F3FEB0E9F8FB6A1F881862FF7E0F49
FD8CFA7CF39A0B980734032F04080A86EBC10BDE00730D6F03F1F01205B70479
0A3FE3EAFB0EF0200ACAFC60F72DF672F4FE054D04B8F62214F102AA04DDF927
FE60E9B9FF25060BEB9FF827FEA4F6F4FFECFF4EF12B10CE0ACCFF1700B8FE4C
01F1FD44F7150708F886F31C0213F968FE6AF7D10FA0089FDB94F6020194F28A
0E8EEDC401E60528075F0977FADF05DC02BEF74CFA280668ED810363F82AF54C
059013E4FF0AFC340874E78DF61DF9DC06770B12F14CF588F942FFA807EE0234
0348F87516E41216068CF4D6125CF3E3090D0D6FFDE6D8240849FE9F0526E810
FAC80BDC01050437F8A30571FF8DF80A06590E92F278FAD3F7AA07DBFD440972
FB9AEF16FDECFA8EFAF006450B8DF46D0D4F0C64F438E3DB06D206D90361FD55
F85E14850FA7FFD00994EF7BF5E2ECD4044AFF4704FD11E9075904B30403F744
2204FB8B07D207F3018AFE58FA6015A1F439F9B701E208EEFCD6F86B06AE10AC
0A0203A20B03FD9CF7C9F94F07E7F3B602B4059E08EF080DFF28002101611004
0C8BF949EFF8F32AEFF4ED0D11571054088B1123FD4DF6B9F9A6FEFBF6950337
05B2F42AFF5B074C0C8902B2FE0812C30D6D1BA1F30AF79703860566054EFF60
EB1BF7330712EE6CFF1EF4350256042FFFE20CA20412E21901D7FF8CFA4E09BC
F69EF2D50C99F352025DF456F0661060F37D04A2F7D4F972EDD7FCBB0D8D0C9A
017C086E013710971327F9CB00A210C70C33F639FD35F738EBB70A59025FF750
FEEE029003C001DD018401BB0691F8D5F87001F7162E01AC0348F78EFE7F033C
039A0DDB1BD2FACBF814F0341081FB4E0E2EE2A1F7C1138FF99CFB6506A7FB80
12D20065160D0ABC09EAE760FB2CF75EF4150082017505A103DB0D1A1270EEAD
FF70FDB4095CFB90028D0735FDE512FBF1960088183E006EFC22FA04112410B2
0494011EFFFEEBA8EEB7FE9409B6F96AF611FFF901F7000B066C010F0D2609BC
079001230A35FA8DFEEBEFE2FC7C0E70063C02A81B28054CFFA1F97F0632FE0F
01ABFCEF0951F93AFDA0F95DFC92F9670CAAFA6208CEFDC408E3FD090C04F817
052CE159FC0CEE5CECA7F8C2EFB10C170933FF79F9F0EFF5F649F609039E026C
F2EFFAA712D3050D19A3FFB8119FE83E0799FB9B00BCF4AD0F230A79FDB2F8C7
07F81544FC5AF325F63602B3EBE40043045B0572FD70DE2FF9E1F92BFE66FDAB
F734F11F05B104850D16FE0E07EE03D20911102613B80794FC5C0F8904F0019D
052F0BE40B61F2BBF656003FFF0F02BC0CF9DCE3F65205EB059C0F7600F2F662
1801003D02C808B80EFA08B706B3EACDEE41F377023702A9F94900C6009BFFF3
022504620C93F7C80AB1EFA0FB35121007C8F510FAF9049E092003B90213FD36
01FD0AD0F9C5FEB3F76CFA70FF0BEF660520F4CF0585038E09DEFFB2FEFA0093
10640A9DF760F7F304B1FB55072C09E20935F70C019204A403B3F569FCFFF1C5
078FEB63FFE6039607D604A907E90BD8003207CD0190E4180C2D06380A3807A2
F514FC24F7B7FE9104C3F053F7EEF50406BC01C6F664E5FBF65D0421FF350DB5
F1FA110DF76BEFBB0554000905A00A94FCDE018706ECFCAEF7E80A550488FD2E
FBE50CA9F4E3F6AD07C4EE39E728FF5F07ABF21B0391107EF9CC03C8FD59FC3D
01091D56FFB0F82304C00C30FB3207F10D98ED3908ED140CF4B9FD5E0144003F
043EFA8BFE28008C005DFB7A0151FBE7003AF7DEFBF3071704980856FB81F0D5
03D60A28001B06FBFD56027B0494086703C0FC38F49E08ADF4DDFCB7FF8D0A81
F370F197FA700797FE59016A087AF7C5F9F30BEFE653081C07010EC6FDFDF08C
FFC7040E00BFF94B04D2EEBCF7F50A0E0404FD1DF8D3FF25FFCB04A703F2070C
0489F97111B704EBFC3FF72414CCF686F7F5122100B613A8037E0C01FDD401F9
F556F0B6F73908B40843F8A8FFFD0402ED65F7C9FD0AF217FB90F50BFD7BFF2F
00E9F7F5FDB9F757F5DB0386FAE90601FF01076C0A14FCD6FFDAF9F9FBAC00F3
EDE3FA0CF7CD08A608CCF7B1043A00DF0B77EF7003F8FFEBF5E9065EFED10D39
0AEE168EF201056F09E20E700668F29EF572FB3203C10504FF2E09ED03FD1098
FA95FF3306A9040DFCA5F2760DA109B301F0FF3DEE4B03E7F1B10642F6DF1B2F
07A8FC8C0C85113EFB41F65A03C1ED390351F15110641144F844FE77FFF9F398
FEC6FA46EE1C0C17FD9C02F90208060AF9FE0314FCFDFD05FE3D05F701D9FF69
FFB3F4D7ED9FFDA1FE38F94402ADF861FE72070F09C4032D0225FA44FCF7FB88
FC76F122031A112401120B34EC98F8B4087AF47F0EBFF9A90916FFE5ECEAF42E
04A92CB6063800F2F910065B078C08DCF5790618009BEE24F487FD2E0E74F863
0B1C00F7FBCE006601E5039B0953F72504D907200490FF500280FEF2F973F945
0154F6DDFBD609C201B8070DF5EA0265018F033E0567F21807B00A9CFCCDFD74
FBBC34140214FEE006D81DBE0E7711F200B915FAFB4A07FCFA1AF67BF607F62C
0042DDA005E2F76905D1FF44FF3EFB6103B6F72D050214060B7E02F7FF1C09B2
01A4EC07009501180741F324ED870A150C88E825FAA01FBB008DF69706E304AC
FD231124F7FCFEBDF89505D40A53F62104BF0FAC0CA3FB21FFE0F3F9FCCF102E
F69DEEB2FF58102504B8146EFAA1FB23F5670416016BF6730888FECBFE3AF968
FE74E8FB0ADEF3F901F0203AE95AECA5F62AF3AD17261783FEAFFB28F8E7E287
0B670BCFF5F1F1ADFD46F4D8085EF5EFFF860CA60720F59AFC6C0ACEF891E2AE
FBFC0CF6F178F3D60EA412BC0AE4F59BFFA9F9D3FB9FF8E5FEFF0CD003D8FFDD
F712D596F4B512F1F2320658F669F771000A17B5F01B0C38053E0E8A034C01A2
F2243E35FB5807B7F888D7B30C231E06F373FC15F6F11178F2AEF3070BD80F3F
EF3FF65EE2A20AF9FF64FDCF00EF0B54F22A061C09C410D9022FFBC5068D2CC4
F972F73CFDA100E8031606480C90FF9CFEE70D23F0390465F6C4025BE8570347
EE760B05190C10CC0DF1F4031A351E92FDD8F5C1079407D30005F65F12C10EA2
0477EF65F731FA460B4411CD0547E865F0C2084BF7E4F3190639FFDCED1405BA
02D60C7203BF03E305D1FCE8029D0C15098AFA15250204BE000C0260FAFB0400
06BA0EEC039AFD18FA860CD0FEC6FFD7FBC1F6CE27C8074205A0FB3AFB660970
F261FD2F06060CC1F92B04D4FD69E7CCF669FACA157404B0FC52073AFDF1F5F4
011607B70964FB72FA290777FF2A075CFC22F600254D02880131032FFED5FCCA
0538FDD70525EC53042D1D1012C6CA40030907E72D060A9C074B01DB04FBF0B3
FFA2F4B2FCCEF610F4DF0B6DF46DE489FDFDF89519FD0B8D021A09B20A29F438
FE37F6D0FC101017FD4F06DB035FF83EF85700A225C2F7FBFC07095BFC6E0A35
FBABFF25F54FFE7BF835191F0566E6CB007011463209F687FD3307F40E1B0311
01850344FD30F9D5F80A0E75022DEB46FE6EF3DE2123FB5F07CE0688F5B907DE
FEF31317FAE6FF5D0760EE7CF62E088C0BA7FDDDFDF6E473F31BF85607ED0F16
F6E51448F4030BA202BB082707E301320C14FFF8FC0F0DDCFCDB0570079E0807
04D2F8AF0336F624FD570E21056EF8D30901EC75FC6AF872F8B1FA61F8B1F44E
0CB017F209BFF00DF9C6EE15045EF9B402ADF7A5FD27FF7B00BCFBA5F07AF1B2
0BB9F976FF06012313DE11E417CB07D704EF1D1CF512ED7801CAF9FA06A6DB82
065BF6F707AD0F9DEE31F6C009CDEF4C06C200440087FAB40A50FD38FC44FF80
03E10804F10CF5D1FDD415920117FC0D0319054001D4F799FA93041F04A30093
0CDF0C8AF9EF0A1AFA3FE5EF1A63FE29FF57E8CDFBEB1A69FD6702AC05F41670
F5C00367F672F91BFD3C010EF12A05BD05A6FDC1FE9EFD22F44F06FA018A0B97
FC570B43F51C089504D5035AFF59F012FF41048AF69A06B60EB5F738F9C305C7
0086FA0005AEFF2AFF321184FA71F268FDA3F481F2AC0222FEB001140126FABC
F747FE8BFBF20691F9340D5A063503DBF4E9F995E1F900280B6EF0ACFF78F8C6
F930F0E7FDFBF15CFE35EE32FC9E0A33F9A2FD58F6FAF67BF1E802D301061422
FAA1FB290686FC850388E037F0910CEC0A3C052DF36602E2F7FE0717078A18C3
03CD0C7B13E8FB4CFF9FF52CFE1FF33C041BFB460449F72EFB37F8C202BD0640
FC340246FFBD0AC0FAA30AFF00CAF705FB3300F8FB03FA4D101BF68000D40631
06DE0B76102A032504BC00EFF70A036D0836FA28FD37092B0994032D00BADA49
0600FBDB10E50DE2FF651C010078FD460570FBE2F051011F01C1F8C5FB98EF85
FAA2F71FF9C4F7B008E3F6CF0EB50D98097404220443E84D0C22073A028AFA2F
FA16EF8EEFECF6BB011F014303AD0AD6157E0333FC3304640C4B0EA3FDC20EA8
02EA00D0F35BFFC2FEA6F84C0D160093158A01DC0737FA65F63AF58D0221FDBC
0055F6E105DAFAB00A63FBCCFB50113C0348EB3B19610A5BFAD00DA100FE032F
FD91FB9208D9F517F437EAF8F4BD122D1006FF67168A0865038CEECF02A9170A
0191FD00000AF690FC190A1406760A19001508AAFDFD05E0F554FB70FDAA0DAA
F617F5D6FD6CFAB1F678E54EF36A012F0BF9FDB50D5AFB20069DFF44FBD7F55F
0F60FE2EF9B9F613FF13089EF149F50408D3082E0FF5FF4E06020B340162EFB6
FE7C04F50DF6F937EF3FF86C01CE03E108D7FD8DF8BE00BAFB58F422FE16FE0C
FC280154074C038503EDFC87ED0DFBD9FC4B0B3EFBF7E45300D8FDA10063085F
0791F536FECA09FEFF220E11EC9B0AE300B8F89610BD08E8007B017FF604F069
0495FA46F56B077C12100162F9C403A0FA34090AF77FF293F9320747FD26F655
09AEF27CFD49F62C00F20F34FDDDFE4CF21E0B81F9CEE6F00A3EFEB7FE200C22
F1B0F9F7F58CFD6D0945FC8F110602D20A4411920A54FF8EEFBB0EF108CCDF6A
E0F1FD67F4690D06FF5A0A73FDC10A12018AFCBA1071DBA0089803DA0BE9F49D
FADCF814F93EF9FF03B70B05EF9800C60895FCB60337FD08EF9B015FFD71E9B6
076FEE6AFE37FF2FF401FE6BD9EB01C4090000A6FA5C163900CDF7E5FBCF03FE
0DB5039AF7A4031DFB8A1905E2CDFD60051A0CC90D71F92DFF0BF7AEF5150413
027EFCF9FBD70540FE2822EB0C610724FB49FD500A490CBBFBF4F16BFDE006A3
F7D80108FD76FAF9FE2B11BE0A4F0319FD0805DBFD12056AFE1BFB981009F3D0
F9B5FEDDFB91F098FFEF0628FE9E033CF64EFEA9FA03FF8BF773FC25F7BC030A
FEDAF9B7F4680592F85F193C071713E00995021FFF8705940172F2D31893FE49
F5A40D8AEDDE03DBEFED062B066A0FA6033B034C0B68F71907471526144EFD25
FABC06ADECF5F42F07F0FEF6125802890D0A0137032C0110FA84F6C805F6FE5C
076DFC3B08B0EB39FFB117420551FBF0F9E804A6F4F9055AF7A9F55CF27302FE
FE070252F086FCB0FBCBF9470BDE0365ECFDFF22F8DFFDAD024D0F0CFA500A31
F064009CF92FFB810C37207309660F72F90D003AF85D02C1FED606E6FAAE09E5
0975058A0242FEF3097DFA620521087006240F8C14F4045D0DABF4AB0279FB69
073BF7940625FBE8063AF0300426FB55F9E210A500E7E795FFED010600BBFDF7
FC0D0D8DFA4F0A1F0981FE94088E08C90A1A0235F7A7F73E0631F53FFF5EF020
03A71F420C37F113F96103A20470F8C5F04AF44206AE162DFD77F7A70265044F
F5CEEC30FE20FBE2F7A5153EFBE4146215ACF11AF7D716FCFB960BBC04A60290
FA76FC300F57FAE704D3E4B5FB6CFA760FB5017EF8C911DCF5A1F86E11170BE3
0071022BFD4FFEBF0CD7F75E0A71FFA8F8C723CF0175EE43094C033EFB4CF827
EA6EF71AFF2905310C7707D6061BFFB308ED0072FDC8E9A0FDCC038EFFC6FB2C
0EFDF8260A20F874F39EFE5D0CDEF3CAFED3FD35FCD0FF8302620104F0D9F1E9
FDE30964FBA2FCA6039DFAF4F9ECFDDFF6560B9E0B780175FAEC01C60114FA55
050AF909F3E904E7FCB01E3E04CDF481024DFA9008A217D60051F485F95C03A2
FC04FBB20B45F9BDFBA500F301A7F0A1F2750187006408450018FFDAFE9FEE1F
F9B4096200BA04710620DFCD03EF1AD102C40A65ED070263FCDFF266113307A5
FBDA0188FD1DEA1BF96BFC5309E7F6B2EEC41DD6F215DEF20604001A00CD1B8E
F7E10BD1FB53050BFAF20724FF5E0EB90746F06AECB9FD67FD5A0A84019802C3
FCD21156067AF930FE30F1870683055108F1EF7801851231FFDDF9FD03D8F677
0403E67FFFD40747090803D9006AFCFCFB0B008106FA13BCF9E6FCD4F37FFE65
05D0FB340418FF6001C2F9140293FFFB0FABFEFD08A50647058DFE9FFF90EDE8
01F90334F771058107D6FAEB01E3F98E030301E80195FE0B0528014DF90AFCD7
FCE0FEEA03F305640263100A0500034BFF16F9B2045C0225071F04DE083205F4
F94A04D0FA39F30D018E059EFE05F49DFD71007D0BE6040904E6FDE8FCD9F878
041DF09205A503FE0A24ED5CF7B3FD6100AE03D605E4FC88FCB8F6DA03DF0234
F5E0F13701040570F89716EBE32BFDF3064B1326EC4AF088F3FC0086F511FC96
FA68038BFD1BF13B0ED0F87A06D60124FAD105BDED98F93DFB0DF921057C10CF
017402990559F699FDC5009CFC70030FFE37F8731047F604052DFF3B02B5F61E
008104DD044407AB10BBF3F9F1D50E520BEFF0B4FB48FFB201D2FBA004280A5D
135E0B700DEDFD8FFB29EDD9F2C2052D0303FA6D1ABCFE3CFFAEFA5E0603F4AA
F164F6AD02D1FC0A0224FA5E0261FF33FCC9F32AF9B00267F6BB06C80A9E0371
F411F12AF829EF9E05850928E5F5054C07B6F3FCFC20F0D50764FDBBFF190F47
061306CE0410EEF4089429340E40048D0499FB8305F1FB3504180506085C0670
FA92FF7C00B4F94C031C0874F94E0C39FFA9FA1202F80D7E096DFCAF062B0531
0921F78AF654EBFAFCDD1BE900F2FA8DFF0106390B180385FD64F8F7F18BF64F
00C3FFBF080BFE3609311F3CF23CFE7602B8FE48FA020D20FDEDFBA71331F031
FCCA03AEF6CB0730077CED5FFA27F5F10C49034CF37D023AFFA7005700E7027E
0C2EFB11FB4609CD0017043501F5073C0A33F8A607350DAB0FBAFA57FC570064
1278026200C4F3B9051A0B68F64A131701060881FE010221FFB2F0D0F860F5D9
0649EBBC0015EC13051BF90FFD99F509EE07F7BA001B0F4E039DFC51FE10EFBD
F953FBC2FA0BEF8903D909F5F52204D700071572F326F3BD0078FA5D09EE0105
08E704FCF8F70585FFAAF47A047DF8370603FAB4F66D1105FA000899FE8EF715
F872EECF0707F440F3E0F2F1F9E50F0C0C33FC6008BB1C82FE64F9A6FB70F919
FEB002F60136FFF907E208B1EA170E5F074906990DE60DF2F19510680EFFFF5B
FFC80E85FCD501A306C9F07CFBFDFACDF1DDFE38FB09012007670224FFEB0043
F95402550E4E0575013BDB28060D05F909640345F92E0239FCD10C68F7E200AD
FA78FA10FC5AEC66FEEF0600F149F3F50BF003330FFCF276075CF8F5FB64F3E6
004E04B3E94B028F023A152CFCEB0AF30AFE0914FABA02AE0874026EFB0FFEEA
0251089F0613EAF508FBFFCFFB1CDA32FD02EA4BF68604380BD8F60AF254F119
1239FF03FE8FFDBFF679080A05B8F370F3B4F20AF4251444FDF5FDEDFD92FEED
0C31F085FA270AF3FAF204FE001CDE5DF0980842E89DFBF7FC240946F92DF17A
FEF5F8FF018CFC8D0CE903B714CEDFC805050D40F2DCFF8A0287FEE8FED1151F
01DB0B19F793E9EAF9D000A7EDFEE27CF401024CF71C06CB0C79FD8AF0F9FD99
0630FB980AF9F63B005BF8BCFD9DE2420022ECCBF36501A10642122CF0EDFEBB
FC90FB4D10EAF19B0AE5FA820049F58CED5D0F2EF4BBECE3FFBB06BBFFDDF6C7
095DFC7E0034F76EFA6402BE0613E587F9F81014EBDBEA480DB501E203830F7D
FC48FE4B039FF80811ABF01CFCD0DFF7FE11F1B8F427FFB8FBE4012B03EA011C
0704027C01C30CA3FA63DF9404F0FB6AF8DBFCAEFCAA096C0223FE8EF943002A
01AF0543F87F0828F7F300ABFF790205019B00B00E7B0C510AB3F3160994FF6C
0599FEA703ACF75BFF05F35F0B5707FF09AC04F4F5B6FF9AF8880B00FCC4FC26
016813230066F13CFD2F23350D39FF0C0076103B0A2DFBA5FD65F634F96AF6DF
0C55E744F240F80906E21B1CFFC0079C05A2F9D00BD7FAC8FB330287120F03DE
0758067AFE2102AE0060FA3F0724F9D9F917FEE8040E04CE0AF7F84CFCFFFDD4
F848060F0A07031813020E73095A0D460429FA12007903BFFDB10CA50824FF7C
0301079705D20987FB71FB4D083C115B0915F92010D30A66091FF199048203B9
005DF7DB02A2F7BE0781E311FD65F7EB04A500F0FCFEFA40FE3A0919F921F9EA
10AAF8F9FF6F04CFFB5AFE5201210092FF6CF6F4F594F8AE01F0023DFF97ED02
F8D00A1DF51EF1B3F67CF92FFE930E8FFC1E0403FD92FDB7EC5BFD77FEBC0E53
0D6DFC43FBADF4E0074D1C26FC64F415FF2B06D4088200B8092CFBD6FDEFF8AC
0EAA08C7FDFEF8C0F9C915340905F103F213ED2114770684034BFFB9F5D107F3
FA57F2B6F8BEFD9F0131EE6CDE8D1E8613E80817F790EB8BF3ADFD000FBA0820
FAF902E3EF1D095700AAF4D503EA05C7F68AFF65F6B9FB8205CB09AA043807DD
09AA04F5F67B0311F9E419F501F3E9B1FD7A01ADF3D0EE64027503A902A4FE78
0F0FF174FCECFF55FBD0FFF6F5FE0BB4FA2BF14A02A815AA011F02CAF6C303C1
01481043EEB0FE140E8DF063FB34FD2AFFF9F566EB82FDB1FA0AFB970021F965
FEE70D34069CF8B9F1E9FF5D08B4FC7D07F10CC4131DEB770377FD7F0A6BFE26
F7130B0F081DFB020306F44006EF133CFC1FFDA6F5C0093FF51E0423F7D0171D
FD2FF82002AE0541F9F30BF00587F781FA67011C0AF9FB080A62016A068605AB
06040320F3E6F3A5046708DB0C6AFE5CF6D9EF3DE7C80E1505ADF4A7FCC1FA14
0B7AD43BF626F26A0D4AFBE0EEC2EEFBFA53FB1EE52508AD0100FA17F498E4A9
FEEA14F6F6E7F8C10AC40845F90E026FF63405BFE551F0B0FFC90171FE2BF5AB
FF4100F2040D035C05220F6E056CED3E02D70B8AFEC4FF6EFF5D0231FAA704BB
FFD30530EF5AFB3FFB8AF4A9F38B0057FE2A0601E67D086003D6FBA603520637
06AC005CF51107E203030B610B10F853FAA1F89B06A90622FC9A02B6006EFC51
00330D47061D0C1B0803FC6F0138029AFC03055EFAD005C205D3FC8407F50659
00A4DDA9FCB7ED5DFD5BFB6BFD5407FE09D0082AFE5F0320018D0B71FF22EB27
FE330D5EF952EE04F9E7E7DD11A715DD007A04732162F47FF538E6540C720EBE
0417175D021F0003081D14D11B44EB85FB0021CCFC2B0496F82CF484F9950DB2
04E4E5A81B1CFEFAF33609B01BC90773ED3CED4B02A5224A0B290616EEE9F4C9
FB24FD6303ADFAD6F800F8340D3A13290DA4052311DF0AD2FCF4F1F4061D02D6
FD2A12E507DBF50707A603130673FE77FCB0FDB8EF98F066FD3AFA92066F036F
03C0EED7F70EEC04EA0806A717B6E590FBC80D2DF94C072CF52C112AFBEF031B
FC7BF9EC105B0381FFD7FF4700B00BC8FB71004024C20D5900D8F7CF09EE15E8
F5A80008F847FE0702E9E5F2FCE5081BFC6A0CB6EF62E70D02320C98FFA6FA7D
10E62FC407DBF7D700AEF5060F1D09DB069AFF630B18E46401D7FC4C0907161A
FBC2F75DFCB80A970339FF11FC12093DFD12F6440B7B053B067D0C1600C11862
F4A21592096400B2FE89F7F808FF1DA101E5E34CF6FB1D47F029FCB40B84F65F
F71D14F2038002FE062C12DC031DF836F202F1E81CCA193FFF5BF220F85BFB2E
05BFD5FB01FC06E1FC351367FDEE054BFB2504B314A902F402AAF629EE23DA15
FEE806320199F485FAC714DB074AFB10FF690827FE6FE50E012E03B4FBDC0263
FF3BF59903A00276F9501D0D0B77F3F1FA7011480473DA770A270AA9FCEEFFD5
072D07E50AF0F70EFA1FFE45FF13F9B4FDA1F6CCFF25FC5003F7023508BE0F90
F538F7A01736EFAA0A5EE358F554122DFE3F0839091F07F4FE6FFE7D086EFFF1
FA6A1C430EDDEBEAFF7D04CA02A6FE5EF3E6F0D2F9F3021E099308E7083EFDBC
000500770996FEB2FCD9FF8BFE6F15DE0C95FC2D07810EE3FD2003FBFA591440
0E14F1FEFB9B0053FAC70A95FABC0DD0EBEEFEA5FA2B0F9FFE0B0868FC710781
0495EA340F9EF82D042D13400132FBB8013D1266F90007EFFE321260FB8CF70D
FA320C1CFB3508FC06A5FA5E0C4F06F20DBF0095FE48FCA80982076EFEFFF340
F89BF6CB00170C2A0743E9FAF64C12D609131983FFFB018802EC035FFBEF02E2
EE4A04270451ECBBFFC2041DF964F78AF8FB0B6800C7FDFC056705CE014AF470
FBE6032C0348FAD1FE4D0A71F5E404FDFF71FFCA046D002AFF4508CDFF25141C
0505F6DA03A6F4180437FC67F24B0A0AFF1CFDFCFBC701C8030F0251F9160899
09F5F94CF851044FFACEFD3A02F710AB0E85038AF5EF10B7F73BF9180C3DF9E0
010903B2FE60FC9F01CBE3E60671FD62047405A0F5ADF90E09FCF9D4044D048C
F8F1FDA4FEB70EDBFA1D0B1614020048FA7015420300EC1AF87C0088FAC2F3E4
F98306F8F949F69FF979F71AFADA03CCFC720F10FA21FF50FD0105BF06910BE1
0D11073DFE51FBCEF7D60431002E050CFF26023E03DEFE03F071020AF93D0583
07A8003E0A800B5EF756FF3D02FBE56E0F89EAF70E1FF5590E0AFFC303B1FBD3
0426F641058EFBC7112B128903BEFB97ECE90735FD44EA08129200C1F2BEF065
0C8BFDC808CD0786F6C6F2470330FCFD07210390E6AAFD880252FCD006BA098B
0105EFFF03BCF7F7F91B01130F5304E209A3FEF80FAE0CDD0DA60148F8CBF575
FB9F0EDB09130B4B00C20AA80438F85303C7F1BBFACD0324F71DF935FF1FF668
FE8EF66507F1044903FB00DFEA41F203F9980404FFBE0F8FF2640C54F6DE0246
FC2008F30111F809006FFCF2FDD2FCAC07C80137FA6CF5B0F983F941FD480344
01442096F9250493FE4AE9AD004A0292FE6BFE2A0FB9E231FE4C086709681590
FFEF036AFFD1F3E4FB52128D0708FC620A1106F00246E3340396059004570EA6
08E6F7EEFD0D062EF7FBFA5F0667FD9AF5B905D6FC9B095EFFFA0508008FF936
05E004B804010302F87B00180661032D0E6CE99BF3F811EA03C2F1E8F50FF135
0988F826007EF7C1F5C1F239007FFC29F95808BFFDBF090C008DFE740128F79F
F7F5EB6E03BDE94F06A5FE8AF0830989FB870788FF9EEFD2FF0DFC3F0F18FB2F
F814116B0BA306C6032BE87EF4121571F1E50AEFFE7FF72D01C706D8F8D70622
F8FD06EDFE01FDF0089CEF29FE6D043EFDBCFD2803F109A3FD20041101E205E2
FBEAF380051406450A09EF72FD2806B902A805870A1FEDE1FFAC0B24090E05C3
FE181834FFF1F09E0D57FF0BED6E17A510E9FAF6104AEC190C91FFB3FDBD090F
F4EAFAA5F3B8FACFFD4501360008FEEF0A2B081B0179FA130805F5410A03F621
07CDFF91EFC710D0FA91096AF97F13BB0BE9F868F6551036F6BB0610051DFD05
01CCFFAFFF2208580572F004FA3707E8002EF85E020802E7013BF8610B14FF5C
05B2037606EBF5E7FE4800EDFA5609A501A70137FC90077CF4E6003502EF13EC
0781F49600C6E8DBFC78EF54F5ABFCEC0A5A07E0FCECFCDFFFF6F7E20324FCD6
06D5F4650F02051EFF27EE6CF2C4F42BF957FF34FE92F6CAF7A2F6210D8B03F0
FEACFF48FB87F83B00E5F363F5CBF7E109820610F7B700BBF48E0AEE08F70562
10BDFA0705FEFD2E00F5F677F75402EF0AF6060DFA9DED2801B7F44A05F0F34B
111C0C91060508B40DEDF108FF0B0E95F3F5EB42055CFD6FF3A608370076F5E9
018309E7FE16022F023CFB62F204090F06ABFC4A0DC9FD060845FC3C02B7FA60
0308F9C70CE1FB01088AE20100FD0722F15EEC93F55D0EAF014C025D07BE023E
01601496FC36FFEA07A7F5CA04E9F079F7C1FF9EF1F40CA8F8CB084D0C5614AC
032AF02A06E3001014A2FE7DFBA6FDD704AF0013FF39FC9DFC4E0DD806F4FAEF
FEA62667F970FB10EF55F3A60F7DFBB4011FEE37FA6708210A4B05FCFCF4E40E
09A8DCB9F5F60152F2E90B43026FFE6C04B1FAD6FBB50B6C00A50C5FF19C00EF
FBB100AD049AF88A026E000701520C270D99F5D1F9CAFF1A10D70528F2B1E7AA
06CC0FFEF46011CA01C1FE49FA530080031F0FC5018FF81E0C31FC25FD5AF9EC
FCE4F3E100240BC2FCC30EC0FBB3FA900A780841FD8EFAE108AAFCC4FB860BE4
F87EFF78050EF83C04C0179B08E9F923FB32FD6CF91F01730D91FD440189159C
FDF9F4C104B00B04FE8EF61E033EFA94FBEF0E5005C5FC9B049709DDF192FAA7
F6F7FE42F70FF247068D101BF95FFDC0F697F5EB01E7FA7F112805AEFF550FAB
FD5307A30493FBF9FC1F0241051E069306000413F963FC27014FF171EE05081F
022CF7C41CB301ADF095F8340244F4A80C750D3A0C5E056A0A8EF4DDFFCFFC59
06C206D2109C00BFF2B40E52095FE9BD0441042FFDA21BC0F84A0458FAB20A8B
F4A9076FFB04120A00D10A8E0997FADD0D02F92FFCAFFF82FE29098B0035EC11
FBF0061A02F6FF2C04BE00AE0B42F46DEC0F08850754EFE1F8CC1798020E026B
F8CD061501A90093E680FD4A06F40178FDD2FFCAF9D503C10105FDD9FF9CFC94
01D0F93613AF1169067F08E30110FB32FEDEFC00FBD40953F2630EC007BC0AA3
F4F203D805EA071204C1E2BFFE95FD9B01C1E8DC07E4019F04150E140BCAFF0A
0785F6E60B12F77CFD8B05740769FDE9050806B8FAF8F448F3D30EFEFDF11125
0A8A064CFB19F024FE8EF7ACF5BBFAF107CAFD490685F2400B7F0DAD0670F197
0005EFA206130C45FC3FF184FF4709B9F9CD0482F904076F0589F89AFAD1F682
FB70EB66FF2BF217084E0C950443F99DF7E30DC5060A0C0403590A3A0764F8B5
070FE5D70887070001B9FBCB126D06E10E0604BFFB8905D70007FC94FE0202B3
0424F993E9DCF81FF81F03D7050CED7F01B90E810734F00BED120FE4FB73FA4C
00A61123028AF3990315F86D07D301E8FB13FA3DF9C21133068303DF060B01B3
00F2F9980A45FA48109BF704FC4407A9FB6F015C0223F4870820FB77FF8AFF02
FF99E5EEF91F08ED0414FDA30470FE8E0EAB136D0101F8DD047FF636F556FDAF
0207F969F1D303C90490055703EE0383FA770527FA25F8E5F80E030B0852FF7D
F2B9E83611250166080E04D8162BFD5409F50ED20B020ACD0151050DF97901F2
0E63F6C603E40295FC9CE71C0560FF7D136B012BF22A00860B38FBF60E4102F3
FEE30E990D4A065E01F4FDF6031D0526042004A1F9F30B9D097FFFBA0331F5F1
0DF4E9AD0377F816F84FF6DDF7D901941271042AF7FE02030BF0F7AE02F2F3F2
0C92031DFB34FD8D11ABEDDD081E03EB01BB01DF0038E79D073B0B5306CCFA18
F4570222F95408FA0D92093408E8EE5CF855146EF15EF23CF703075F09DE0F1E
FCD100371031FC3D06AAFB64036207E9F733F930FE03F9E7FE8FF4340546046C
F88DF858FDE303F21064D9460AC40550FB69F8C0EEF4178AF7EB0088022FFE6C
05530A1CF8DFFA16F6C3E9F3FB0E0772FCAEFBCFF6CA0C69F8180456090DF4B2
FEB002E8042200FE062AF2E60B13FC6BFED6024DEDA20196F4D0F8920C10099F
03A70102FF58E757F98706840FE804AE0604EF5C060108DCF4FE09B201E8F7D9
F244F6BF020300EA07750C9CF0C1FBA90872F1BAF755E2DF025CFEEB01460A92
0362F61DF984059D0CD108B7EE810A0C0A2E05CE0024FFB60351FBF4F66812E4
0F24FA89F83402B00DAD0BBA00B0079206A1081C0EC5F1C905AE1063F31C0331
F3F80E9E0948023DF9AD18A807ECFA2B15F7E804FD82D7B6FCDDFA28FEC0F95E
0BC50993FE61F8DB0491FB1AF217F09C05F909541166F8F607080865FFD9F0CC
04ABFD29041BFB41FD60ECDDFDE20B95053EF8C2FE5414F6FF7BFF6708530479
031CFC910941FF22FD5709260B670348FA48095706240EF206D5F62D020402A0
FD78F900FB06EE21FCD7F3BC037F0194F72A04E0F6BE08B9F7BB042FFF12F61F
0632E34BF55806A00B54088C050EF472169F0CCCEFD1FE140044008A07FD0162
FBA1FF8D0011EAF4FA9BF0CDF93BFEA6FC26F5E2FC66054CF1C70B6CFB0BFBF4
0D5B12FEFF65EEC110B6F55909DA090705CF010CFAA9F36D04C0FB9A070C0349
FCE613E4FEBF02D90252EC42FF99FD5AFACFE1ACF96AEFDAF285F77800020B1C
10ABECB8FBC1FEA7F8E5FEB3FEFB0EF2FF71F160F0FE13BA0610F48C007F1FA5
00E2E725FFC4F76B011F0C36FFF5EEBD0760035FFF1C09D707C3FAFAFC26FB7F
03FE063E04B4EF5DFF01FEAC0D4D069CFA4CED6BFB8CF874F8CBFFEA047C0056
0B15EF98FA490B0B0A37F84CFD91F945066D17EEF8C0EB85F9D00413F89B043C
E6371717FA19F798FD970579F951F1C90E0EF7AA0C0DF89808270418FC55FDC3
F511044C020F091D0337F937F8DBF308F9B4FAF2EAC6F789000B03FC077201E5
FD85EF16027402430504EE67FC2AF94A0839010EDB61FC29F46204A7F4A20883
FBCE027F0084FFFAF7A10AACFE4BF437F41003620031F80A0CB7FC02FF7FF44C
F0FBF0E8F89CED32FF2F1708FBE6064E028608AAFF120673FC5AFA4CFCCBF7D1
FE6304690859F8BD1622F1EDFA39F2C1FD21F32EE03C005A0325FF550ADFFED1
1203052A0B0CF00D03C6006503CF093F04ED01D4FEEF0032F9EBFC58FACBFC94
FB82043BF72FF78CEF12F2FBFE90F48504F304530DD1FE98050C016CFF64025C
FE3E02FF0A570617FFD200DD03AD0593FAB3F8AC03040420077EEC41FDF7060D
0AC4FD24FFCEF3A5F8130599002A0ABA077001C103CAFC0606EB00D80037FE78
FF4717740854FEC115C30BE80CB0FCC3003BF92F0CBBE1D90B5607AF078AFB2B
13A1E981FBF3F7C80609142BF7D8FA86073EFB36FADFF3CDF847F8B0F2E2F72C
0202FE65FC56FDC6FEDA0231EF74FC66FA4203FA05BAFD660255FC71FDC6E98F
0273260BFF81F8A7077E14861172FE5A06C8E8A800BC1CE6021603A7FCADF951
0120CEC6042109B40E6007F20A0105E1F86708CD04DFFC6303EA0741FE90F326
F9F50F1FF372ED3DFF7EF76BF224010D0204F6D1FE66FF0202E80E71FD30075C
FEAD0CA1FBCAEDCE08DF10970FC801550AE709E40583FB7BFDE100B8F8020EDC
F4EC01170CEEE914FCE1F3C30E1F08750A4FEC9816C8070D015CFEB20D3A057F
FBCA04EE022AEEED13DBEE1C0692082A0707FEB4072F0D96016EE67E00EF1306
0DA20A9CF0F30B32F87307C2077B04E4FA0DF11612A40A8808E7F012FDB7F677
F82EEEA6FE24FAD0FFB1178AF8AC0AC1F5CFF24A25CA0266069315BCF3F9FF83
FCF5F8D80A6D045F0C28FE06F69A099E090101C50E55EEBF0408FA18052B005B
0C3001F4FA701125FE940590FDB1FCBF06B604E607ADF458023B02DFF43C06E3
06E7FB47FDC0F47FFC1B19FE0438E5E00E27FAE602B3093C06BBF23AF588F7EB
FCE8F88102B0F34A03850E14FB7EFD4F07E4E5DDFFB510C7FDD50229EA92E8E2
0B7806E7FB3EECB5024AE8E2F46A18B4FF86E8BDDDEB0FB9F542EFDF0A1CFE5B
FCD2FE9803EA0D5A020BE09AFF5619A6F7680742F688FDA8EBC207520A0A12A8
0DAE03B3F00BEDD600C9FA48F71502D6005CF6F0E456EF6B048FFDE00698FF6F
FD9EEA01FFF1F0F2F4C3F48EF4D4006EF9FC005602A309D20081F5480A100BAC
F941F9520DD1F4D9FE59FB27F0CC0C9B01C9FD47FFF117EAFA400177F72F1C0B
FB0503FF053EFB6DF1BDF6ED03CB00C2029203F8F26A08ADF55DFD02084BFC08
06BEE948040EED8C00DE169CE870EF5801DEEE7F0C53E643FCECFFC5FB910256
11A900FA02AE06F7FCCE09BFE2B6F22302BD081201B0E0CE06741959FFFAF280
06DE045B02D1EED4F379FAD300B3FF2400C1FFE3009000120A4F0168F643FEF6
0914F92CF84E0165FAD6041DF877FB46FB71FD6E03B0F8ED0666FED4028BFFB0
11560CBEFB8906E106E9F962F173094E058CFB33F7230C9506CA0289FA56EC5B
00530409FA1DFDC90570F77400C218CE002001A2FC9E096AF79008170839FD43
01AAFD98F8781353F8D6072AE1F0F3B50848FA5B0B2C0C810ED2F6680C7903DA
04B3055110B2F6A9FE03F600FB440753FA07F956FBE4023E06410096F48202F6
08CBFD0D0397F8C1F73802340855F6C91641FE37F46AFBB10983088105B303D6
0242EB5C01C60077012804B7F74B12CCF6961273F791FDBEFB0D08F504D9FA7D
0159F833F74CF993139D06B0F2BE132110A7089913DAF6B30C1EFFB5087CF221
088A02D20C5F0228107D0582FA54F3C1FCE2086A01D90335FF1707EF0B7E0E7B
0012FD7FFD420401024AF5CFF1E5FBC908B2074A0299EF3B15BF03940953F2BA
F95F0427FA8704CF0861F9B7F862FCFB0586FA92FAE8FC4800210696FB13FB81
0D87046AFDE8F62BF964F33A071B054CFCBF0193FEA5FC01018FF7D8F709F7F1
148E071C0E481097FE090410FE67061EFFE8024A180D060412280DD600D20C42
0FC6E63304F6FAFDFC7CFA5F0D0A01ACF073F85C0319F955F639EC54018CE340
F1CA0C2FFEA816851D20F9190766FEB80A5500DAEF801175002DFD070A9AF143
E7DEE7FA104FDD99F638F4CDFDEA1671EDC2F5140612EB95F0FDDD700FACFAAD
FC300AAFF482FD6D085E020306FCFFAFFB890BC8FE32F4D80322F891F617F0CA
09F42EAA089404DE0E3F04C8F979F6A708D60DEA17FAFB5FECC4E73AFC6D05FD
023E0C2EFCFB021BF4DA00D407E9F638F64B09B701B70689F929F79D0568F7AB
FEDA01F50FD2178DFCF70B26F9340627EE46F450F2DBFD1F0416EF5803E407C0
08AA15A904C40543196BFC61F5C5FFCC01D7FC89EF4A09C4FA1608EEFA57F512
FCA90570DFD01989F2C2F150FFF208310093F10004B007250443F61EF78FEC72
26F30310FFA70DAF0DC9E3BD0B580057FDA90D330668056CF1BC0956FECB0313
F7DA09EFF110F2B9FFD6FB301F06FD04D659098A02350613F50AFE21FEE7FF53
EEC406ADCB3814E9F2AE0495097CF658F0ABFD23FF010A7FED8B09ABFD370568
DE22E0BADB97E21EEBC10B6CF4A904B2F742FDDBCD86EB75E811F4E107A3F36C
E4F40490FD37E697F07F25C7DFAA0F69EE22F246E9F6ECF8EA9DFC1103BFF555
DE490EDEF80FE8EC150B1387EA9D0ACDFD53E6EFECBCEAEFFA22F030136A046D
0301165C02A60935FF64F465D7E4F8CA0C4CFB9A019814D20EEB253BFE4505B7
076AF7940D11101A0E17E14DE2F9F7DC11C902F108CA09B71CD010FAFF93E492
2897E5C4176DFC4608ABE7C8F4C4F72B1C0E1B35021813E1179902E6F62F0501
ECE0F4D5F1C7F94A124DF2ACF794F0CCF990FD74EAA6FB08006010000A66F24F
EA54FE4307170F8CF3230C0604AAF840F34EFC5403490D08F49DE74EEDB302C1
F87C029D001DE3FC0F0F0959E54E07580E89F1EDEE7CF9D6F70CF9850609FE55
103A0158EBFD000F02F50699FE5AFE110511F4C9EEABF767E7AEF7090339FB57
FB6FFE25017CF559033CFD530E3D0A8EEEE8F1D6089BF723F9B404E606320112
E98E102DF261FDEF0162FFE1173CF8DF00E104510CAF12F808F1FB55FEC4E876
E7FD06C50D0BFBF30B051E83FB49097D012FFA24DAAD0311F80CFE5AFE94F6BE
F0CD0CBAFEB50449F6910017FBA0F8790998FE95F1C4F8CB05B90CFE11B8F53A
0A22094209A70656FBDF0DA4F5A70545F353E8DBE9581742EB91EFF50DC5EB57
C550F6F7F205ED1311F3EF13ED2CFB33038FFAB7DF5A053B04C1F941FAB9ED0C
EF4FF063052DF9BBD91CF92917C2061A0A66051015CBF8DDD6E10516FCF70E44
0886F730E5F60700EC10E28EFD690703EE53FB910921FC93DB0D17DB07C417A0
1009F885F51B1BD105E90661FF6CFFF50C0B0AE8CF1200680DFA1BE00172E791
20C212A707EFF348E81F13DB174714C30C360E453181029FEB9519D8FD39070F
FE25EBEAF023FC2FFDFB01B9FCA60ED3F7940AEA1E1A0CEDEDDC0D00EF0B07BD
054D0E48285EF7B20665F49A0E6FFE4203A400700AC1FDAB0F87F00A0D79F65C
F8281E6F04D30C23BAB6034B0B41FDF2EB5DFCDB20C307FBDBED156914DC0C78
19E4F07CEFC3FA5BBA6FCAC9DAE40B84ED4A109913A2FD7FD68510C1F19F1318
F2F40B7DFD4C06E4F425FBBD04BDF9F8F7E4FD810FBDF51FFF7CEE79FEFC06C6
FF4CF7C7141C2030FA48068C0F4DFF7300D50141077E0163E2C50D40FE8DFDF7
006DFAB8106AFA250426F436F82AFB40F6FDFE8D0674FAB60AC7FEA2FE990337
FE560CDCF242FFEB05FCFF42FAC00DC1066C0124F3940C220555EC340691117A
FCDCEABDEACD007DF7C50133098504F001A4035AF844033305D3FB4207BAF91F
09B00AECD603F7D1055000E1F9CA0A7F0DEEFE0BEB40F100097FF8B4F1E10584
FE0C021A0706F68F0DC90A84F007FBEC0BBDEA3205CEF19200BAF91EF439DF25
FD38F32D116306F6D9D4F2650CD70830F97605AE2111078CFFB7FBB609C208FE
F70DF024220F00F60F44E6EEFB79F849F79EF5230D2105DCF776E4BB06E9ED4A
1409F716E51BE78CF8BFFEDB127FF7B8DB5AFDE7FFAEF703D9A4F97B0BA80540
13151769052A226EFC70E4DCE6780382F399EF06F2130853FA55055AFA2EF923
13B0F29C1594F10C14DB048EF7F5011F0B0EFD36105C0590093F1C7DFEA50C46
DFB3F4D20252EAB7EEE811E3025AFD22EB07DACAF61B029C022CDEA70E280E44
0149183608E2136E14B2FE4AF5860CA511DA1676028EFFE524EDF6B0F6B409F9
09A5FA28010703972A371CAF01FEFD96193E139216E5F86C1EB217F2F77C1A35
FD37E8F81254EBBF0494FCF8F12BFF7A026FE918F1D1F606EB97FAFB0973F241
172008F810940740128BE8D90C55FCC80BE6F0C414E10D7EF224FECFF94607DD
0E9FF89EE20600B7E7C9FC4605930192FDBD1238FFA50136EBE1141FFA0F1908
F42308380038FFD00196EF1BF9CF0135F83EFAB6E5FC0D55000CFA0102B6083C
016303E1073801BCFE3F0A4AF972FE0C0DA00DBF0CB1F225096A0B73EDF5FC18
ECC4FD0FFF6A03CBFE3AEC4EFD6AFF3D0EAF02F5F512012318B4F383080003CB
F2E704F5FA42FE09FFD808B1FFB3001DFB42103BFD52F3852302FCD1F7B50A3E
112BEFCCFDAEFE1E045E02C007B9F5C307E303380600F352F9FE0D8700C6039A
FCB003C012C7EE2BFDE9ECA9FFA1041EF199FEDAFEC70A071D58EB20F6EEFDD7
02A903A701630BC70142EC4807BCFB4F0C1DFF83FFA104066E7309A3FE18F590
00E90738FB38F2D1078FFF85FF4207320493F867FD96089BFCBCF978FBA8FD5B
FF31F618F69B085EF950F83805A5FFAAF5930F4FE763F4EF2CDB08F7FF7EFA2B
06CB16D2F612F7E9FF81FABFC21001A715A1FB51E640FB0107220B880646F520
02E2E36C0AA1FD290BB71856E6F911530AF30349E72801C40FFB13CD0477057C
D8FEF1F3E38AD666D61E0CFFFCC4F377EDFAEE32E76809B2D8A5FC601376F510
228B0A7A02381C070039E2830683FCED00280E6D18B910380700E983ED1AF08F
0E36EC50FEFE0FA225EEFD5AFF7CF66F1DE60DD411F1FE7D15EF27E2F9BE173A
FA08E9C7218A08EBFF19FDCAFC280CCCF34FFB4117A8F6D403D317E8EB50FF07
09D024B4FF461679F179E95F1DC8F62BE1A1DCF9DD5CEC9F0789E6EA057605AE
F665F9D9F5B10660048BFA8D0F2C06F3F2810B2C02BC0CBC010208230019030A
FCC0F2D1E1C2FDBAE43D049F0A26FB42FEB8EA5F0613040EED9CF40E08430DE1
EA76FF13F96DF063DFD8115F067E0687EA97009AF0EE0FBBF49EF8ECFD6FFE87
E858FF88EF020106DB42D106F7F2F728FD7C0011FA74EC8404A900FB0946FD90
DA69E1B50B2AEB47E026DE34E9A3F7E9F56AFE16F416FC9B04FDF21BFB7FE62D
F1E203B10615FB810355FD1CEFE205170C68F955F2F6085B08D106F10BF3FCF4
08330BB3FE18F00618E8C7EC0091EA3204B60928074BF0211004F762F6C6FDB6
EE21F600F9650C01115BD353F04101D7E8EE0830ED57FE29097FFDAA07C0F29C
070CFA23F709F8E208892D0304AF047AFC2DFC71FB2A063CF68AF398FD0ADCB6
F92FF6340919F0DEE038F0C701AA04E5FB1A00ED102BF84AF8F8F76BF949F65A
0158F45CF8F0EBD2FA2E2C5BF7C2010B0EF9FD60F12E0A6EF4F5FF6A043202E9
1443DDAADBD9031E021F1CBCF830FBB8F988E363F4E9F1E5F3F6F66B0B47045D
C7DBF65204F6E6E4E13B06530733FFF3D06ED909FA54FC0EDBD2D51E15AADAF7
13941488FA5A0B541E2604D3EA6DFB630E42F7B2EECB045D001BF7240620DDF9
02900CBF165AF074EA27FF7D0F45FC481651E0EF07FB0800130DD60C0CC6FAF8
F3470E1031C10510F51FEBB4F63113400501CE9A0AF2FC0814F0F44DFE4CE756
0E82032F283CF3D5FBD0E2B60BDBFEDE066B18CD1D25018A13CB1549FCFCED99
100607ECFFF309B8FE0704710559FA75FF0B10E210BB0A1BF9C01265ED3A21F6
1034F2D1098F1EA71256EE8C04230A5F0AE029682250F5580F002D5BEC582938
0A5DE34FEFD41912FA9710D905AFF6D5F372295707CB083B0DD523D6F46A287C
FC0B036DFC02F6B2E876F0DCF025045DFB47ED110FC5FE16FE820CAE0C7B0A33
FD910D0C0E3F1A540DD80F56D79BF8E824A803ABFD4D03A716CF0090F077F96C
F972DE14FC40F1CAE8E50181FE1E0836F9EEF745FEC3F7910935F442FF8D0A9B
F42B061EECBAFFBCE15702840FC6F7B9F331FEF40FA906D8F214123D0C08047B
198A0456F4911A341322ECBEE8A7FEE70C5E22ADF748FEE51A611A58E2A31201
FA20E3CDF45603A70003F9C8EEDEF98504B22319FE08061F0D6B134410B10423
028EF9950490ECF3EDE104AE0A9A09D9ECE3D6AFEF5EECC8F6C9F33C0864FE42
0C57141005C301BA1958F2E60B8FF9F90DF40C6D012D122C060FF2A5048904D3
0EB40078D3EE04F5F442063905A805EAF33DE92F01E0FAF4F51406D7F95B1C00
FE90065AE9530900F4A802560CE402B6F2FBFA5BEEDBFC710FC207F50164031B
01A009210CB8F201FE28E9B40850F50E035702D5FE1604AF08B70F1A0D0AF748
11B00161080AF94FE7E3150AFA0A07BDEEBFF28502A6126E09FEFDA4F8C6F9A4
FCBFF44B05F7F3C60C92011A0B73023FF02DF0F7FA6508D2FEC40CD508E8F939
180017D4145E05FC061EFD6DFE6EFFCEF859104BF68D0E25F618FB13EE8CF526
007D0706FE45F9FA04AA0ADEF51512E9EB630306FB2D0870133A0749035BF8CC
F86C03D8FF50F800FCAF0488F88BF4BBF689F4A61593EC0006D806FCFF18045E
F129F4E0074C084CFBC0012801CD121F102409E513F60A5904A9085FFA2400A0
F23D09BCF9591058FE90FD74F22BE951EEF1FB8B07D60D9413C6F505F4B3FDE7
0D7EF91904F201E6F9610E77095CFBBA07AFF0FCF7A3F784FD800B6B0143FC31
004500DEFC2BF1A2FF390EB6F88E02DF0B10125E02BA090EE8ED0262F89AFF54
0D80FF5AFA280C33032F19CEFF54F828F3F80D89F99DF0DEF5AF08D700E3FA9D
F579FCE2FD0B048E0C5C0F6EF97200BCF16D00A302C60172FE610441FF6BFBE5
F210FC55018B060901812AAE092E14AB08E7F9D803A400F8F598179B07030AC2
FD55FAF6FD0C0CF4021B0CEB01F60E880EAC10E1FF1C04FEFF920C18033C02D9
0582FE9409CCFBE7F7070B990305F35CF3B1118A0668FB0109E80A11FA1F0A9A
FFEF0388EA72F47B05F71ABDF681041CFACB03C5F91B054EE89B0A6F07F20115
024A04EB0B29F8ABF3030DF7FB360614FB17F7E1FCE0F852F79C0605FADD0E0B
0DC1F52C0907074A0BCCF6F4E270FCD1128F0D9909BA0E85029A0D37F7AF07A9
EBD0DA15F93CEED1FE590162151107FDEC6ADE0B0789E971FDA112000835EA49
0FE1FF9CF28CFF23DC62051E0B2A008FDBD0EC98EBBA067CE393FFE9081FF940
15C814320CCF19D51388F9D6F20C03DA0D281B1E01A1FBDF25A50E4BE32913C3
E8ACFC9903D1EFC5F94F1DB10545F2620303E38E0E7404680CD20AEC1290EF37
F11C220FFDC6ECC0F20F1738206A0FB5020BDCD7F446F621E884CCFE0B060702
179A1E3DEFBD22850760DBCB0AEB02DBF4891EE9120505F305960466F9E21422
0C66E6A4F22A07F10F11F1EAF328EFCD11ECFE5115F807020DB329C6EF84FA99
1170E80A0FB710A7F6E0E51FF97F03CE03B1F9DCF8D6FEBEF3BCDA560BFD04DC
0E9402F30335E629F4DCECDE0670F1BD07EBF162016AFBF0010A061DF0EEE7F3
00C50155FB1C14ED0303FE9DFE79044E03D7FFC3F8670F2203D2075312E8FDEA
F7BDFCAD06B8E9F40279F667FBC4F1171420075E06E4F7F905CE14D8F5C1F788
FD80FB5609DB1AF803F2EF0DFAAD0BC0F2D0EF0D05850BA504C50701087602EF
E2ADF93CFF1E0F3BF3B01C54F7541164F293E92F15D00ADAFE210B06177F0759
11850AFC06A210EB005DFF8B01ED0BE1EF1DFF4B0D06FC27F71D19B8F36C02C5
01430252F39CFDEE0123F833040AF19315FFE22EE7FEFF89FE5219C8FFD00209
F75900DDF99D003B099DF9B6FDFF027911C6FF890CB90B220552059303F403E3
FAE2F602FB080D94FF17F58DFFAEF3760B9DFCE6D60D079D1356026B05460609
D09CF5320227EA9C0937FED60A0C0CFF048EFD78FCD2077C269601030B530E35
FED4FC14FF9DF2020599047C08441271FEBFFDE82AAEF7532C000FF8FB040EF2
FAC4EEFD1444F85F00F60481FB10037A137BFFC70607117416EAF5CE034F0ABF
F8AD0D5FF0B7F4BBF334FB840B480B58F685FAC00D3FFC3C235BFCB9007A01BE
0728FFD61C0F126E095202B30212FFCC0CB1FEC715A914B123631085FD800801
056DF258067606A2F8670FF6E968F5D405EBF9CAEED4FC031B89F24AFA581834
06440B5FF0240A2EE9E60AC1E7DCF8AAED20F89DE8B602FD18D207270F6BD9E3
1A140900FBCA10CCFA11EDBAFE24F59FFD7E0295FE910607210CF61304B2E044
0951F0EEE6CC08AF003FEE7D08240DDB07400F06EFF31036096BE65006E9E788
F410F9151367013CFD32F002EC7FF817FE7406770B06FF861812ED05FEF9FD45
FC49F9970790FCD0FD9D0C9CF29CFE2D0569038801EE017C0D28FB9502DCF262
DD69FC0AF23AF486ED0F0DEEF7CD0769F3F2F2AFFE4A0118F3B5EFE802D6F3C9
0047FC05E245048DFE56BCE40823044DFAE2130A175DFFCBE0601933EB39F254
0CE1FFE0FC000A33F80902F00772F097078B0A3902790524F74D1595FC66FED7
04740462FC1AFCB50DBEFAB1F959FC1B0C15FE9DF49C03BE0257082403D20724
F57FFACDBF4EDC51EC99F97F0403F4FEEFC3FEFBCD2BFD180E19EA52F6960588
FB1E095DE5CDEB35E7F62435EC51FFAAF1230A3AE544F8F1F6FC10340D7C0041
0CA7FD030425F95814D10F57F18410DB0363D865F731FC2AF7E6F6150497FF55
FDAB093709A6FD01FE2D053700180ECA04C5087C016801D72181101309DFF590
0F420182FA1107241656FDEDF12005C30DF2E88DF392F97209150965F0F91894
EC35FC15015EECF0FE63006B028F0889077CECA6FCA5030E23BC0562087B13B2
005EFB46034102DB0253004A01EDECF70725F7A4012A03D909C307CEF6BBFE09
0CD10975F7570E82FDBF15C8FA3EF9AAF6A7085CFD54FE5BE76215B9FFDE0807
F844FE5C0C7917B8ECEDF4C814450C3E0C470AC5FDD8F97C0E32F67BF708184F
0652047AF8B3FAF7F9B904B8FF9F0BCB1245024707A8010A0FCDF92BFA99F91D
02B3079A10F4F87AF06313620B270EDA014309ADF685FFA305E8FF71010B100D
FE7FFECBF51CFDF118C1F7C9FB45F9D4045BF047028F10581701035D0A16F031
EBEAF4B30194F4DEED77021FF9C8F42BEDDA0C4AFE43FF5405DFF24103E5FAD5
02F4E025FB36FEEFF5581BB70016FE67EDCEEFB003BEFE8EF4CE05020899FDA1
F7F30788FF88F25110A8FFECFA42FDF6FE03FBE0E9EE079DFBBDE5BB07DEF774
F8F0FD20EC200C59FEEC125DF18908920B8C028E0854F5970B6EFA2501A60714
F6500692EF7FF905FAF7F69F09E8F742EE080ACFFEFE0256F81505E5F4B1FF18
EE4A07F2FBEA018FF9810D92F84315EF10ED12B8F114F19BF9D7F2860602F3EE
FE5FF1AA10D7E6A803B608E909A106FEFCB3FA14FFBFFC77F356E80001DA05FB
15C7FCEC04B205DDEA71F5F6037CFEE9F4C8F71A09880009F4E2F6B7FA8A097B
F4C8FBB50C9FF50C0DEEFDD60CA3086203D4F20BE47EF13AF29AE72F0920F756
0554ED30FCE0080AF854ED1008DDFB6FFEAA0079F5E50571F95EFFBB0117EFC0
FD2709260285106DFA7902AEFDE5F601F6650C3BF5A6FCD6F99AF233042FE608
E3FDEB6A00400634F29CF6AD08CBF640E6C8EF13F0000D83FBEDEAD80169E746
EC400221F598F7B70480EB8FFE220C7E03210143F6C9FE3FFCA5FFCDFCC50E59
EDFBF958FDE7EE01FD84F614F8FEFAC0F9470572FD4BEE7C0E810624FC0CFE89
E494018BFEA7F264F80402C5F96EF5A5093505490D190548FFC4E9B00175FB6F
03DAFEC405BF0B9FFD7BF82F01C8F194ED78EE14DD5B0513EF55F4C4FAEF0FA2
F1B70B7B06DD09580C25E56B036DFC9E05EFFDBCF483EFD2FBA6FD13FA48E7B2
EF3A08BA02AE037601AAFC47FA75FF97F232F1EAF03BF14FEF6AE6B415D1E660
FC6E0141015E1993F17B1265E763FEE4051B0A84FDE20669038B096DF7A51535
012A154102010C4DEC6CE66B057A0C41FD501F29070FF81D12382A40EEBCE970
21C1FA481CE60FBF0D500D62F2E2F5D30971125017A705AF0A6927E1F7781C0B
0DF0FD33067EE58109F4FFB51DE7F6F50A4BE55900BAF80AEF29F2C00C571692
E7E401FFEAF8FD83FA4FFBEC1F29F7BBDFD2FDA71BBE0A78E5F7EA3E0368E80C
0EAF0AC4E9071197F639FD9D398701CDF751FD70FE2E04A2E7CAE680F26E0ADD
15E5E89BFEDE0874F75406C7EB7D0D0D09D1F412DA5F0692F1A9FCD40205ED6B
CCF1FEAE063FF9FDF42708DDFBCE040EF4C9E3F90F6CEFC00B65FD380662091F
FADD08960835F8C4F84C0A92DD8FFC83F9D0F182EF0BFED0F5BAF9DB12CA1D29
02EB02D30043F3A405160374098FFACBFB47F2EEF9F9096304CCFF530D24082B
FA90FD09FD7511840877F554F9B9015AFF0C1A0BFE04EDC2F71D0EECF49EF4D7
01870E3303F0F85CEFAB05B3FF86FAEAE56516EA0AE500B1085E0F3E0CCAF356
0B1501170650FBDFFB4C030502E300D5F2480C87FEEEFB080E04F904F7A4148B
0A61FE10F8C9FE87FA63F8D00B0D04BCFED41CADF1E80B5FEE1400BCF9A0156D
0887FE000B83EFA9FCC3FA87EE720741F2A71E04F462F93300BB06B9FF53FB47
0F85FB99016C0D070499FA5204BAFC1FFC52029BFF0BF793F99A02330817E0DC
FB6A0AA40352F9D1F737052DF8E4096B01EF1021077D09950616FA3007E40C53
F261F603EC0BF1DFFFAFF69DFB85F23FFB4213E20396F9BF018609B707C0FEC6
FAB70F1F2070FD82E874ED56F43D026107980AAFF0A2E88816D5FA570AD10004
F2D1F528F5AC0345144D2500E6930A0AF4AB0A4E06E80E5D1C750DF2EFD6299A
F646D2E5F770E6AAFA0809D20A22034CECAB0121C3B20D3E1722E2D6ED1B20F2
FDE10C20FB420D26F246EC9C02E1EECB081DEB141A0A0715F3BFFE3BF15B020E
1D33F07DF36B29450299037CD234101A004C0FCF13E90223F4A5F0CF0B7513E9
0677EE7E03900653041EF984CAB7FB3F072000290F2B0D420011E71F0D0E251F
F23AF03DFE28D292F6C4EEFF03150BD5FF600F27EE31063F0A350C9F0808E27D
0BC416ACF2390210093CF9791FD7FA7DFBA200FFEF40F232FDD3FBD6FE930127
077CFF1EE36BFF74F792EB1A0155F5B40650FC67E9CDEFD81412E490FAD6F833
F4D0119C00470ACC1579F585022C0D73EFFE012A039FF7470854044DF28900CE
1179056AF5A8FDB6FAB8F5EBFEA5F2B604B1FD9106970ACE11D40902F2B0FCE6
F068FC16FABFF302FA330368030FFCB7F9CDFFFA0194F2210465F8B006B71371
08DB05E6F8CBEF0B0C50FEB0F157FCFC098F1190FEBF0ADF0B0A06BAF83A1951
167EEFE8FD7505E7FD7200C9FF4401770BDC001E06DCFDE4FF61034D01ECFD22
00F40021F93101CA108906510556068002580BE3045AF93303620E5501F00E95
F9920559FA980A720B41FBDCF2D0F72FF907157400CEF905161A0403F464DFFD
094406D9FCA9F8B4FA6005FF05D4F66B140009F4FAF4FF63090201D9047AEBB5
0F07047D09CFEBA9F225FD55FF8203CAF9EA073AFF5601D407EBF65EF4E1DCF7
014003AD0B5C0EF8F24F06C6032CFFF013800781094A0A3A0DB8FB14FF67F939
FF8CFB6BF60EFF210B1F0AACFECAFC3704391A2907EDF41202E8FBCEFED40FF9
F65B0BD2090705BB0480FFFA013804511330FFF709D70F14137A093500BC061B
03C6014D0267F986023FF2FB00E805E1F4CC12C310BEF9E71414059F03F103BC
054906180A09FF1EF3A605D6FD1EFE1002C7129EF833FC10161D055AED0D1046
1411E426FCEF01FC070EFF9804BFF73A030B17D7114D05E21027FFBA0B78F398
00E4042E01C10FDD0B6B0A12090FFF75008901A7004A0DC64584036C05E2EC54
00490394010901CDFDB907BDFF60FA1309CA0C1EFD3BF8F52DB6074AFF2709F4
FA0E06BBF7360454040A0E1000F50820F9E510AAF58701532D8BF6C6FB100FBE
1433F82BFCBB11E60837EF4F1BEBFFC8FB6A0E2F01920A0CF72AF77001D5FC70
0C230317F74001AF107C0DAC1F16F84CF4A403270BBBF243F8C2F473E919F864
FEDE0C4CFE1CEC1201AE164318A50864EED501A308EDF7D8E84B02AA01A7096A
0A7B0A1CFA2AF9F8106D0A850787FFDF15E8FDB5FE07FC84F762ECFE0E7CFE32
0B290FFB1A77FE110B8319CB1FB8070C023DF42507040B140E0F09020896FFFD
F0E70A6F14A6F6F2083C0BDDF42BFA690D0DEF2EFAD70886024006BFFF2704CE
0B5003FF08180A030D91FA15FFCE0555FB53F3110B62FC10FCAD04C5F135FC75
FA1C01F3095D1574F01C13AEF17CF11EFA430085F233029DFE6A0703079CEEB2
FA4C08501A74F1E1042D0318F8CA055D10340881FCECFC7DFA280557068FDA24
E10CF9C5FBBCE78402C6F7CC0479063D0570CA57EBFE0B560119103FF61B1494
177DFC1203930CEB0993F53BFBCDF04EF76C1A83FB90FAD4F0A4F851027CF74B
0BDA0A09E45C0BDBF13FEE1E07110C03AE89D21FFF1A00ABEF8309A7EE6A0584
917DF6CE0409F807FE8F0DDE0AF600B925BDDEC6DD06FD0CFBFBE9F50225F8D4
03E4026CF46E0899FF2C09A60725E5E815DA172FF830EBB9DE41071C1F66F167
0E2801E00008F7E4072B017F009CEA44B2F4F581F9FFFB4EFA3F083E07650C94
C0E0F96FF3ABFE1608ACE41AEFC203D8F5581085DFB9002BFFF9E9EDF69A0894
0C03FF000D0A0124FA57F70D017DF4DD1267212AFAABF90AFB4BFB65008BF6D8
FF330CC80939F38AFEC1F2B6FBE008C1EE66187EF64BFDD50D4620FFF53BF239
FF2EFBCB0340E9C6EEDE00D71AECFD33FF4F010C00CEFB8D0336109BFDBEF89E
FD31060B035DFB3C0540FDFD10D80D030FF4024A0B9108FA0BDBFE3FF8DDF284
F9CEEB59FDCAE104FE01F122F982FE7F099009FDFC0C132FFD03F751FF68FCC9
0068FD6400010ACFF2740236F570FCF60451EF5B0411123BF9BCFD2F064BFE77
FEA301BEF00015B1020E113705C203CBEECAF51211BAFD6AFF900FFD0F2CF960
0714FD1DFD4CFDF00DEB07F9FBE9F54302C4F941FC1D01FFF964F87B06090621
FDFCF78710EBEED9F9FCEE6BFCD8FCFA01A6F0D1F16A02BD06050606FEDAE70B
0117049D0944FE92FDD0F0CCF9FB03230472F2F0FA24073F08350C8A0AAAFF65
0B5BF777FC250301FDA3F44CFD9D0C4C0610EF02FB35F4EE04921463F3E21214
03170A9603A803F215660315EC1BEFADF5EE132E05180923F938EBAF09EA17B6
076AF473FF9303150D3B0DFCF3F902CE050AEC42F10EEE1A08AD06AB17A80EDF
050801DC0CF100CC0FBFFA630567F10AF418EFAE092FFAE2F24DEC70FE92FF81
FDDF031303BC011901C9FFADF287FC690F180389FCF8140FF972F5CDFFA80050
F903046110C6F7FF04A5F014F75B02F8F6500089FFB9F1ABFB6E03D7FC28052B
080B1530EEBFFC0D08CCF2B00900EB7A084FFDD71117F8B9F8F00A2B0F3C1834
F0B50FB205F2046E0A6CEE9DEF98052400B805E40742EE7B17B30CCD074401BC
0724FC45FC8E0826FAB0FDF908C6FCFAFF67FA61FB51099CFDC40D4CF5FA0E5C
0516EEB0F559F1240FB5028AF115F2DF0A87052E0307E9690DCFFC050E510C06
F500F980F38803AB0830083201290CD6FFBFF5D6FD58F45306F4F30E144DF799
F79CF636FE0FFBDDFED4FAEE0DA0F5820200FC441AAF0582E507F5FBF704FB65
F10402A7FB91F258F1A7F28F0F4F108211A6042EEE77F664F94EECA4FDCEF967
014B0B0115E8EE00035AFD31EB54096BF2C1E9F204C9099CF6D3F59CF88E0E91
09F0F657118716D7FCBDFF96EE9F0A8A01A2F47802B7FF15FD34F42FFDDFF707
0BFD192E0C1E043205FEF63600F302EDFFA30211F05EF7B90A59E9890F6F0973
F92406A2EBA5063413AFE484FB61F3360B100892F1DAFFD6F8F3F6A5F8E4E87F
00140290F44A023DF8230B95023D1202EDCBFB040B50FBD3F7A5005C07130446
F18AEBAB015603CFF999F7F20472EEE1F8F901CE008C0A68014DE9A3FC5E10F3
E0140642E38EE286CE2B17960993F401DDEADF71F845F744F39AE6420ED309A2
0ACA03C60D34186E0A6AF62AC9ED001F14420C71F793093A16691954F27E231B
0297EC02FDE4F922121FF8ADFE8E0B5B071BFABAFF2FFF08FA98FF4C0734FD37
054AF912070202D9FB6D0D74DD730563FE7707C500E5FA7A079A0E39FD4C0B25
0C3B02BE0D0C0FA82866F167E4DF136C1B732303FB23070D1C5121CDF1430D4E
05BEE6BA0202020AF62DED000960F452F55BFDEA067D0287FA88F08CF157FC90
0004131908C4FEC603C7E572FDF3FCB90D730697065D048800A61325FDA70175
1633FA27F51925C315C8F67D0A0F09BB0398FFF5078B125B18E900E5F6540886
E38BDE29D66EDC71E33A01E915C4EF3BCAB5EB4000F1E872E07BDC651CA70B09
F55EF597EDEFF830F0A0FF87F80B07B3F614EA70F8180162F293F46E115AE68E
03E6FB42FD02FEE9FF9DF244FD19F960FA67F7110126F4A1E3E104CF08AEFA7D
F4DF07E4ECC2044400E1FB69FDBEFA83F95D02B5F51607970854F3F10191EC95
F5E20B7EFBD3F03BF57910DEF413FEDCFC29FD570079FCD60CB8F34A0FB10DBC
FD1A01C3EB6004D2FCCBF426F3BD0AF90318EDFCFAED0B7C0023FC240868041B
FD2DFBE4FF4AFCB50F37F517F5A30EF60DAF00390FAB0E740467FF9DFCC8EB40
131CFBE110D70A99016E02120BA614A70CB1F80E01940FAC0E0B0A0FF5AC08A4
18220FE40F8E081807B9FFD10CF0EEF1FDBD0F9EFA10F70DF45E0503EBA506F8
0816F33DFF6508D2FF9DF570FEB2F7F7FD2CF9B30523F05106680179FB98142E
03BD0AD0FD6A09BB0903053EF5BC00E9044EFD8C03CAFB4202E3FFCDFE46FAFD
D6152C470A7AF64FF76B14DF0C1AEF460FEDF90DFB082F4F064F0F0AF7941BD0
1B4AE59D190CF32FDE45E49900D008C219BF124D0D5D1BB4FB73015D0C921ADB
027CFFFCFA6FF30DF2780671FFACEFC903101094FFF6067B09C801B9FDA1F7F0
F86C1890D5FF15B6068A13121B5210B0E9EB19B0EA31E3470AD30047103E16B9
F35BFA66D5471E79FFEBFED9FA57F86BF2D7128BEEA8CEB6059905EF1457FBFB
EA0F1193D535F6831020016CFBF5F26B00001743F54DE636F1D5EE6EF86D0A86
FD60FEB41B72303EEBB2F4490BA5E3EF1431FF4703C7EA1AFAA21BF3F563FD5E
FE7FFD860E3610EB0DACFE3FFB1EE6411B5CFA19F315EC500A471570F72906F0
F64E1A72FDE40090FD311953F053F7BB1157F18EFBF0FE04024D0369E38E005C
11E9F98300C2F6CA0FEAFDFFF94AE9A10053EF3B08310B0CF29701850E51F60D
0731FE3A07280564036001DF091CF906F0F209E40BF70332033711BAF83CFF78
09B6068BF8DBFFF9FB9E025502B0F8F708A6033DFA671006F3B708CBF9E6F095
F27E100D06EB075201DBF6D003A40662029EF8DCFDAA003FF76EF4F3F752F7BF
EFF90512FE66ED40FF15002DEF740B50FBF4F842FBDF06270EB0F41EFCE9FFF4
06F6F40F0AAD0AF3079B05D30209046CF1E6EE0C108E0D2C02780BCB0C00F574
ECC5FB3605C3F7DEF3E4F41706D3F9CA08D40D74FDB90E2E1180FC9BEB6302BB
1057F472EB290E1310610CC6EE0AF34FF7B7F3EB16EA0ABD0DBFFEDBEE740236
F78A06D7F652FF90F897020C0FEAF6380E6EFE790699ED49F6AF027EF3C700B8
0C24DC7A0A4908A8044ADDF7E951FC0D052BF23F07A504AD17B51A58FBAC03EF
EDE6F46AF5BFED61E622DB8FF859074217A1F4DFFFC2E65DF09E0684F47F0411
E7051B6A0445D89705FCE341FD2CE99CF5DD0934FBD8F83F0A74F83DF04F05B8
0AADE0D4FE332804F265FE560386FE44EE1EFBA0F88B02D6FD1F07300437F59E
FE7BF3820AC4046BEBB9118DECAD1480EFB7EA98F1ADF6C7EE44F9D5134F1280
EE710F9D0DF6E107F686087B0543F6D0EF21E91C0E7FF8C808FAFDDBFBBB0BAE
0760F218F321073A016E15B41ACB0C83FB3AFD930B45FF58FBD5FE7CFE1CF432
15A3080E044EFB76DF7C290F044808860DFCFABDEBB8F621FC86E9F800A2044E
0DC9236B0648E16E0B690CE7FA03F545DF4801D1043704CDFF2101AE0FC006CD
FD400F4507E9F909FDC5FBC50AE8F381F438045CF6E2FC21F12304B9F9DFEB8B
0D2AF13C0CB411A40565EB1908E6052CFD6EF0F1F5F9F8F51080F2AF0BD1089B
0BEFFC30FC9DFBE5F4B1FBFAF9F7F85008460C9307FC08DB00DCFFDFFCB60641
072BF46D06A31047FEB30E24FC6106CBFC7709800DA2FD500B80FAFE082B0882
F2D6FCABF44DF6A50A2F09F3F4FD063CF0EAFA8E002EFFD9F82FF95B0EABFB87
F4B5EF57F4080D2507E3F473F7D30E37075D08A5F32EFE5007C6FD3F091D00DB
F5E11674005C02C1FAA104FE10FB07C210F7F306F66EF06AF860FADE07030108
02070094F8BEF86103A80921FEED080B1177FDC6F108EE3C0CF400BDF0840831
039C07470224E9530D65FE94FBFD06CAF58F0C4EF3C9F7CFEF78094DEF2C00CB
FFB511B6F770F8B0EE7004DA0BE7EE4FFBB6FDF6FA5DF405137508830E611292
F7D50DC8057F06E901320AD30C9AFDDDF712FC4D0A181098FB2DF0F0015A0526
075DEE3F11C10D75F72C02A0FD37FB53FF30F2CDFCF4F9FA0B040CC805E103B3
F53A0143FB67F4AF027700BA0EB6EF14F976FF3803A2F8F2018F0AFCF0F9FC17
11BC0949027FF845EC360962F553F7ADFE22FF0C0775117AF0B805FBFAE70B16
F50AEFEAF667130605E1FCC1FF1FFDCAFA48ECFE02A4EEB40AA8F3A41028145C
FCDE088B1185FB0FFF69FE850970038CEA52069CFB48F819F6FB0168FED40400
F635FE01140FF751ED79EC36F3F4069102C4F266F4BB053AFFF3FA6AF183F17C
0FC9F516EEAF0665F354FFD9EAD3EEB5F511F4FEFDAFFC6FF3970B0AFF7F0F61
1223F16AD1A70A860311076CE8610FF201A7ED05FB30ED0A0F40FF70F93DFA9A
07E5FC0CED5CF912DE3D22F00F84241D2E071075FE2EF95CF0F7F4B10C8504F7
F4CBF6FCD9A2174C1DCE0F590F120FC7028F150811BCFFEB028D0FA0F4F6FF76
F9D1CB1F1D39E7ACFFE5014EF2A0FB4BD310F328F8E0FB7F0E6305AAF49BF4F8
FDB5F7AC22DBE3A8C63A06C10A34FC80229DED64FB6A07A1F8ED02BF061B2058
F6B9ECDF0A53115AF9C5135E1FCB0650D28606EA044F1A6B1A0516EFFF73FACC
3F40F73F065001911737F259FC4712E3093AF92C075006A3EB72022FE61BFF1F
085DF57F1D40F07CE53CFE9FF2831093249305A6FA23FF0CE625FD97F8E10547
256308C5FFCEFE331768F8A00D6A05FCEF54F80702D800CB026F0163E77FFC5D
0289FB3D071BD87A0DFF07D6055703D4FB45091A0F60FAC8F8AF0CA70CAEF207
FE9F041BFD380522FF5D21BA0A7214E001D807A3EE6AF7F3FD63EDE2F6660491
065BF2EEF9E7FB4DFD131715FE9F15860DDFF79F000202DF033AEA86FD2609E1
FF711014F2B9F9850DA5EDDF0E49F649049F0547EE06F0F0F11309E005380BD4
07AE0715F4DE1B200ABEF78B03A514040C6CFED2054E0750FE11FEEDFE920469
FFF1DF5F0FAA15680C7BEDE1FCC3F6A3FFBF11DE0C1FE9460F54FE8906DA0108
093117F2FAD1EDDBF6D0050A062AEF0BF29D0C2CF5ABF498074D0A78052002B1
02BDFFC80FBB0678FC54E216E55F0FD00C8500A2009709D8F953F8DDF9B2F6F6
E11B0151FB4C0C9EFDEB0401F6DFF8DE053E06E9FA07F554028612A100A101FA
FB85FEE60AB51256010506CD02F3FAAFF432FDB2FF32065C08000782F7BE0F2F
0792F23AEF76F84004E20B86F89CF3E8F81100D30D8BFCFD01E1FA84F2CB0D89
FAD4E82AF7E412881219FCFE060D06F50C7A0410FBAAF3D3FB76F4DBECBF036D
FD19F4BF022E10A5132E074C057301FF007EF64F0701055D0882EFDE07EB0CDE
F4D00D25F3DE09430334EBCAF47DF848FFA602F50FCB0910FC90016CEFC1F414
F99704C80FC4F954F0AFFF7AFCF307C7F18DF179F6C5F4CDFA70FF80F1B20F98
0A0A0333F2ADFC940491089AFFC60506040FF2D1ECFF02AF1414FD7B0F02FC70
08DA0C2A122BEC450E83029EFCC1FE5502CFF712F254FF9C0E1004E207D2F416
FE310AC9FCCBF33BFF3DF116066FFC0C00F500B3ED6506BEF48AF8F900EB01CB
044F01B2F57E02B7FA18054103B5F3BC067C106DECCE0F4EFEE304CF01131523
FD51FE9E0C8302610008EF28038AF6C60D620AED09F716B407DA111A0D18097F
FCCF0BBD057401B50062F1AAEDD3EF2EFC8007450C67F7D4F9DAFC7C0EC1FCA8
047EF78707FC02F7FF18F470FA1807210310FB6004AF0672FC90FC38094F0B32
F2E2F603F6DD0911FF470A83ED2F04D5101007EBF92E11E5F1E406860C04FC99
FE6C081DF5FAEFF70DF8137A0664104CFF620AE101ACF818F93F0356EE991542
07E0F786EB50014208F5F38B12740A4F088003B1019715640DA6F93A090107DE
FF2C0FE80ED8FEBEEEB70F4B09CF0318F78502C3061007A5F755F7E607A00F99
0456FB880642F43EF1EF06BBFBD10B5A0F28149E0C5D0CFDFAA007C7EF75FD40
E96A0EB9DBFF06C609FF0E1F12DA02A9FE2810780748F0E517660170FDC715F4
02A2F244E755EB5B028006881AA5FAF501E2F61106CF03C3120EFDFB0AF00B66
E1A3013BEB3D07BF0AB8EC3DFBF7FB7C0D20F4C8044D0CB3F8C7F3EB01DF00B2
DDB6DA5F0374FCE5F67F1285FCBBF3EFE191E55C00ACF7E1041500F704B5188E
F3F4171911BE1E83FB55EB5E0CA1FBA6EDF20FB41088FFBCF22B1590FCF4F1C4
E7F9F7E903B5E1A1000E045EF4A8083D0099FD39EE34F39EF148FACEEC2EEF85
0D7DC0300CB8E28FFA0C07F5E83608472126EB39077511381CC403DE071CF35A
19E2200002FB1B66EED0F6E0DD95041D1EB80ED6FC01F95F26E6F601166FF781
F780076F18CA045EFC1E0EBE2512097D049EFE9BFE8F0A0500B0E0C20D8A0430
C162111F12921F93086A362A22FAF72EEF25F966F2FCFB560041F726FC44F215
07A517DFF88A1F350EA408B221D4FB76FF12FBE50A460068EC0705ED040B0A16
39B8EF75E28C4F320FB4F17135340D7A099B0097E7AD0C0A1966F66D034C0140
D07005F902F8F7CAF93B1453E1CC150DF4B6FBCD057F10ABED47FFDFF6BD10B3
F3850B6E178AFEBD026B0BC4CD76FD0311CF1BF00F2B046AFD7206780E750DCC
14D80F10080DE96CF25FE1A025670E6C0DEA083BF61115100AA40FAAFB5B012C
2FB607C8126600BC0EBEFD2DF4860651F5A1F795F8FCEB8F1006FD01F662061F
E1D2FDE9F934C7B70A08F5F2E9F8051A01EC0DF503141249FBE0E747F7EAFFDA
0EC0D477DB26CDE408A8D1370582F40CF5A2E4ED071B0FB70065F76C027602AD
F56F17FEF732FD61128DE8F806B7EF740072069DFC3406EBF7720574F8D50144
F80CF60D07A8E9B5F18112860B39F5FB06B0F5E30A830C8803F8F6D20E0308A1
FACA0C97F02518450BE0F7E8EFB7FF6E0676FE2EF599FA2FEFB7F978F440EA5B
033E048CFB26184FF43906FFFA8B088CFC73FA96F82CF810FFD8F4EE0AB0F3E8
EE1BD8D80837F7A602231B4E17FEF9BCFEE7F57D09D1FCC90A100DC3047E0770
00BD02630D121C77F110074D08990CAEFD920D1DF90AFEAEF82CFB99F885FB37
10610E8D021F0D9AF993F6BDF46EFF261255043CF564047F0BFF06B4FA15FE6F
E26CF40E1D43D5F70264F56603BC016505FB00D1FE42EA44031F066E0CC8116B
32F514F2E78505520423FE15F388EF3A1211FD3B0FBF030904B70235E5B6F41E
FDA416D306F8086EFB2AF8AE2988F6DE175B025E099FF2BC1268E81D06AC1C04
183723DDF7821AC60327DF9B084EEB990069EB7509D813FB006DF6C0E164009A
E3AAF286F2E8409D12FAE06BF87802F50655F5F2F595FFCD01560FF0EB820996
1A02FACB17BB1A59F31E183BFF200D6EE50F159DE81118A9FA10F19C16701DC2
1A1C0359158AFBE4F27E06720746F24BFCBBF7F2FC61224BFEE21361EEDBF134
011CDB9BF415E1CEF2BBEEFF04400653F7AC1937FF440F53EEDC0ED90AABF9AB
FA612B6DEE4114E208DE16B31B870EA6EA4415870B9AD4133BC1F8A91740F937
14254C1DF602193719DFED74FC73F937E1B5F5BB128D090E29DD0957F356F208
056D14A2074F01AD2087F7E4F9F01CEEF69208C810BAEB6700620D7E0C9CF436
2E1219AEFEE1EE471699D8FCD46209D4164103A609860013EFC7073D057DF842
205F37B01DC426E3FB202565F74CFDA0F5DFF614012DE437F18202C31098EAAB
0A68FD730409E0F40944FDB0F6C70715F9B90A7E1154038DF38523F4E9C7F974
D60D0A57D923E6C3057C0CA709420D25EB8D11A5F0670B7A1315F45F15D40F0F
F412B66FE730F4D9DDDD1170201E0B76DA57021BE98F05F0EDC3E8DB10A7FB65
E7EBE266FFFAE25AF5A9FF4A13D2EDB4011A074AF1DC0E3DF154F59808A102A2
01A8222818ADFD610241FB300909EF311B98FA4200C1FD11F7DE0A6DF526F0D7
103A029810C20A20F5F0DC64F4B608E4FD88FA33F3B8F577F4F1103E11EDF85D
162E236207630BE7051A0B2FFAB8F8D3FE67FFB012DDFE7907FD1829F6500B07
0F4A170BFC72196813D3E8C60C3E0989EE34099104E9026CE334FA69E1140686
F838FA3DF3C2D69500EA021E102EF3EA0665041B0EB10E142031F7140403FE00
F228F48AFE8EFB7A071913EDDCE8F216F2D9EBFB0532F61608770B3DF1E7FEFA
0D0C12AFFFE125A5F7CDFF87E9270884F530F8A408DD0B2EF25B03D7F34FF2F0
1383FF100F92F476005712E9048CF954088EF416F56B06920D830D220C44F1FC
060DF7EBF59E06E5F524E118EC29F8321742F063F9F9F95CFD00E725F7DD00E2
DE90F0FFFE1711890B7F020AE08DF8F0013B04D7F81DFA7FF0580489F4910DC5
0ED30248290DFCC3185BF2720A24FC00FF5A173DEE6E067FF97B17F9FB79FCE5
F97BF63C04891AB805141263D9D6093F0A86FDBEE149EE78D8C200B3F5941623
FDAA1907F4C8FF180B2CFD6CF85EE98213C1F78C0788F78D0EFF0BA50E32F676
0E27FA12F185FE0BF52B04AF0FFD0E7F1EF7F58EF7D7F3D4EC760BB519100D2E
03F400FEE741FADE0BCAF9CDD941EB750DA8E5CE121B041DFA340D52097CFF84
CF80F2CCE1B1D8B7FF0DFBB101A909C5F4DE1692ED8FF7C6FF5507BB12CDFF68
E7111447F98FF874FE3C0AC9228CFE16EE35FF7DE683EE3EEB0BF8AE023E1584
F4F502AC053DF0F90781F8D4151009AFDC051BC8F68F00DFE8E510E40A860CFC
165901FDF0760BC8FA99E6B31824F796F4F613FE0BE40486208AF15EF6F9FB02
DF5B0C94EA8CF95402231EDD1FE8EA6F08D5EE3D0096F836F691FB771210FCA9
1708E594F042FB6A047EF9D8F9FDE305FD0A02C205AB16BE0DC92414FEECF611
0000000000000000000000000000000000000000000000000000023E04E90790
000000000000000000000000000000000000000000000000000003E701E2011B
0000000000000000000000000000000000000000000000000000048A023F00B1
0000000000000000000000000000000000000000000000000000047D01B7FF5F
0000000000000000000000000000000000000000000000000000049602160178
0000000000000000000000000000000000000000000000000000055B02880158
0000000000000000000000000000000000000000000000000000054E01F2FFC1
000000000000000000000000000000000000000000000000000004C401F1011D
0000000000000000000000000000000000000000000000000000054E024D015A
000000000000000000000000000000000000000000000000000004E70197FFE3
0000000000000000000000000000000000000000000000000000FE5DFBF1FEB0
0000000000000000000000000000000000000000000000000000FF47FE6102D5
0000000000000000000000000000000000000000000000000000FF5FFDD0FF9B
00000000000000000000000000000000000000000000000000000162FD1AFEBE
000000000000000000000000000000000000000000000000000001DF008303B9
0000000000000000000000000000000000000000000000000000025C0123011B
000000000000000000000000000000000000000000000000000003D8FDEB0088
0000000000000000000000000000000000000000000000000000031B016606BF
000000000000000000000000000000000000000000000000000000C7FF2D019A
00000000000000000000000000000000000000000000000000000368024EFDCF
00000000000000000000000000000000000000000000000000000121017000EA
0000000000000000000000000000000000000000000000000000012601730625
0000000000000000000000000000000000000000000000000000038202BFFC5B
0000000000000000000000000000000000000000000000000000FF7A0077FC3F
0000000000000000000000000000000000000000000000000000FF1B001B0072
000000000000000000000000000000000000000000000000000000ADFFEEFAD1
0000000000000000000000000000000000000000000000000000FD98FDF3F8F4
0000000000000000000000000000000000000000000000000000000C0042FF73
0000000000000000000000000000000000000000000000000000FCF1FDCD0219
0000000000000000000000000000000000000000000000000000F7E8FBE0FD5D
0000000000000000000000000000000000000000000000000000FC730287FD28
0000000000000000000000000000000000000000000000000000FE41FF2FFE19
0000000000000000000000000000000000000000000000000000FDD602280069
0000000000000000000000000000000000000000000000000000FF3E0461FC31
0000000000000000000000000000000000000000000000000000FDB6FC86FCE2
0000000000000000000000000000000000000000000000000000021E067F0788
0000000000000000000000000000000000000000000000000000033508B00390
0000000000000000000000000000000000000000000000000000074FFD0DFA7E
000000000000000000000000000000000000000000000000000007B1FD48F8DA
000000000000000000000000000000000000000000000000000006AAFCFFF9BB
00000000000000000000000000000000000000000000000000000638FC5BF92A
000000000000000000000000000000000000000000000000000005FBFBE7F6D2
00000000000000000000000000000000000000000000000000000779FD9DF97F
000000000000000000000000000000000000000000000000000006BAFC44FBB4
00000000000000000000000000000000000000000000000000000722FC63FA40
0000000000000000000000000000000000000000000000000000090DFE47FC5B
0000000000000000000000000000000000000000000000000000FF83FDB6FC3D
0000000000000000000000000000000000000000000000000000FFDFFDE2FC60
00000000000000000000000000000000000000000000000000000092FE6EFD0B
0000000000000000000000000000000000000000000000000000FF7BFE3EFD6F
0000000000000000000000000000000000000000000000000000FF85FDDBFCED
0000000000000000000000000000000000000000000000000000008DFE7AFD69
0000000000000000000000000000000000000000000000000000FF79FE4FFE5C
0000000000000000000000000000000000000000000000000000FF24FD54FD77
0000000000000000000000000000000000000000000000000000008DFE4CFE33
00000000000000000000000000000000000000000000000000000414F9F10441
000000000000000000000000000000000000000000000000000004F5FA8D0505
000000000000000000000000000000000000000000000000000003F0F8BD04AB
00000000000000000000000000000000000000000000000000000416F9CE0335
000000000000000000000000000000000000000000000000000002B4F9890127
000000000000000000000000000000000000000000000000000004D9FB9C041A
0000000000000000000000000000000000000000000000000000037AF9C00538
000000000000000000000000000000000000000000000000000001A0F9B702E0
000000000000000000000000000000000000000000000000000003E8FC2404ED
000000000000000000000000000000000000000000000000000003DCFA0E02E7
0000000000000000000000000000000000000000000000000000071BFD1702EB
000000000000000000000000000000000000000000000000000004EEFBBD0270
000000000000000000000000000000000000000000000000000000FAF8900526
000000000000000000000000000000000000000000000000000001C1F968FF93
000000000000000000000000000000000000000000000000000001A0FB020094
0000000000000000000000000000000000000000000000000000FE78F2A0029B
000000000000000000000000000000000000000000000000000005A1FC9F0579
000000000000000000000000000000000000000000000000000003A4FEA30499
0000000000000000000000000000000000000000000000000000FFA1FD4A0240
000000000000000000000000000000000000000000000000000001A2FF4D0536
0000000000000000000000000000000000000000000000000000FFF0FDE603A5
0000000000000000000000000000000000000000000000000000FEC2FB78034B
0000000000000000000000000000000000000000000000000000FF6EFC9B045B
0000000000000000000000000000000000000000000000000000FE08FC570360
00000000000000000000000000000000000000000000000000000054FBDA05B1
0000000000000000000000000000000000000000000000000000004AFD320691
0000000000000000000000000000000000000000000000000000FEDEFD880579
0000000000000000000000000000000000000000000000000000006DFF45F5A5
0000000000000000000000000000000000000000000000000000F50F00DF0128
0000000000000000000000000000000000000000000000000000F4750787FB70
00000000000000000000000000000000000000000000000000000460F81CF2F2
0000000000000000000000000000000000000000000000000000086606680E1F
000000000000000000000000000000000000000000000000000003E50BBB09A7
00000000000000000000000000000000000000000000000000000300FB53FFA5
00000000000000000000000000000000000000000000000000000195F8060594
0000000000000000000000000000000000000000000000000000002AFB02FE10
0000000000000000000000000000000000000000000000000000FF6E091EFE2C
0000000000000000000000000000000000000000000000000000FB470675FD53
000000000000000000000000000000000000000000000000000005640569FB98
0000000000000000000000000000000000000000000000000000F458FCBCF627
0000000000000000000000000000000000000000000000000000019C069407CE
000000000000000000000000000000000000000000000000000009ECFE90FB06
0000000000000000000000000000000000000000000000000000F75AF928FF73
00000000000000000000000000000000000000000000000000000215FC9A0DD1
0000000000000000000000000000000000000000000000000000083CF31C00F9
00000000000000000000000000000000000000000000000000000202FD2302FF
00000000000000000000000000000000000000000000000000000094FCC105EB
00000000000000000000000000000000000000000000000000000057FD72055D
0000000000000000000000000000000000000000000000000000FFF2FD8104FC
0000000000000000000000000000000000000000000000000000FB80F97F02AB
0000000000000000000000000000000000000000000000000000FCD4FA5F02DB
0000000000000000000000000000000000000000000000000000FD52FDDE0516
0000000000000000000000000000000000000000000000000000FB0AFB780279
000000000000000000000000000000000000000000000000000000C1FE5A0355
0000000000000000000000000000000000000000000000000000FD12FE0E0DED
0000000000000000000000000000000000000000000000000000F364FB3C005A
0000000000000000000000000000000000000000000000000000038D09150722
0000000000000000000000000000000000000000000000000000FC9FFAD60316
0000000000000000000000000000000000000000000000000000F55CF818F131
000000000000000000000000000000000000000000000000000000A303FFF7D6
00000000000000000000000000000000000000000000000000000E4201D90982
0000000000000000000000000000000000000000000000000000039EFE4DF8E1
000000000000000000000000000000000000000000000000000008280643FCD0
0000000000000000000000000000000000000000000000000000FBAA01A20517
000000000000000000000000000000000000000000000000000002AF02BD070F
0000000000000000000000000000000000000000000000000000024D00450461
0000000000000000000000000000000000000000000000000000F96AFD99F4EB
000000000000000000000000000000000000000000000000000001DF00D6FA51
00000000000000000000000000000000000000000000000000000566027AFC63
0000000000000000000000000000000000000000000000000000FDDD03C20056
0000000000000000000000000000000000000000000000000000032D059602E2
0000000000000000000000000000000000000000000000000000FD30FCE5F723
0000000000000000000000000000000000000000000000000000FFB20C6A088E
0000000000000000000000000000000000000000000000000000004A002EFF18
00000000000000000000000000000000000000000000000000000209FD71011A
0000000000000000000000000000000000000000000000000000FC3B014CF8E0
0000000000000000000000000000000000000000000000000000F6ECF44DF2C0
00000000000000000000000000000000000000000000000000000D8407081454
000000000000000000000000000000000000000000000000000000060681FD17
0000000000000000000000000000000000000000000000000000F9E8F7FFF656
000000000000000000000000000000000000000000000000000006AFF91D02B8
0000000000000000000000000000000000000000000000000000001E021AFF4B
000000000000000000000000000000000000000000000000000007AC07C5039B
0000000000000000000000000000000000000000000000000000FA02FB07FDC3
0000000000000000000000000000000000000000000000000000FEBBFC36F9E3
0000000000000000000000000000000000000000000000000000FCC3FD53F92C
0000000000000000000000000000000000000000000000000000F728FE0602A6
0000000000000000000000000000000000000000000000000000075CFEF00170
0000000000000000000000000000000000000000000000000000002BFDD4FC8C
00000000000000000000000000000000000000000000000000000332073E0B90
0000000000000000FC40069F04DC05810255FD1501DA03F2FAE701A9056AFCB5
0000000000000000173503C9EBD3F922EFB2102FF617F6D915ABFA34F7E2DD72
0000000000000000EB1300DB1ACA072EDFC0F316E47100210B0C0381147921D9
0000000000000000135B1B23017109331A45E97C11E6E3270F7FFE1EE086EED4
000000000000000001641808EC571E5A07580CE50A45E8741BE906F3EB080A5A
0000000000000000192CE78EF19CEE411848FF14E36204E80C57F18520C2FDBF
0000000000000000027FE32EF827EF970361FF21CE6DE621E27E182FE85F0982
0000000000000000FB4DEA7AEE4600C6F727E00815F514020BF0FE95006BF3CE
00000000000000001326F212EF0AE1B8FC4409070030F7E8FC63DFAD23021395
0000000000000000181C03A0037BF609FABB13871588177FF93DF76A09D21002
00000000000000001334E42EDFE0F648305F04AD1BC2EE63EB30059BFC871491
000000000000000006AAF982E76AF3FC11CD1434F977FC5117A9F7BD088CF7A2
0000000000000000025715711C17098813640456055CFD920973E24A19ED0F90
0000000000000000EF69E74E1037FC0CEACA1120FDDBE6451A330D0D250EE9CC
00000000000000001663E378044DF639D25028BBE9B5F1A10200EA22CFCE0323
00000000000000000F8FF6FD13EEE8E7124FEA100D76156D1438016008C8FBA2
0000000000000000FDDF123702CBFCDBFBC2FEBEF4FD024A077B1860D72B123B
0000000000000000126F0646FBEEE92FF9BD17A1EE20EB34F9F500D0060215C3
00000000000000000A1D0472F2EE190BE843FB221F5511A31DA5DC9DF63B0FBA
00000000000000001032141BF873F220093401F601BBF33AF895EE4AF2220197
0000000000000000164C087BF57AE271E6AFF91AFA0DF0F3FBE90061FDD8ECF7
00000000000000001F98F38EE25B150E0DF9011DE82B208EE26819CF14BB0D7E
00000000000000001B38F56F025BF91C078616B4F6F105231CCCE368137502AF
00000000000000001CB1EAEBE3A2F9861864ECC1106CF67AF6980D4BE19B1D42
0000000000000000F1E9E5CA052407F1E6E6FA0FFC59FD2B11A7EE10E4560CE3
0000000000000000FA6D04BA0E580E4FEC090E6FFF4CDA07F4DE0E08274FEFB3
0000000000000000E9390AB4FD88D9911203FC64E8E802192204F5CBEB79024D
0000000000000000F6BE042CEC3F17B5FC5AFC79ED94E9A31FA7F01C15B90B20
0000000000000000000000000000000000000000000000000000FFE7FB04F491
0000000000000000000000000000000000000000000000000000FF94F7AFFE58
0000000000000000000000000000000000000000000000000000028AFB26FF5A
00000000000000000000000000000000000000000000000000000E82F7040512
0000000000000000000000000000000000000000000000000000FADF0339FC61
0000000000000000000000000000000000000000000000000000FFA809D50960
000000000000000000000000000000000000000000000000000001900EB8048C
0000000000000000000000000000000000000000000000000000FE760380074C
0000000000000000000000000000000000000000000000000000079E07BDF48B
0000000000000000000000000000000000000000000000000000010AF8B31145
0000000000000000000000000000000000000000000000000000F4A9014EF8C9
0000000000000000000000000000000000000000000000000000FE8FFD33F131
0000000000000000000000000000000000000000000000000000F1550CFDFB35
00000000000000000000000000000000000000000000000000000F59FCA209ED
00000000000000000000000000000000000000000000000000000BED16DAF529
0000000000000000000000000000000000000000000000000000FC61F1EC0991
0000000000000000000000000000000000000000000000000000F98CFC37069A
0000000000000000000000000000000000000000000000000000FDE9014DFD61
00000000000000000000000000000000000000000000000000000665028702FA
0000000000000000000000000000000000000000000000000000027C06DDFE6C
00000000000000000000000000000000000000000000000000000064FB8E05F5
0000000000000000000000000000000000000000000000000000F502F9C004EE
0000000000000000000000000000000000000000000000000000FE46FAE5F673
0000000000000000000000000000000000000000000000000000F4AA00D1FE82
00000000000000000000000000000000000000000000000000000397F5E3F7B5
0000000000000000000000000000000000000000000000000000F6760896089E
0000000000000000000000000000000000000000000000000000FF8DFE9BF743
0000000000000000000000000000000000000000000000000000049CFB3CFE22
0000000000000000000000000000000000000000000000000000FC46FA8503CB
0000000000000000000000000000000000000000000000000000FBBC07C00930
00000000000000000000000000000000000000000000000000000AB00519FFEA
0000000000000000000000000000000000000000000000000000FE47FDDC100B
00000000000000000000000000000000000000000000000000000C09104806F6
0000000000000000000000000000000000000000000000000000FF04FE39FD84
00000000000000000000000000000000000000000000000000000F95FFE00377
000000000000000000000000000000000000000000000000000009DFFADD000A
000000000000000000000000000000000000000000000000000007630511FD9F
0000000000000000000000000000000000000000000000000000070FF897F4CC
0000000000000000000000000000000000000000000000000000F9A905EFFF89
00000000000000000000000000000000000000000000000000000F66FD7EF694
0000000000000000000000000000000000000000000000000000FD46F58D0821
0000000000000000000000000000000000000000000000000000F789F58DF43C
0000000000000000000000000000000000000000000000000000FBA10098FFA2
0000000000000000000000000000000000000000000000000000ED66FAC607E6
00000000000000000000000000000000000000000000000000000122F90EFCD2
0000000000000000000000000000000000000000000000000000039B05C8FF9F
0000000000000000000000000000000000000000000000000000050FF031EF5E
000000000000000000000000000000000000000000000000000001890375FE5E
0000000000000000000000000000000000000000000000000000F9AD00F2F43D
0000000000000000000000000000000000000000000000000000FE1DF40A1879
0000000000000000000000000000000000000000000000000000EEFBFFC506A7
0000000000000000000000000000000000000000000000000000003CFC57F97E
00000000000000000000000000000000000000000000000000000EA1F728F821
0000000000000000000000000000000000000000000000000000FC0C00F30398
0000000000000000000000000000000000000000000000000000FE27F54C0514
000000000000000000000000000000000000000000000000000001BC02A1F994
000000000000000000000000000000000000000000000000000001D9F69804B1
0000000000000000000000000000000000000000000000000000FF0FFA570B80
000000000000000000000000000000000000000000000000000005EB0088FC7F
00000000000000000000000000000000000000000000000000000F84F04B058F
000000000000000000000000000000000000000000000000000000C4FE8D004F
0000000000000000000000000000000000000000000000000000FD78030507AE
00000000000000000000000000000000000000000000000000000495FB4B0CF0
0000000000000000000000000000000000000000000000000000022F00E0FB20
0000000000000000000000000000000000000000000000000000FEC50D6004CB
0000000000000000000000000000000000000000000000000000F73501F90239
0000000000000000000000000000000000000000000000000000095005770827
000000000000000000000000000000000000000000000000000009D2F57DFDF9
0000000000000000000000000000000000000000000000000000FA7317E6F0AE
0000000000000000000000000000000000000000000000000000F82A06FAFBD4
0000000000000000000000000000000000000000000000000000F78EF85BF083
00000000000000000000000000000000000000000000000000001322F1D70D1D
0000000000000000000000000000000000000000000000000000FA25ECB4098B
0000000000000000000000000000000000000000000000000000F4C6F71FFE79
00000000000000000000000000000000000000000000000000000CBE029C08B7
0000000000000000000000000000000000000000000000000000F8BCFF9BF584
0000000000000000000000000000000000000000000000000000F0AB040C0113
00000000000000000000000000000000000000000000000000000063F83BFEF7
0000000000000000000000000000000000000000000000000000FDFEF602F3A7
0000000000000000000000000000000000000000000000000000F2000309F728
00000000000000000000000000000000000000000000000000000FCFFF1000E9
00000000000000000000000000000000000000000000000000000142FE9200DA
00000000000000000000000000000000000000000000000000000875056CFC83
0000000000000000000000000000000000000000000000000000F986F9EA02BE
0000000000000000000000000000000000000000000000000000FB62FAB10494
0000000000000000000000000000000000000000000000000000FAB4F1F2FDF4
0000000000000000000000000000000000000000000000000000FE89F7D7FEF4
0000000000000000000000000000000000000000000000000000FBD4F71902BE
00000000000000000000000000000000000000000000000000000A1DF403F6B8
0000000000000000000000000000000000000000000000000000FFE802A3F704
0000000000000000000000000000000000000000000000000000FF930C700613
0000000000000000000000000000000000000000000000000000FEC1FDCAF7D5
0000000000000000000000000000000000000000000000000000FB5AFC32FE14
0000000000000000000000000000000000000000000000000000FCA8F9FD03B0
000000000000000000000000000000000000000000000000000006E9FC8F073A
0000000000000000000000000000000000000000000000000000FFAF04A0006A
0000000000000000000000000000000000000000000000000000002400CFF605
000000000000000000000000000000000000000000000000000004B8F385F4CE
0000000000000000000000000000000000000000000000000000F78EFB600013
0000000000000000000000000000000000000000000000000000F13A0937FECD
00000000000000000000000000000000000000000000000000000822FD75FB05
0000000000000000000000000000000000000000000000000000105401E0FDAA
000000000000000000000000000000000000000000000000000004D701A30797
00000000000000000000000000000000000000000000000000000B44024F05D5
000000000000000000000000000000000000000000000000000004E303F101D3
0000000000000000000000000000000000000000000000000000FC850DBC0B06
0000000000000000000000000000000000000000000000000000F9810349FBBB
000000000000000000000000000000000000000000000000000001970B2706FF
0000000000000000000000000000000000000000000000000000FF3B0095FC8A
